"user_id","birthdate","gender","married","has_children","home_country","home_city","home_airport","home_airport_lat","home_airport_lon","sign_up_date"
"23557","1958-12-08","F","true","false","usa","new york","LGA","40.777","-73.872","2021-07-22"
"94883","1972-03-16","F","true","false","usa","kansas city","MCI","39.297","-94.714","2022-02-07"
"101486","1972-12-07","F","true","true","usa","tacoma","TCM","47.138","-122.476","2022-02-17"
"101961","1980-09-14","F","true","false","usa","boston","BOS","42.364","-71.005","2022-02-17"
"106907","1978-11-17","F","true","true","usa","miami","TNT","25.862","-80.897","2022-02-24"
"118043","1972-05-04","F","false","true","usa","los angeles","LAX","33.942","-118.408","2022-03-10"
"120851","1972-09-25","F","true","true","usa","santa ana","SNA","33.676","-117.868","2022-03-13"
"125845","1983-12-01","F","true","false","usa","el paso","BIF","31.849","-106.38","2022-03-19"
"133058","2005-04-07","F","false","false","usa","austin","AUS","30.194","-97.67","2022-03-27"
"149058","1973-01-22","F","false","true","usa","birmingham","BHM","33.563","-86.753","2022-04-14"
"152583","1986-07-26","F","false","false","usa","colorado springs","COS","38.806","-104.7","2022-04-17"
"153982","1978-08-15","F","false","true","canada","toronto","YKZ","43.862","-79.37","2022-04-19"
"160754","1977-12-06","F","true","true","usa","new york","LGA","40.777","-73.872","2022-04-26"
"164522","1975-11-07","F","true","false","usa","kansas city","MCI","39.297","-94.714","2022-04-30"
"167852","2006-02-16","F","false","false","usa","tampa","MCF","27.849","-82.521","2022-05-03"
"171470","1999-09-14","F","false","false","usa","atlanta","ATL","33.64","-84.427","2022-05-06"
"174997","1991-11-01","F","false","false","usa","grand rapids","GRR","42.881","-85.523","2022-05-10"
"175032","1994-11-05","F","false","false","usa","houston","IAH","29.98","-95.34","2022-05-10"
"181157","1970-08-10","F","true","false","usa","houston","HOU","29.645","-95.279","2022-05-15"
"182191","2004-09-27","F","false","true","usa","phoenix","PHX","33.434","-112.008","2022-05-16"
"187212","1969-02-20","F","true","true","usa","los angeles","LAX","33.942","-118.408","2022-05-21"
"189676","1988-01-10","F","false","true","usa","fort worth","FTW","32.82","-97.362","2022-05-23"
"190866","1986-09-24","F","false","false","usa","tallahassee","TLH","30.396","-84.35","2022-05-24"
"195192","1995-09-20","F","false","false","usa","chicago","MDW","41.786","-87.752","2022-05-28"
"204943","1982-12-20","M","false","false","canada","ottawa","YOW","45.323","-75.669","2022-06-06"
"204997","1985-08-26","F","true","false","usa","kansas city","MCI","39.297","-94.714","2022-06-06"
"205044","1983-08-25","F","true","true","canada","toronto","YKZ","43.862","-79.37","2022-06-06"
"206011","1984-08-04","F","false","true","usa","kansas city","MCI","39.297","-94.714","2022-06-07"
"216796","2001-07-09","F","false","false","usa","cincinnati","CVG","39.046","-84.662","2022-06-16"
"217114","2004-05-28","O","true","true","usa","long beach","LGB","33.818","-118.151","2022-06-17"
"217136","1985-04-18","F","false","true","usa","little rock","LIT","34.729","-92.224","2022-06-17"
"220725","1983-07-28","F","false","false","usa","stockton","SCK","37.894","-121.239","2022-06-20"
"224996","1981-03-07","F","false","true","canada","halifax","YHZ","44.881","-63.509","2022-06-23"
"226367","1980-10-21","F","false","false","usa","washington","IAD","38.944","-77.456","2022-06-25"
"228195","1997-02-26","F","false","true","usa","los angeles","LAX","33.942","-118.408","2022-06-26"
"228872","1989-03-22","M","false","false","usa","san antonio","RND","29.529","-98.279","2022-06-27"
"229009","2006-08-27","F","false","false","usa","stockton","SCK","37.894","-121.239","2022-06-27"
"229108","1998-05-28","F","false","false","usa","burlington","BTV","44.472","-73.153","2022-06-27"
"229330","1976-11-08","F","true","false","usa","colorado springs","COS","38.806","-104.7","2022-06-27"
"232647","2006-04-11","F","false","false","usa","birmingham","BHM","33.563","-86.753","2022-06-30"
"249521","1964-07-23","F","true","true","canada","ottawa","YOW","45.323","-75.669","2022-07-15"
"252835","1986-01-20","F","false","true","usa","chicago","ORD","41.979","-87.904","2022-07-18"
"258451","2000-12-10","F","false","false","usa","miami","OPF","25.907","-80.278","2022-07-22"
"264470","1978-11-05","F","false","true","usa","bakersfield","BFL","35.433","-119.057","2022-07-27"
"276512","1982-08-27","F","true","true","usa","austin","AUS","30.194","-97.67","2022-08-06"
"281952","1987-01-23","F","false","false","usa","louisville","LOU","38.228","-85.664","2022-08-11"
"283325","1973-05-15","F","true","false","usa","dallas","DAL","32.847","-96.852","2022-08-12"
"290123","1983-04-08","F","true","false","usa","houston","HOU","29.645","-95.279","2022-08-18"
"297546","1972-12-05","F","true","false","usa","new york","JFK","40.64","-73.779","2022-08-24"
"298253","1977-08-01","F","true","true","usa","los angeles","LAX","33.942","-118.408","2022-08-24"
"299476","1985-05-19","F","true","false","usa","atlanta","ATL","33.64","-84.427","2022-08-25"
"306165","2003-04-13","F","false","false","usa","cleveland","CLE","41.412","-81.85","2022-08-31"
"306819","1964-04-02","F","true","true","usa","new york","JFK","40.64","-73.779","2022-09-01"
"312488","1993-06-27","M","true","false","usa","new york","JFK","40.64","-73.779","2022-09-05"
"313724","1972-05-13","F","false","false","usa","tulsa","TUL","36.198","-95.888","2022-09-06"
"316527","1982-07-17","F","true","true","canada","winnipeg","YWG","49.91","-97.234","2022-09-08"
"317688","1983-05-19","F","false","true","usa","indianapolis","IND","39.717","-86.294","2022-09-09"
"322867","1977-12-07","F","false","false","usa","mobile","BFM","30.626","-88.068","2022-09-14"
"324191","1984-05-27","F","false","false","usa","san diego","SAN","32.733","-117.189","2022-09-15"
"328590","1968-07-23","F","false","false","usa","san diego","NZY","32.699","-117.215","2022-09-18"
"330764","1985-02-06","F","false","false","usa","detroit","DET","42.409","-83.01","2022-09-20"
"330893","1980-12-16","F","true","true","usa","oklahoma city","OKC","35.393","-97.601","2022-09-20"
"331039","1979-08-02","F","true","true","canada","london","YXU","43.036","-81.154","2022-09-20"
"334787","1971-04-27","F","false","false","usa","minneapolis","MSP","44.88","-93.217","2022-09-23"
"337227","1989-06-25","F","true","false","usa","santa ana","SNA","33.676","-117.868","2022-09-25"
"338086","1983-12-13","F","false","true","usa","washington","IAD","38.944","-77.456","2022-09-25"
"340166","1973-05-17","M","true","true","usa","san francisco","SFO","37.619","-122.375","2022-09-27"
"343928","1959-01-26","F","true","false","usa","el paso","BIF","31.849","-106.38","2022-09-30"
"347778","1974-07-20","F","false","false","usa","las vegas","LSV","36.236","-115.034","2022-10-03"
"348817","1995-08-07","F","false","false","canada","calgary","YYC","51.114","-114.02","2022-10-04"
"348863","1957-01-13","F","true","false","usa","san antonio","SKF","29.384","-98.581","2022-10-04"
"349132","1975-06-17","F","false","false","usa","cincinnati","CVG","39.046","-84.662","2022-10-04"
"350648","2006-03-02","F","false","false","usa","lincoln","LNK","40.851","-96.759","2022-10-05"
"353271","1997-09-05","F","false","true","usa","milwaukee","MKE","42.947","-87.896","2022-10-07"
"353694","1984-06-17","F","false","true","usa","new york","LGA","40.777","-73.872","2022-10-07"
"354050","1974-05-28","F","false","false","usa","detroit","DET","42.409","-83.01","2022-10-07"
"354260","1974-09-27","F","false","false","usa","providence","PVD","41.724","-71.428","2022-10-07"
"354311","1978-07-12","F","true","false","usa","tucson","DMA","32.166","-110.883","2022-10-08"
"354950","1970-10-19","M","true","false","usa","amarillo","AMA","35.219","-101.706","2022-10-08"
"356046","1989-10-17","F","false","false","canada","ottawa","YOW","45.323","-75.669","2022-10-09"
"357737","1982-10-04","F","true","true","usa","san diego","SAN","32.733","-117.189","2022-10-10"
"359072","1972-12-09","F","true","true","canada","montreal","YUL","45.468","-73.741","2022-10-11"
"359080","1982-05-09","F","true","false","usa","new york","JFK","40.64","-73.779","2022-10-11"
"359653","1968-12-26","M","false","false","canada","victoria","YYJ","48.647","-123.426","2022-10-12"
"361459","1982-09-16","F","true","true","usa","houston","EFD","29.607","-95.159","2022-10-13"
"361759","1971-08-14","F","true","false","canada","winnipeg","YWG","49.91","-97.234","2022-10-13"
"363535","1993-05-15","F","false","false","usa","charlotte","CLT","35.214","-80.943","2022-10-14"
"365825","1979-05-10","F","false","false","usa","los angeles","LAX","33.942","-118.408","2022-10-16"
"371201","1996-01-16","M","false","true","usa","new york","JFK","40.64","-73.779","2022-10-20"
"372970","1990-04-01","F","false","false","usa","charlotte","CLT","35.214","-80.943","2022-10-21"
"373489","1986-12-08","F","true","true","usa","wichita","ICT","37.65","-97.433","2022-10-21"
"374331","1981-12-01","M","false","false","usa","milwaukee","MKE","42.947","-87.896","2022-10-22"
"374340","1989-06-26","F","true","false","usa","new york","LGA","40.777","-73.872","2022-10-22"
"374341","1998-07-15","F","false","false","usa","detroit","YIP","42.238","-83.53","2022-10-22"
"375160","2003-11-23","F","false","false","usa","houston","EFD","29.607","-95.159","2022-10-22"
"375729","1971-04-12","F","false","false","usa","atlanta","ATL","33.64","-84.427","2022-10-23"
"375751","1974-02-09","F","true","false","usa","cleveland","CLE","41.412","-81.85","2022-10-23"
"376159","1982-01-24","F","false","false","usa","long beach","LGB","33.818","-118.151","2022-10-23"
"377069","1956-03-06","F","true","false","usa","new york","LGA","40.777","-73.872","2022-10-24"
"377411","1986-05-24","F","true","false","canada","montreal","YMX","45.68","-74.039","2022-10-24"
"378565","1983-09-27","F","true","true","usa","nashville","BNA","36.124","-86.678","2022-10-25"
"379543","1968-01-06","F","true","false","usa","san jose","SJC","37.362","-121.929","2022-10-25"
"380434","1974-07-02","F","true","true","usa","oklahoma city","TIK","35.415","-97.386","2022-10-26"
"380436","1979-11-04","F","false","false","usa","new york","LGA","40.777","-73.872","2022-10-26"
"380757","1977-12-19","F","false","true","usa","los angeles","LAX","33.942","-118.408","2022-10-26"
"380874","1970-02-17","F","true","false","usa","louisville","LOU","38.228","-85.664","2022-10-26"
"380949","1978-02-03","F","false","false","usa","san antonio","SAT","29.534","-98.47","2022-10-26"
"381259","2002-12-04","F","false","true","usa","san diego","SAN","32.733","-117.189","2022-10-26"
"381465","1990-07-19","F","false","false","usa","san antonio","SAT","29.534","-98.47","2022-10-26"
"382181","1987-12-26","F","true","false","canada","halifax","YHZ","44.881","-63.509","2022-10-27"
"382384","1967-06-15","F","true","false","usa","st. petersburg","PIE","27.911","-82.687","2022-10-27"
"382533","2006-04-14","F","false","false","usa","long beach","LGB","33.818","-118.151","2022-10-27"
"385689","1974-10-08","F","false","true","usa","nashville","BNA","36.124","-86.678","2022-10-29"
"386255","1992-04-05","F","false","true","usa","mobile","BFM","30.626","-88.068","2022-10-30"
"386469","2006-10-16","F","false","false","usa","stockton","SCK","37.894","-121.239","2022-10-30"
"386914","1977-12-08","F","true","true","canada","hamilton","YHM","43.173","-79.935","2022-10-30"
"387282","1993-12-18","F","false","true","usa","amarillo","AMA","35.219","-101.706","2022-10-30"
"387783","1970-08-23","M","true","true","usa","oakland","OAK","37.721","-122.221","2022-10-31"
"388328","1973-11-28","F","true","true","canada","toronto","YYZ","43.677","-79.631","2022-10-31"
"388767","1979-09-13","F","true","true","usa","tallahassee","TLH","30.396","-84.35","2022-10-31"
"388947","1983-11-06","M","false","false","usa","new york","LGA","40.777","-73.872","2022-10-31"
"389434","1982-05-03","F","false","false","usa","new york","LGA","40.777","-73.872","2022-11-01"
"389662","1985-08-09","F","false","false","usa","fresno","FAT","36.776","-119.718","2022-11-01"
"389759","1991-06-02","F","false","true","usa","anchorage","ANC","61.174","-149.996","2022-11-01"
"390811","1983-07-26","F","false","false","usa","los angeles","LAX","33.942","-118.408","2022-11-01"
"392453","1966-06-11","F","false","false","usa","el paso","ELP","31.807","-106.378","2022-11-02"
"395202","1997-09-27","F","false","false","usa","san jose","SJC","37.362","-121.929","2022-11-04"
"395981","1972-08-17","F","true","false","canada","vancouver","YVR","49.195","-123.182","2022-11-04"
"396552","1979-01-06","F","true","false","canada","london","YXU","43.036","-81.154","2022-11-05"
"399137","1970-08-24","F","true","false","usa","dallas","DAL","32.847","-96.852","2022-11-07"
"399218","1980-05-25","F","true","true","usa","fort worth","FTW","32.82","-97.362","2022-11-07"
"399799","1969-03-07","F","true","false","canada","toronto","YTZ","43.627","-79.396","2022-11-07"
"400275","1968-05-27","F","true","true","usa","phoenix","LUF","33.535","-112.383","2022-11-07"
"400582","1991-12-21","F","true","false","usa","chicago","ORD","41.979","-87.904","2022-11-07"
"400899","1978-09-18","F","true","false","canada","quebec","YQB","46.788","-71.398","2022-11-08"
"401245","1996-01-15","F","false","false","usa","omaha","OFF","41.118","-95.913","2022-11-08"
"402332","1992-01-10","F","false","false","usa","sacramento","MCC","38.667","-121.401","2022-11-08"
"402978","1972-08-02","F","true","false","usa","milwaukee","MKE","42.947","-87.896","2022-11-09"
"403881","1980-04-03","F","false","false","usa","san diego","NZY","32.699","-117.215","2022-11-09"
"404879","1985-06-18","F","true","false","usa","newark","EWR","40.692","-74.169","2022-11-10"
"405305","1979-01-18","F","true","true","usa","san francisco","SFO","37.619","-122.375","2022-11-10"
"406210","2002-12-02","F","false","true","usa","anchorage","ANC","61.174","-149.996","2022-11-11"
"407118","1971-12-26","F","true","false","usa","new york","JFK","40.64","-73.779","2022-11-11"
"407250","1987-07-25","F","false","false","usa","laredo","LRD","27.544","-99.461","2022-11-11"
"407275","1982-03-28","F","false","false","usa","philadelphia","PNE","40.082","-75.011","2022-11-11"
"407434","1971-09-09","F","true","true","canada","halifax","YAW","44.64","-63.499","2022-11-11"
"407642","1994-09-22","F","false","false","canada","hamilton","YHM","43.173","-79.935","2022-11-11"
"408551","1980-10-24","F","true","true","usa","chicago","UGN","42.422","-87.868","2022-11-12"
"409073","1981-09-06","F","true","false","usa","sacramento","MCC","38.667","-121.401","2022-11-12"
"411179","1972-11-19","F","false","false","usa","san jose","SJC","37.362","-121.929","2022-11-14"
"411701","1983-12-14","F","false","false","canada","calgary","YYC","51.114","-114.02","2022-11-14"
"413128","1995-01-02","F","false","false","canada","hamilton","YHM","43.173","-79.935","2022-11-15"
"413340","1976-09-06","F","true","true","usa","nashville","BNA","36.124","-86.678","2022-11-15"
"413418","1969-09-04","F","false","false","usa","knoxville","TYS","35.812","-83.993","2022-11-15"
"413658","1972-09-04","F","true","true","usa","philadelphia","PNE","40.082","-75.011","2022-11-15"
"414128","1996-06-25","F","false","false","usa","seattle","BFI","47.53","-122.302","2022-11-15"
"415282","1982-05-19","F","true","true","usa","portland","PWM","43.646","-70.309","2022-11-16"
"415381","1978-03-13","F","true","false","usa","chicago","UGN","42.422","-87.868","2022-11-16"
"415581","1981-12-11","F","true","false","usa","new york","JFK","40.64","-73.779","2022-11-16"
"416319","1969-01-02","F","true","false","usa","new york","LGA","40.777","-73.872","2022-11-16"
"416580","1980-08-08","F","false","false","usa","fort worth","FTW","32.82","-97.362","2022-11-16"
"417679","1986-11-15","F","false","false","usa","new york","LGA","40.777","-73.872","2022-11-17"
"418329","1974-09-14","M","false","true","usa","detroit","DET","42.409","-83.01","2022-11-17"
"418488","1985-11-16","F","true","false","canada","toronto","YYZ","43.677","-79.631","2022-11-17"
"418692","1984-10-09","F","false","false","usa","fort worth","FTW","32.82","-97.362","2022-11-17"
"420648","1971-06-21","F","true","true","usa","portland","PDX","45.589","-122.597","2022-11-18"
"420669","1973-02-04","F","true","true","canada","calgary","YYC","51.114","-114.02","2022-11-18"
"421247","1981-12-20","F","true","true","usa","memphis","MEM","35.042","-89.977","2022-11-19"
"421515","1992-12-03","F","false","false","canada","winnipeg","YAV","50.056","-97.032","2022-11-19"
"421666","1994-05-02","F","false","true","usa","washington","IAD","38.944","-77.456","2022-11-19"
"421700","1983-06-02","F","false","true","usa","richmond","RIC","37.505","-77.319","2022-11-19"
"421870","1994-06-25","M","true","true","usa","little rock","LIT","34.729","-92.224","2022-11-19"
"422066","1968-09-22","F","true","true","usa","cincinnati","CVG","39.046","-84.662","2022-11-19"
"422668","2006-05-18","F","false","false","usa","houston","HOU","29.645","-95.279","2022-11-20"
"423042","1981-07-10","F","false","true","canada","ottawa","YOW","45.323","-75.669","2022-11-20"
"423413","2006-06-27","F","false","false","usa","new york","LGA","40.777","-73.872","2022-11-20"
"424553","1975-01-14","F","true","false","usa","oklahoma city","TIK","35.415","-97.386","2022-11-21"
"425632","1978-10-14","F","true","false","usa","tampa","MCF","27.849","-82.521","2022-11-21"
"425653","2004-01-07","M","false","true","usa","portland","PDX","45.589","-122.597","2022-11-21"
"425953","1986-04-24","F","true","false","usa","nashville","BNA","36.124","-86.678","2022-11-22"
"425966","1968-02-05","F","true","false","usa","las vegas","LAS","36.08","-115.152","2022-11-22"
"426478","1998-08-23","F","false","false","canada","hamilton","YHM","43.173","-79.935","2022-11-22"
"427426","1987-09-04","F","false","false","usa","san diego","SAN","32.733","-117.189","2022-11-22"
"427506","1969-06-07","F","true","true","usa","norfolk","ORF","36.894","-76.201","2022-11-22"
"428056","1986-10-21","M","false","false","canada","vancouver","YVR","49.195","-123.182","2022-11-23"
"428552","1987-03-04","F","true","false","usa","new york","LGA","40.777","-73.872","2022-11-23"
"428858","2003-03-13","F","false","false","usa","san diego","NZY","32.699","-117.215","2022-11-23"
"429345","1958-02-05","M","true","true","usa","tallahassee","TLH","30.396","-84.35","2022-11-23"
"429375","1990-04-18","F","false","false","usa","new york","LGA","40.777","-73.872","2022-11-23"
"430722","1995-11-11","M","false","false","usa","mobile","BFM","30.626","-88.068","2022-11-24"
"431144","1972-10-22","F","true","false","usa","cincinnati","CVG","39.046","-84.662","2022-11-24"
"431337","1986-04-12","F","false","false","usa","miami","MIA","25.793","-80.291","2022-11-24"
"431602","1987-02-25","F","false","false","usa","tacoma","TCM","47.138","-122.476","2022-11-25"
"431746","1983-08-10","F","false","false","usa","des moines","DSM","41.534","-93.663","2022-11-25"
"431899","1980-04-23","F","true","false","usa","seattle","SEA","47.449","-122.309","2022-11-25"
"431912","1988-08-27","F","false","true","usa","detroit","DET","42.409","-83.01","2022-11-25"
"432333","1974-06-23","F","true","true","usa","milwaukee","MKE","42.947","-87.896","2022-11-25"
"432637","1987-05-27","F","false","true","usa","san antonio","SAT","29.534","-98.47","2022-11-25"
"432941","1983-07-18","F","false","false","usa","anchorage","MRI","61.214","-149.846","2022-11-25"
"433080","1980-02-18","F","true","false","usa","colorado springs","COS","38.806","-104.7","2022-11-26"
"433339","1998-06-10","F","false","true","usa","detroit","DET","42.409","-83.01","2022-11-26"
"433905","1998-05-26","F","false","false","usa","new york","LGA","40.777","-73.872","2022-11-26"
"434238","1973-11-28","F","true","true","usa","indianapolis","IND","39.717","-86.294","2022-11-26"
"434623","1989-07-20","F","false","false","canada","montreal","YHU","45.517","-73.417","2022-11-26"
"435231","1993-11-24","F","false","false","canada","toronto","YZD","43.742","-79.466","2022-11-27"
"435596","1970-11-28","F","false","false","usa","houston","EFD","29.607","-95.159","2022-11-27"
"435669","1979-07-26","F","false","true","usa","tampa","MCF","27.849","-82.521","2022-11-27"
"435837","1972-08-16","F","false","false","usa","new orleans","MSY","29.993","-90.258","2022-11-27"
"435882","1972-11-19","F","true","false","usa","washington","DCA","38.852","-77.037","2022-11-27"
"436320","1974-08-09","F","true","true","usa","milwaukee","MKE","42.947","-87.896","2022-11-27"
"436894","1982-04-26","F","true","false","usa","louisville","LOU","38.228","-85.664","2022-11-28"
"437069","1981-02-02","F","false","false","usa","tucson","DMA","32.166","-110.883","2022-11-28"
"437162","1993-07-23","F","false","false","usa","madison","MSN","43.14","-89.337","2022-11-28"
"437251","1980-09-28","F","false","false","canada","london","YXU","43.036","-81.154","2022-11-28"
"437539","1978-03-02","F","false","false","usa","nashville","BNA","36.124","-86.678","2022-11-28"
"437549","1984-05-13","F","false","false","usa","new orleans","NBG","29.825","-90.035","2022-11-28"
"438189","1987-10-07","F","true","false","usa","fort worth","FTW","32.82","-97.362","2022-11-28"
"438406","1980-10-11","F","false","false","usa","los angeles","LAX","33.942","-118.408","2022-11-28"
"438551","1987-08-04","F","true","true","usa","charlotte","CLT","35.214","-80.943","2022-11-29"
"438596","1999-12-13","F","false","false","usa","oklahoma city","OKC","35.393","-97.601","2022-11-29"
"438839","1974-05-09","F","false","true","usa","new york","JFK","40.64","-73.779","2022-11-29"
"438937","1986-08-28","F","false","false","usa","sacramento","SMF","38.695","-121.591","2022-11-29"
"438985","1994-03-18","F","false","false","usa","new york","JFK","40.64","-73.779","2022-11-29"
"438995","2000-05-17","F","false","false","usa","tallahassee","TLH","30.396","-84.35","2022-11-29"
"439052","1972-04-26","F","true","false","usa","richmond","RIC","37.505","-77.319","2022-11-29"
"439120","1985-07-23","M","true","false","usa","tulsa","TUL","36.198","-95.888","2022-11-29"
"439363","1972-07-03","F","false","false","usa","fort worth","FTW","32.82","-97.362","2022-11-29"
"440212","1984-12-08","F","true","true","usa","winston-salem","INT","36.134","-80.222","2022-11-29"
"440655","1993-01-27","F","false","true","canada","toronto","YYZ","43.677","-79.631","2022-11-30"
"441200","1988-07-06","F","false","true","canada","ottawa","YOW","45.323","-75.669","2022-11-30"
"441205","1977-06-12","F","true","true","usa","san antonio","RND","29.529","-98.279","2022-11-30"
"441448","1995-07-08","F","false","true","usa","san antonio","SKF","29.384","-98.581","2022-11-30"
"441457","1965-02-18","F","true","false","usa","washington","DCA","38.852","-77.037","2022-11-30"
"441982","1976-11-26","F","false","false","usa","new york","JFK","40.64","-73.779","2022-11-30"
"442484","1980-09-28","F","true","false","usa","houston","EFD","29.607","-95.159","2022-12-01"
"442718","1975-06-05","F","true","true","usa","new york","JFK","40.64","-73.779","2022-12-01"
"442812","1969-02-24","F","true","true","usa","boston","BOS","42.364","-71.005","2022-12-01"
"442819","1952-08-07","F","true","false","canada","ottawa","YOW","45.323","-75.669","2022-12-01"
"442833","1984-09-21","F","true","false","canada","calgary","YYC","51.114","-114.02","2022-12-01"
"443305","2002-10-27","F","false","false","usa","chicago","ORD","41.979","-87.904","2022-12-01"
"443453","1987-06-26","F","false","false","usa","seattle","BFI","47.53","-122.302","2022-12-01"
"443598","1980-10-17","F","false","false","usa","honolulu","HNL","21.316","-157.927","2022-12-01"
"443652","1993-10-18","F","false","false","usa","seattle","SEA","47.449","-122.309","2022-12-01"
"444387","1978-05-06","F","true","false","usa","cincinnati","LUK","39.103","-84.419","2022-12-02"
"444885","1991-04-20","F","true","false","usa","amarillo","AMA","35.219","-101.706","2022-12-02"
"445351","1970-11-14","F","true","true","usa","des moines","DSM","41.534","-93.663","2022-12-02"
"445515","1984-03-05","F","false","false","canada","toronto","YZD","43.742","-79.466","2022-12-02"
"446124","1978-12-26","F","false","false","usa","new york","LGA","40.777","-73.872","2022-12-02"
"446138","1984-10-02","F","true","false","usa","houston","IAH","29.98","-95.34","2022-12-02"
"446473","1975-06-13","F","true","false","usa","san diego","NZY","32.699","-117.215","2022-12-03"
"446933","1976-12-06","M","false","false","canada","toronto","YTZ","43.627","-79.396","2022-12-03"
"447053","1986-08-27","F","false","true","usa","riverside","RAL","33.952","-117.445","2022-12-03"
"447591","2001-09-25","M","false","false","canada","winnipeg","YWG","49.91","-97.234","2022-12-03"
"447737","1981-12-25","F","false","false","canada","calgary","YYC","51.114","-114.02","2022-12-03"
"447951","1981-09-21","F","false","false","usa","columbus","LCK","39.814","-82.928","2022-12-03"
"448025","1994-09-27","F","false","false","canada","montreal","YHU","45.517","-73.417","2022-12-03"
"448154","1968-07-26","F","false","false","usa","los angeles","LAX","33.942","-118.408","2022-12-04"
"448295","1972-09-19","M","true","false","usa","lubbock","LBB","33.664","-101.823","2022-12-04"
"448467","1986-02-03","F","false","false","canada","halifax","YAW","44.64","-63.499","2022-12-04"
"448564","1975-01-18","F","false","false","usa","colorado springs","COS","38.806","-104.7","2022-12-04"
"449033","1983-01-27","F","false","false","usa","san diego","NZY","32.699","-117.215","2022-12-04"
"449326","1985-04-09","F","false","false","canada","halifax","YAW","44.64","-63.499","2022-12-04"
"449619","1988-10-08","F","false","false","usa","cleveland","CLE","41.412","-81.85","2022-12-04"
"449804","1982-06-23","F","true","false","usa","tacoma","TCM","47.138","-122.476","2022-12-04"
"449980","2006-01-25","F","false","false","canada","winnipeg","YAV","50.056","-97.032","2022-12-05"
"450164","1987-02-03","F","true","false","usa","phoenix","PHX","33.434","-112.008","2022-12-05"
"450193","1989-03-08","F","false","false","canada","montreal","YUL","45.468","-73.741","2022-12-05"
"450305","1984-12-23","F","false","false","usa","fayetteville","FYV","36.005","-94.17","2022-12-05"
"450615","1979-12-11","F","false","false","usa","kansas city","MCI","39.297","-94.714","2022-12-05"
"451291","1969-10-02","F","true","false","usa","st. louis","STL","38.748","-90.36","2022-12-05"
"451674","1999-11-20","F","false","true","usa","san francisco","SFO","37.619","-122.375","2022-12-05"
"452034","1974-07-25","F","false","false","usa","cleveland","CLE","41.412","-81.85","2022-12-06"
"452532","1991-06-05","F","false","false","usa","el paso","ELP","31.807","-106.378","2022-12-06"
"452594","1980-01-14","F","false","true","usa","las vegas","LSV","36.236","-115.034","2022-12-06"
"452612","1981-05-05","F","true","true","usa","rochester","ROC","43.119","-77.672","2022-12-06"
"453143","1978-03-12","F","false","false","usa","houston","HOU","29.645","-95.279","2022-12-06"
"453168","1977-11-23","F","true","false","usa","new york","LGA","40.777","-73.872","2022-12-06"
"454264","1975-01-07","F","false","true","usa","new york","JFK","40.64","-73.779","2022-12-07"
"454430","1985-11-18","F","true","false","canada","vancouver","YVR","49.195","-123.182","2022-12-07"
"454616","1979-05-23","F","true","false","usa","los angeles","LAX","33.942","-118.408","2022-12-07"
"454661","1978-04-24","F","false","false","usa","louisville","LOU","38.228","-85.664","2022-12-07"
"454920","1985-12-25","F","true","false","usa","new york","LGA","40.777","-73.872","2022-12-07"
"454934","1982-01-04","F","true","false","usa","tacoma","TCM","47.138","-122.476","2022-12-07"
"454955","1973-04-13","F","true","false","usa","san diego","NZY","32.699","-117.215","2022-12-07"
"456226","1976-02-08","F","false","false","usa","houston","IAH","29.98","-95.34","2022-12-08"
"456318","1993-11-22","F","false","false","usa","los angeles","LAX","33.942","-118.408","2022-12-08"
"456663","1986-08-03","F","true","true","usa","new york","LGA","40.777","-73.872","2022-12-08"
"456671","1986-05-02","F","false","false","usa","san antonio","SAT","29.534","-98.47","2022-12-08"
"457468","1983-08-12","F","true","false","usa","phoenix","LUF","33.535","-112.383","2022-12-08"
"457599","1984-11-13","F","true","false","usa","columbus","LCK","39.814","-82.928","2022-12-08"
"457967","2003-07-08","F","false","false","usa","colorado springs","COS","38.806","-104.7","2022-12-09"
"458479","1978-12-08","F","false","false","usa","chicago","UGN","42.422","-87.868","2022-12-09"
"458688","1981-02-09","F","false","false","usa","cleveland","CLE","41.412","-81.85","2022-12-09"
"458725","2006-09-06","F","false","false","usa","montgomery","MXF","32.379","-86.362","2022-12-09"
"458762","1984-05-04","F","true","true","canada","montreal","YHU","45.517","-73.417","2022-12-09"
"458814","1991-10-28","F","false","false","usa","oklahoma city","OKC","35.393","-97.601","2022-12-09"
"458855","1993-11-26","F","true","true","usa","tucson","TUS","32.116","-110.941","2022-12-09"
"458919","1987-07-14","F","false","false","usa","fresno","FAT","36.776","-119.718","2022-12-09"
"459229","1982-06-20","F","true","false","usa","new york","LGA","40.777","-73.872","2022-12-09"
"459486","1995-07-14","F","false","false","usa","st. petersburg","SPG","27.765","-82.627","2022-12-09"
"459645","1994-01-17","F","false","false","usa","wichita","ICT","37.65","-97.433","2022-12-09"
"460072","1974-12-26","M","false","false","usa","kansas city","MCI","39.297","-94.714","2022-12-10"
"460181","1958-06-26","F","true","false","usa","st. louis","STL","38.748","-90.36","2022-12-10"
"460553","1969-06-09","F","true","true","usa","laredo","LRD","27.544","-99.461","2022-12-10"
"460625","1977-10-22","F","true","true","usa","baltimore","BWI","39.175","-76.668","2022-12-10"
"461559","1991-10-27","F","false","false","canada","victoria","YYJ","48.647","-123.426","2022-12-10"
"461744","1993-07-19","F","false","false","usa","new york","LGA","40.777","-73.872","2022-12-11"
"461791","1973-11-05","F","true","true","usa","boston","BOS","42.364","-71.005","2022-12-11"
"462127","1983-05-01","F","true","false","usa","houston","HOU","29.645","-95.279","2022-12-11"
"462456","1983-12-20","F","false","true","canada","toronto","YKZ","43.862","-79.37","2022-12-11"
"462894","1972-12-06","F","false","false","usa","columbus","LCK","39.814","-82.928","2022-12-11"
"463652","1986-04-23","F","true","false","canada","montreal","YHU","45.517","-73.417","2022-12-12"
"463698","1986-10-19","F","false","false","usa","atlanta","ATL","33.64","-84.427","2022-12-12"
"463783","1973-12-14","F","false","false","usa","st. louis","STL","38.748","-90.36","2022-12-12"
"463867","1992-11-14","F","false","false","usa","detroit","DTW","42.212","-83.353","2022-12-12"
"463910","1980-06-11","F","false","false","usa","phoenix","PHX","33.434","-112.008","2022-12-12"
"464080","1953-05-27","F","true","false","canada","quebec","YQB","46.788","-71.398","2022-12-12"
"464160","1975-04-15","F","true","true","usa","los angeles","LAX","33.942","-118.408","2022-12-12"
"464239","1975-01-18","F","false","false","usa","columbus","CMH","39.998","-82.892","2022-12-12"
"464542","1999-06-01","F","false","true","canada","toronto","YZD","43.742","-79.466","2022-12-12"
"464597","1964-12-03","F","true","true","usa","richmond","RIC","37.505","-77.319","2022-12-12"
"464614","1986-05-14","F","false","false","canada","calgary","YYC","51.114","-114.02","2022-12-12"
"464673","1974-07-12","M","true","true","usa","louisville","LOU","38.228","-85.664","2022-12-12"
"464782","1976-06-07","F","true","true","usa","boston","BOS","42.364","-71.005","2022-12-12"
"464855","1995-07-18","F","false","true","canada","victoria","YYJ","48.647","-123.426","2022-12-12"
"465138","1986-12-15","F","false","false","usa","birmingham","BHM","33.563","-86.753","2022-12-12"
"465343","1971-07-12","F","true","true","usa","los angeles","LAX","33.942","-118.408","2022-12-12"
"465531","1990-03-25","F","true","false","usa","newark","EWR","40.692","-74.169","2022-12-12"
"465568","1974-06-22","F","true","true","usa","el paso","BIF","31.849","-106.38","2022-12-12"
"465731","1968-01-13","F","false","false","usa","phoenix","LUF","33.535","-112.383","2022-12-13"
"466205","1985-02-28","F","true","true","usa","new york","LGA","40.777","-73.872","2022-12-13"
"466342","2006-11-28","M","false","false","canada","montreal","YUL","45.468","-73.741","2022-12-13"
"466723","1984-05-17","F","true","false","usa","louisville","LOU","38.228","-85.664","2022-12-13"
"467007","1975-02-20","M","true","true","usa","riverside","RAL","33.952","-117.445","2022-12-13"
"467092","2006-04-07","F","false","true","usa","los angeles","LAX","33.942","-118.408","2022-12-13"
"467339","1981-06-20","F","false","true","usa","san diego","SAN","32.733","-117.189","2022-12-13"
"467809","1977-04-21","F","false","true","usa","reno","RNO","39.498","-119.768","2022-12-14"
"467892","1992-07-17","F","false","false","usa","new york","JFK","40.64","-73.779","2022-12-14"
"468106","1979-01-06","F","false","false","usa","new york","LGA","40.777","-73.872","2022-12-14"
"468370","1990-12-27","F","false","false","usa","philadelphia","PHL","39.872","-75.241","2022-12-14"
"468409","1974-08-10","F","true","false","usa","jacksonville","NZC","30.219","-81.876","2022-12-14"
"468666","1981-07-27","F","false","true","usa","richmond","RIC","37.505","-77.319","2022-12-14"
"468801","1980-04-16","F","true","true","usa","dallas","DAL","32.847","-96.852","2022-12-14"
"468808","1978-06-13","F","false","true","canada","windsor","YQG","42.276","-82.956","2022-12-14"
"468832","1986-08-17","F","true","false","canada","montreal","YMX","45.68","-74.039","2022-12-14"
"469237","2006-08-15","F","false","true","usa","new york","LGA","40.777","-73.872","2022-12-14"
"469418","1998-10-27","F","true","true","usa","san francisco","SFO","37.619","-122.375","2022-12-14"
"469440","1979-10-20","F","true","true","usa","los angeles","LAX","33.942","-118.408","2022-12-14"
"469464","1977-11-16","F","true","false","usa","mobile","BFM","30.626","-88.068","2022-12-14"
"469699","1969-08-04","F","true","true","usa","new york","LGA","40.777","-73.872","2022-12-15"
"469767","1976-01-22","F","true","false","usa","new york","JFK","40.64","-73.779","2022-12-15"
"469824","1972-08-24","F","false","false","usa","los angeles","LAX","33.942","-118.408","2022-12-15"
"471077","1967-03-28","F","true","false","usa","louisville","LOU","38.228","-85.664","2022-12-15"
"471161","1983-05-25","F","false","false","usa","houston","EFD","29.607","-95.159","2022-12-15"
"471186","1974-04-10","F","true","false","usa","los angeles","LAX","33.942","-118.408","2022-12-15"
"471500","1997-07-27","F","false","true","usa","houston","IAH","29.98","-95.34","2022-12-15"
"471565","1993-11-13","F","false","true","usa","nashville","BNA","36.124","-86.678","2022-12-15"
"471649","1976-07-26","F","true","true","usa","fort worth","FTW","32.82","-97.362","2022-12-16"
"471687","1983-04-07","F","true","false","usa","los angeles","LAX","33.942","-118.408","2022-12-16"
"471717","1978-04-10","F","true","true","usa","phoenix","LUF","33.535","-112.383","2022-12-16"
"471935","1976-03-11","F","true","false","usa","laredo","LRD","27.544","-99.461","2022-12-16"
"471946","1979-04-07","F","true","true","usa","santa ana","SNA","33.676","-117.868","2022-12-16"
"471973","1987-11-28","F","false","true","usa","sacramento","MHR","38.554","-121.297","2022-12-16"
"472394","1981-11-09","F","false","false","usa","tucson","TUS","32.116","-110.941","2022-12-16"
"472446","2006-10-01","F","false","false","canada","toronto","YZD","43.742","-79.466","2022-12-16"
"472614","1984-10-11","F","false","false","canada","toronto","YYZ","43.677","-79.631","2022-12-16"
"472713","1983-03-23","F","true","true","usa","nashville","BNA","36.124","-86.678","2022-12-16"
"472785","1978-04-02","M","false","false","canada","toronto","YZD","43.742","-79.466","2022-12-16"
"472966","1987-05-08","F","true","false","usa","oakland","OAK","37.721","-122.221","2022-12-16"
"473332","1974-03-27","F","true","false","usa","los angeles","LAX","33.942","-118.408","2022-12-16"
"473343","1976-01-22","F","true","false","usa","kansas city","MCI","39.297","-94.714","2022-12-16"
"473402","1982-01-10","F","true","false","usa","los angeles","LAX","33.942","-118.408","2022-12-16"
"473467","1981-01-26","F","true","false","usa","austin","AUS","30.194","-97.67","2022-12-17"
"473568","1974-11-14","F","true","true","usa","new york","JFK","40.64","-73.779","2022-12-17"
"473712","1978-07-15","F","false","false","usa","chicago","ORD","41.979","-87.904","2022-12-17"
"473847","1992-08-04","F","false","true","usa","chicago","MDW","41.786","-87.752","2022-12-17"
"474007","2006-05-13","F","false","false","usa","chicago","ORD","41.979","-87.904","2022-12-17"
"474120","1980-11-17","M","false","true","canada","quebec","YQB","46.788","-71.398","2022-12-17"
"474239","1998-11-22","F","true","true","usa","el paso","BIF","31.849","-106.38","2022-12-17"
"474261","1990-05-04","F","false","false","canada","toronto","YZD","43.742","-79.466","2022-12-17"
"474278","1999-05-12","F","false","false","usa","portland","PWM","43.646","-70.309","2022-12-17"
"474384","1982-08-27","F","true","false","usa","indianapolis","IND","39.717","-86.294","2022-12-17"
"474464","1967-04-18","F","true","false","usa","new york","LGA","40.777","-73.872","2022-12-17"
"474546","1971-04-25","F","true","false","usa","memphis","MEM","35.042","-89.977","2022-12-17"
"474951","1986-10-24","F","false","false","usa","jacksonville","NIP","30.236","-81.681","2022-12-17"
"474980","1983-05-02","F","true","false","usa","columbus","CMH","39.998","-82.892","2022-12-17"
"475060","1992-11-08","F","false","false","usa","new york","LGA","40.777","-73.872","2022-12-17"
"475130","1977-12-06","F","true","true","usa","milwaukee","MKE","42.947","-87.896","2022-12-17"
"475467","1988-08-09","F","false","false","usa","san antonio","SAT","29.534","-98.47","2022-12-17"
"475531","1986-04-26","F","false","false","usa","detroit","YIP","42.238","-83.53","2022-12-17"
"476081","1967-06-14","F","true","true","usa","el paso","BIF","31.849","-106.38","2022-12-18"
"476104","1974-01-04","F","false","true","usa","san jose","SJC","37.362","-121.929","2022-12-18"
"476124","1989-04-17","F","false","false","canada","edmonton","YED","53.667","-113.467","2022-12-18"
"476173","2000-05-10","F","false","false","usa","amarillo","AMA","35.219","-101.706","2022-12-18"
"476270","1973-05-09","M","false","false","canada","edmonton","YXD","53.573","-113.521","2022-12-18"
"476393","1972-07-10","F","true","false","canada","calgary","YYC","51.114","-114.02","2022-12-18"
"476436","1982-05-18","F","true","true","usa","dallas","DAL","32.847","-96.852","2022-12-18"
"476535","1975-08-19","F","false","true","canada","vancouver","YVR","49.195","-123.182","2022-12-18"
"476665","1985-05-25","F","true","false","usa","detroit","DET","42.409","-83.01","2022-12-18"
"476693","1987-03-28","F","false","false","usa","los angeles","LAX","33.942","-118.408","2022-12-18"
"476714","1979-08-15","F","false","false","usa","columbus","CMH","39.998","-82.892","2022-12-18"
"476742","1975-07-28","M","false","true","usa","orlando","ORL","28.545","-81.333","2022-12-18"
"476916","1991-02-14","F","false","true","usa","louisville","LOU","38.228","-85.664","2022-12-18"
"476956","1996-04-16","F","false","false","canada","montreal","YUL","45.468","-73.741","2022-12-18"
"477285","1972-05-01","F","true","false","usa","akron","AKR","41.038","-81.467","2022-12-18"
"477316","1985-06-15","F","false","false","usa","new york","LGA","40.777","-73.872","2022-12-18"
"477597","1976-09-08","F","true","true","usa","san diego","SAN","32.733","-117.189","2022-12-19"
"477730","1978-11-01","F","false","false","usa","san diego","SAN","32.733","-117.189","2022-12-19"
"477805","1990-11-05","F","false","false","usa","nashville","BNA","36.124","-86.678","2022-12-19"
"478003","1970-02-18","M","true","false","usa","cleveland","CLE","41.412","-81.85","2022-12-19"
"478146","1975-01-16","F","true","false","usa","dallas","DAL","32.847","-96.852","2022-12-19"
"478188","1994-08-15","M","false","false","usa","denver","DEN","39.858","-104.667","2022-12-19"
"478228","1997-01-12","M","true","false","canada","halifax","YAW","44.64","-63.499","2022-12-19"
"478291","1977-04-24","F","true","true","usa","new york","LGA","40.777","-73.872","2022-12-19"
"478533","1976-04-05","F","true","false","usa","phoenix","PHX","33.434","-112.008","2022-12-19"
"478585","1977-09-28","F","false","false","usa","los angeles","LAX","33.942","-118.408","2022-12-19"
"478760","2003-03-22","F","false","false","usa","new york","JFK","40.64","-73.779","2022-12-19"
"478801","1974-07-13","F","true","false","usa","wichita","ICT","37.65","-97.433","2022-12-19"
"478834","1983-08-03","M","false","true","usa","st. petersburg","SPG","27.765","-82.627","2022-12-19"
"479071","1987-01-26","F","false","false","usa","baltimore","BWI","39.175","-76.668","2022-12-19"
"479078","2006-05-03","M","false","false","usa","san francisco","SFO","37.619","-122.375","2022-12-19"
"479101","1988-09-15","F","false","true","canada","toronto","YTZ","43.627","-79.396","2022-12-19"
"479254","1980-04-03","F","true","false","canada","montreal","YHU","45.517","-73.417","2022-12-19"
"479524","1991-04-04","F","false","false","usa","honolulu","HNL","21.316","-157.927","2022-12-20"
"479785","1986-11-28","M","true","true","usa","tulsa","TUL","36.198","-95.888","2022-12-20"
"480186","2000-03-09","F","false","false","usa","san jose","SJC","37.362","-121.929","2022-12-20"
"480313","1976-06-21","F","true","false","usa","los angeles","LAX","33.942","-118.408","2022-12-20"
"480331","1983-06-24","F","true","false","usa","phoenix","PHX","33.434","-112.008","2022-12-20"
"480690","1976-12-27","F","false","false","usa","louisville","LOU","38.228","-85.664","2022-12-20"
"480796","1983-08-10","F","false","true","usa","anchorage","MRI","61.214","-149.846","2022-12-20"
"480877","1976-01-17","F","true","false","usa","columbus","LCK","39.814","-82.928","2022-12-20"
"480895","1982-04-07","F","false","false","usa","san antonio","SKF","29.384","-98.581","2022-12-20"
"480975","1953-06-05","F","true","false","canada","montreal","YMX","45.68","-74.039","2022-12-20"
"481050","1977-01-12","F","true","true","usa","houston","EFD","29.607","-95.159","2022-12-20"
"481245","1977-06-25","F","false","false","usa","new york","LGA","40.777","-73.872","2022-12-20"
"481292","1991-08-06","F","false","false","usa","san jose","SJC","37.362","-121.929","2022-12-20"
"481358","2006-02-02","F","false","false","usa","dallas","DAL","32.847","-96.852","2022-12-20"
"481554","1977-06-13","F","true","false","usa","anchorage","MRI","61.214","-149.846","2022-12-21"
"481622","1982-02-09","F","true","false","canada","london","YXU","43.036","-81.154","2022-12-21"
"481772","1990-07-10","F","false","false","usa","oakland","OAK","37.721","-122.221","2022-12-21"
"481781","1949-02-21","F","false","false","usa","los angeles","LAX","33.942","-118.408","2022-12-21"
"482264","1981-07-09","F","true","true","usa","wichita","IAB","37.623","-97.267","2022-12-21"
"482335","1981-11-08","F","false","false","usa","houston","HOU","29.645","-95.279","2022-12-21"
"482424","1984-02-11","F","false","false","usa","portland","PDX","45.589","-122.597","2022-12-21"
"482548","1995-06-04","F","false","true","usa","houston","HOU","29.645","-95.279","2022-12-21"
"482602","1979-09-23","F","false","false","usa","chicago","MDW","41.786","-87.752","2022-12-21"
"482621","1976-09-28","F","true","true","usa","new york","LGA","40.777","-73.872","2022-12-21"
"482630","1993-10-03","F","false","false","canada","toronto","YTZ","43.627","-79.396","2022-12-21"
"482744","1985-06-26","F","false","false","usa","new york","LGA","40.777","-73.872","2022-12-21"
"482811","1956-08-07","M","false","false","usa","san diego","SAN","32.733","-117.189","2022-12-21"
"483224","1977-11-15","F","false","false","usa","chicago","MDW","41.786","-87.752","2022-12-21"
"483237","1987-10-12","F","true","false","usa","dallas","DAL","32.847","-96.852","2022-12-21"
"483345","1979-07-13","F","true","true","usa","new york","LGA","40.777","-73.872","2022-12-22"
"483480","1985-02-12","M","true","true","canada","toronto","YTZ","43.627","-79.396","2022-12-22"
"483483","1978-06-18","F","true","true","canada","hamilton","YHM","43.173","-79.935","2022-12-22"
"483525","1978-07-13","F","true","true","canada","edmonton","YED","53.667","-113.467","2022-12-22"
"483603","1985-07-27","F","false","false","usa","new york","JFK","40.64","-73.779","2022-12-22"
"483928","1982-10-19","F","false","false","usa","new york","JFK","40.64","-73.779","2022-12-22"
"483982","2006-02-17","F","false","false","usa","oklahoma city","OKC","35.393","-97.601","2022-12-22"
"484249","1981-06-09","F","true","false","usa","minneapolis","MSP","44.88","-93.217","2022-12-22"
"484342","2006-02-15","F","false","false","usa","houston","IAH","29.98","-95.34","2022-12-22"
"484418","1987-01-07","F","true","false","usa","new york","JFK","40.64","-73.779","2022-12-22"
"484987","1967-06-09","F","false","false","canada","montreal","YMX","45.68","-74.039","2022-12-22"
"485149","1982-01-16","F","false","false","usa","fayetteville","POB","35.171","-79.014","2022-12-22"
"485260","1974-07-16","F","true","true","usa","chicago","UGN","42.422","-87.868","2022-12-22"
"485393","1997-09-24","F","false","false","usa","new york","LGA","40.777","-73.872","2022-12-22"
"485505","1996-06-19","F","false","false","usa","phoenix","PHX","33.434","-112.008","2022-12-23"
"485518","1996-09-12","F","false","false","usa","brownsville","BRO","25.907","-97.426","2022-12-23"
"485536","1987-07-15","F","true","true","usa","houston","HOU","29.645","-95.279","2022-12-23"
"485544","1982-12-10","F","true","false","usa","las vegas","LAS","36.08","-115.152","2022-12-23"
"485591","1975-02-07","F","true","false","usa","colorado springs","COS","38.806","-104.7","2022-12-23"
"485658","1992-03-03","F","false","false","usa","los angeles","LAX","33.942","-118.408","2022-12-23"
"485780","1984-05-22","F","false","true","usa","el paso","BIF","31.849","-106.38","2022-12-23"
"485785","1993-04-08","F","false","false","usa","anchorage","EDF","61.251","-149.806","2022-12-23"
"485891","1991-01-12","F","false","true","usa","knoxville","TYS","35.812","-83.993","2022-12-23"
"485894","1981-10-06","F","false","true","canada","toronto","YKZ","43.862","-79.37","2022-12-23"
"486046","1950-10-13","F","true","false","canada","montreal","YMX","45.68","-74.039","2022-12-23"
"486113","1975-09-07","F","true","false","canada","halifax","YHZ","44.881","-63.509","2022-12-23"
"486191","1956-04-23","F","true","false","usa","los angeles","LAX","33.942","-118.408","2022-12-23"
"486261","1986-08-07","F","false","false","usa","kansas city","MCI","39.297","-94.714","2022-12-23"
"486268","1998-07-10","F","false","false","usa","los angeles","LAX","33.942","-118.408","2022-12-23"
"486270","1996-01-04","F","false","false","canada","victoria","YYJ","48.647","-123.426","2022-12-23"
"486366","1976-08-12","F","true","false","usa","miami","TNT","25.862","-80.897","2022-12-23"
"486447","1997-12-24","F","false","true","usa","new york","LGA","40.777","-73.872","2022-12-23"
"486454","1978-07-26","M","true","true","usa","new york","LGA","40.777","-73.872","2022-12-23"
"486605","1994-04-19","F","false","false","usa","new york","LGA","40.777","-73.872","2022-12-23"
"486671","1969-01-06","F","true","true","usa","louisville","LOU","38.228","-85.664","2022-12-23"
"486751","1974-09-04","F","true","false","usa","los angeles","LAX","33.942","-118.408","2022-12-23"
"486823","1997-12-03","F","false","false","usa","sacramento","SAC","38.513","-121.493","2022-12-23"
"487002","2004-03-03","F","false","false","usa","wichita","ICT","37.65","-97.433","2022-12-23"
"487036","1983-05-15","F","true","true","canada","calgary","YYC","51.114","-114.02","2022-12-23"
"487040","1987-09-09","F","false","true","usa","phoenix","LUF","33.535","-112.383","2022-12-23"
"487101","1984-07-05","F","true","false","canada","ottawa","YOW","45.323","-75.669","2022-12-23"
"487276","1959-04-27","F","true","false","usa","los angeles","LAX","33.942","-118.408","2022-12-23"
"487352","2006-05-11","F","false","true","usa","phoenix","PHX","33.434","-112.008","2022-12-23"
"487453","1981-11-28","F","false","false","usa","houston","HOU","29.645","-95.279","2022-12-24"
"487637","1972-07-02","M","false","true","usa","austin","AUS","30.194","-97.67","2022-12-24"
"487680","1974-02-14","F","true","true","canada","montreal","YHU","45.517","-73.417","2022-12-24"
"487715","1974-12-05","F","true","false","usa","seattle","SEA","47.449","-122.309","2022-12-24"
"487858","1982-09-05","F","true","false","usa","fresno","FAT","36.776","-119.718","2022-12-24"
"487954","1982-10-22","M","false","false","canada","edmonton","YED","53.667","-113.467","2022-12-24"
"488009","1977-01-25","F","false","false","usa","baltimore","BWI","39.175","-76.668","2022-12-24"
"488099","2006-12-28","F","false","false","usa","new york","LGA","40.777","-73.872","2022-12-24"
"488246","2006-01-26","F","false","false","canada","edmonton","YEG","53.31","-113.58","2022-12-24"
"488314","1967-02-17","F","true","false","usa","los angeles","LAX","33.942","-118.408","2022-12-24"
"488410","1972-11-11","F","true","true","usa","new york","JFK","40.64","-73.779","2022-12-24"
"488430","2006-12-01","F","false","false","usa","austin","AUS","30.194","-97.67","2022-12-24"
"488462","1979-06-12","F","true","false","canada","toronto","YTZ","43.627","-79.396","2022-12-24"
"488480","1982-06-04","M","true","false","canada","victoria","YYJ","48.647","-123.426","2022-12-24"
"488511","1979-04-05","F","true","false","canada","montreal","YMX","45.68","-74.039","2022-12-24"
"488529","1976-09-06","F","true","true","usa","houston","HOU","29.645","-95.279","2022-12-24"
"488539","1973-11-23","F","true","false","canada","quebec","YQB","46.788","-71.398","2022-12-24"
"488672","1974-10-08","F","true","false","usa","chicago","MDW","41.786","-87.752","2022-12-24"
"488827","1987-07-27","F","false","false","usa","san antonio","SKF","29.384","-98.581","2022-12-24"
"488865","1988-07-07","F","false","false","canada","hamilton","YHM","43.173","-79.935","2022-12-24"
"488870","1966-02-23","F","true","true","usa","new york","LGA","40.777","-73.872","2022-12-24"
"488918","1976-09-14","F","false","false","usa","san diego","SAN","32.733","-117.189","2022-12-24"
"488974","1969-08-14","F","false","false","usa","newark","EWR","40.692","-74.169","2022-12-24"
"489096","1985-06-12","F","false","false","usa","los angeles","LAX","33.942","-118.408","2022-12-24"
"489131","2000-05-24","F","false","false","usa","new york","JFK","40.64","-73.779","2022-12-24"
"489575","1979-02-02","F","true","true","canada","hamilton","YHM","43.173","-79.935","2022-12-25"
"489635","1975-09-12","M","false","false","usa","fresno","FAT","36.776","-119.718","2022-12-25"
"489661","2004-02-09","F","false","false","usa","richmond","RIC","37.505","-77.319","2022-12-25"
"489730","1981-02-19","F","false","false","usa","el paso","BIF","31.849","-106.38","2022-12-25"
"489785","1986-09-16","F","true","true","usa","atlanta","ATL","33.64","-84.427","2022-12-25"
"489786","1973-03-21","F","true","false","usa","akron","AKR","41.038","-81.467","2022-12-25"
"489802","1984-09-12","F","true","false","usa","detroit","YIP","42.238","-83.53","2022-12-25"
"489844","1975-09-27","F","true","true","canada","toronto","YYZ","43.677","-79.631","2022-12-25"
"489852","1973-12-03","F","true","false","usa","santa ana","SNA","33.676","-117.868","2022-12-25"
"489949","1976-04-04","F","false","true","usa","tampa","TPA","27.975","-82.533","2022-12-25"
"489953","1984-04-06","F","false","true","usa","san antonio","SKF","29.384","-98.581","2022-12-25"
"489992","1995-03-19","M","false","false","usa","bakersfield","BFL","35.433","-119.057","2022-12-25"
"490040","1978-06-24","F","true","false","usa","riverside","RIV","33.881","-117.259","2022-12-25"
"490107","1987-05-22","F","false","false","usa","philadelphia","PNE","40.082","-75.011","2022-12-25"
"490133","1974-05-11","F","true","true","usa","lubbock","LBB","33.664","-101.823","2022-12-25"
"490201","1982-03-24","F","false","true","usa","columbus","LCK","39.814","-82.928","2022-12-25"
"490348","1986-04-03","F","false","false","usa","lincoln","LNK","40.851","-96.759","2022-12-25"
"490358","1996-01-10","F","false","true","usa","las vegas","LAS","36.08","-115.152","2022-12-25"
"490517","1972-10-24","F","true","true","usa","charlotte","CLT","35.214","-80.943","2022-12-25"
"490576","1967-07-05","M","true","false","usa","san jose","SJC","37.362","-121.929","2022-12-25"
"490608","1988-12-14","F","false","false","usa","new york","LGA","40.777","-73.872","2022-12-25"
"490629","1986-10-28","F","false","true","usa","new york","LGA","40.777","-73.872","2022-12-25"
"490671","1987-10-25","F","false","true","usa","indianapolis","IND","39.717","-86.294","2022-12-25"
"491003","1985-09-24","F","false","true","usa","corpus christi","CRP","27.77","-97.501","2022-12-25"
"491124","1969-07-20","M","false","false","usa","colorado springs","COS","38.806","-104.7","2022-12-25"
"491141","1974-04-16","F","false","false","usa","omaha","OFF","41.118","-95.913","2022-12-25"
"491175","1967-12-28","F","true","true","usa","houston","HOU","29.645","-95.279","2022-12-25"
"491182","1977-07-01","F","false","false","canada","montreal","YUL","45.468","-73.741","2022-12-25"
"491241","1973-07-16","F","true","true","usa","new york","JFK","40.64","-73.779","2022-12-25"
"491266","1981-06-04","F","true","false","usa","sacramento","SMF","38.695","-121.591","2022-12-25"
"491559","1976-01-10","F","true","false","usa","san diego","SAN","32.733","-117.189","2022-12-26"
"491597","1978-11-06","F","false","false","usa","omaha","OMA","41.302","-95.894","2022-12-26"
"491617","1970-10-12","F","false","false","canada","hamilton","YHM","43.173","-79.935","2022-12-26"
"491706","1980-04-19","M","false","false","usa","phoenix","LUF","33.535","-112.383","2022-12-26"
"491772","1969-03-27","F","false","false","canada","edmonton","YEG","53.31","-113.58","2022-12-26"
"491925","1971-03-03","M","false","false","usa","new york","JFK","40.64","-73.779","2022-12-26"
"491930","1982-07-26","F","false","false","usa","mobile","MOB","30.691","-88.243","2022-12-26"
"491995","2006-08-05","M","false","false","usa","new orleans","NBG","29.825","-90.035","2022-12-26"
"492209","1982-05-10","F","true","false","canada","montreal","YUL","45.468","-73.741","2022-12-26"
"492211","2002-05-02","M","false","false","usa","tucson","TUS","32.116","-110.941","2022-12-26"
"492287","1986-04-24","F","false","false","usa","los angeles","LAX","33.942","-118.408","2022-12-26"
"492371","1980-12-16","M","true","false","usa","dallas","DAL","32.847","-96.852","2022-12-26"
"492497","1983-03-14","F","true","false","usa","boston","BOS","42.364","-71.005","2022-12-26"
"492614","2005-01-03","F","false","false","usa","las vegas","LSV","36.236","-115.034","2022-12-26"
"492999","1993-11-08","F","false","false","usa","los angeles","LAX","33.942","-118.408","2022-12-26"
"493177","1977-08-27","F","true","false","usa","chicago","ORD","41.979","-87.904","2022-12-26"
"493409","1995-07-11","M","false","false","usa","nashville","BNA","36.124","-86.678","2022-12-26"
"493476","1982-02-28","F","false","true","usa","detroit","YIP","42.238","-83.53","2022-12-27"
"493718","1970-06-10","F","true","true","usa","san antonio","SAT","29.534","-98.47","2022-12-27"
"494294","1984-10-08","F","true","false","usa","miami","TNT","25.862","-80.897","2022-12-27"
"494374","1976-08-15","F","false","false","canada","halifax","YHZ","44.881","-63.509","2022-12-27"
"494382","1984-10-05","F","false","true","canada","ottawa","YOW","45.323","-75.669","2022-12-27"
"494441","1979-01-22","F","false","true","usa","colorado springs","COS","38.806","-104.7","2022-12-27"
"494463","1988-11-02","F","false","true","usa","washington","IAD","38.944","-77.456","2022-12-27"
"494484","2006-02-10","F","false","false","usa","amarillo","AMA","35.219","-101.706","2022-12-27"
"494590","1996-01-28","F","false","false","usa","houston","IAH","29.98","-95.34","2022-12-27"
"494630","2006-03-03","F","false","false","usa","modesto","MOD","37.626","-120.954","2022-12-27"
"494680","1996-07-07","F","false","false","usa","dallas","DAL","32.847","-96.852","2022-12-27"
"494704","1981-06-04","M","true","false","canada","quebec","YQB","46.788","-71.398","2022-12-27"
"494985","1975-04-26","F","false","false","canada","winnipeg","YWG","49.91","-97.234","2022-12-27"
"495029","1979-08-20","F","true","false","usa","houston","EFD","29.607","-95.159","2022-12-27"
"495042","1976-01-03","F","true","false","usa","los angeles","LAX","33.942","-118.408","2022-12-27"
"495080","1989-12-01","F","true","false","usa","fresno","FAT","36.776","-119.718","2022-12-27"
"495272","1991-02-25","F","false","false","usa","tucson","DMA","32.166","-110.883","2022-12-27"
"495273","1993-07-06","F","false","false","canada","edmonton","YXD","53.573","-113.521","2022-12-27"
"495386","1969-05-12","F","true","true","canada","edmonton","YED","53.667","-113.467","2022-12-27"
"495482","1987-12-10","F","true","false","usa","dallas","DAL","32.847","-96.852","2022-12-27"
"495592","1969-04-02","M","true","true","usa","fort worth","FTW","32.82","-97.362","2022-12-28"
"495603","1994-12-16","F","true","false","usa","san francisco","SFO","37.619","-122.375","2022-12-28"
"495727","1975-12-18","F","true","false","usa","san diego","NZY","32.699","-117.215","2022-12-28"
"496016","1981-05-14","F","true","false","usa","new york","JFK","40.64","-73.779","2022-12-28"
"496074","1994-11-16","F","false","false","usa","boston","BOS","42.364","-71.005","2022-12-28"
"496273","1968-12-15","F","true","false","usa","los angeles","LAX","33.942","-118.408","2022-12-28"
"496286","1983-12-06","M","false","false","usa","seattle","BFI","47.53","-122.302","2022-12-28"
"496332","1978-01-13","F","false","false","usa","new york","LGA","40.777","-73.872","2022-12-28"
"496382","1981-04-07","F","false","false","usa","louisville","LOU","38.228","-85.664","2022-12-28"
"496408","1980-01-05","F","false","false","usa","fresno","FAT","36.776","-119.718","2022-12-28"
"496566","1977-04-25","F","false","false","canada","montreal","YHU","45.517","-73.417","2022-12-28"
"496899","2001-01-11","F","false","false","usa","new york","LGA","40.777","-73.872","2022-12-28"
"496972","1989-10-25","F","false","false","usa","dallas","DAL","32.847","-96.852","2022-12-28"
"497042","1968-01-19","F","true","true","usa","fresno","FAT","36.776","-119.718","2022-12-28"
"497077","1981-05-17","F","false","false","usa","san jose","SJC","37.362","-121.929","2022-12-28"
"497108","1976-07-26","F","false","false","usa","nashville","BNA","36.124","-86.678","2022-12-28"
"497225","1976-01-04","F","true","false","usa","phoenix","LUF","33.535","-112.383","2022-12-28"
"497475","1977-04-21","F","true","false","usa","corpus christi","CRP","27.77","-97.501","2022-12-29"
"497615","1978-01-25","F","false","true","canada","toronto","YYZ","43.677","-79.631","2022-12-29"
"497678","1981-07-02","F","true","false","usa","houston","IAH","29.98","-95.34","2022-12-29"
"497680","1983-09-08","F","false","true","usa","new york","LGA","40.777","-73.872","2022-12-29"
"497829","1968-04-13","M","false","true","usa","baltimore","BWI","39.175","-76.668","2022-12-29"
"497915","1984-12-26","F","true","false","usa","tucson","DMA","32.166","-110.883","2022-12-29"
"498154","1979-05-20","F","true","false","usa","akron","AKR","41.038","-81.467","2022-12-29"
"498199","1978-07-20","F","true","false","usa","kansas city","MCI","39.297","-94.714","2022-12-29"
"498287","1982-03-09","M","false","false","usa","san francisco","SFO","37.619","-122.375","2022-12-29"
"498298","2006-06-20","F","false","false","usa","fort worth","FTW","32.82","-97.362","2022-12-29"
"498357","1979-05-25","F","false","false","usa","new york","LGA","40.777","-73.872","2022-12-29"
"498363","1975-03-14","F","false","false","canada","london","YXU","43.036","-81.154","2022-12-29"
"498500","1974-02-02","F","true","true","usa","sacramento","SAC","38.513","-121.493","2022-12-29"
"498574","1986-07-24","F","true","false","usa","columbus","LCK","39.814","-82.928","2022-12-29"
"498607","1981-02-07","F","true","false","canada","winnipeg","YWG","49.91","-97.234","2022-12-29"
"498665","1987-09-13","F","false","false","canada","montreal","YHU","45.517","-73.417","2022-12-29"
"498857","1986-09-25","F","true","false","usa","spokane","SKA","47.615","-117.656","2022-12-29"
"498931","1965-07-07","F","true","true","usa","baltimore","BWI","39.175","-76.668","2022-12-29"
"499028","1987-02-28","F","true","false","usa","indianapolis","IND","39.717","-86.294","2022-12-29"
"499038","1993-02-02","F","false","false","usa","richmond","RIC","37.505","-77.319","2022-12-29"
"499252","1984-07-08","F","true","false","usa","chicago","ORD","41.979","-87.904","2022-12-30"
"499313","1978-06-07","F","false","false","usa","new york","LGA","40.777","-73.872","2022-12-30"
"499366","1976-01-04","F","false","false","canada","quebec","YQB","46.788","-71.398","2022-12-30"
"499375","1981-01-12","F","false","false","canada","winnipeg","YAV","50.056","-97.032","2022-12-30"
"499379","1958-05-26","F","true","false","usa","reno","RNO","39.498","-119.768","2022-12-30"
"499461","1973-03-08","F","false","false","usa","amarillo","AMA","35.219","-101.706","2022-12-30"
"499475","1985-11-20","F","true","false","usa","oakland","OAK","37.721","-122.221","2022-12-30"
"499633","1992-11-03","F","false","false","usa","dallas","DAL","32.847","-96.852","2022-12-30"
"499634","1988-11-05","F","false","true","usa","amarillo","AMA","35.219","-101.706","2022-12-30"
"499659","1965-10-23","F","true","true","usa","san diego","NZY","32.699","-117.215","2022-12-30"
"499669","1992-05-04","F","true","true","usa","corpus christi","CRP","27.77","-97.501","2022-12-30"
"499751","1971-03-17","F","true","false","canada","vancouver","YVR","49.195","-123.182","2022-12-30"
"499760","1974-08-21","F","true","true","usa","corpus christi","CRP","27.77","-97.501","2022-12-30"
"499780","1987-02-13","F","false","true","canada","toronto","YYZ","43.677","-79.631","2022-12-30"
"499810","1978-05-20","M","true","false","usa","cincinnati","LUK","39.103","-84.419","2022-12-30"
"499847","1974-05-23","F","true","true","usa","oklahoma city","OKC","35.393","-97.601","2022-12-30"
"499969","1998-08-22","F","false","false","usa","providence","PVD","41.724","-71.428","2022-12-30"
"499979","1974-08-11","F","true","false","canada","toronto","YYZ","43.677","-79.631","2022-12-30"
"499990","1986-12-14","F","false","false","usa","new york","LGA","40.777","-73.872","2022-12-30"
"500078","1977-09-11","F","true","false","canada","ottawa","YOW","45.323","-75.669","2022-12-30"
"500196","1972-01-13","F","true","false","canada","calgary","YYC","51.114","-114.02","2022-12-30"
"500243","1999-04-11","F","false","false","usa","philadelphia","PHL","39.872","-75.241","2022-12-30"
"500257","1979-08-20","F","false","false","usa","new york","LGA","40.777","-73.872","2022-12-30"
"500288","2006-02-23","F","false","true","usa","st. petersburg","SPG","27.765","-82.627","2022-12-30"
"500299","2004-10-26","F","false","false","usa","san antonio","RND","29.529","-98.279","2022-12-30"
"500493","1982-05-18","F","false","true","usa","chicago","UGN","42.422","-87.868","2022-12-30"
"500532","1986-11-08","F","true","true","canada","ottawa","YOW","45.323","-75.669","2022-12-30"
"500646","1976-06-26","F","true","false","usa","indianapolis","IND","39.717","-86.294","2022-12-30"
"500745","1995-09-01","F","false","false","canada","toronto","YYZ","43.677","-79.631","2022-12-30"
"500773","1996-10-19","F","false","false","canada","winnipeg","YWG","49.91","-97.234","2022-12-30"
"500791","1951-03-24","F","true","false","canada","quebec","YQB","46.788","-71.398","2022-12-30"
"500828","1978-08-26","F","true","false","usa","rochester","ROC","43.119","-77.672","2022-12-30"
"500972","1982-07-24","F","true","true","usa","boston","BOS","42.364","-71.005","2022-12-30"
"500974","1982-04-15","F","false","false","usa","san jose","SJC","37.362","-121.929","2022-12-30"
"501087","1967-02-20","F","true","false","usa","los angeles","LAX","33.942","-118.408","2022-12-30"
"501125","1977-12-20","M","true","true","usa","kansas city","MCI","39.297","-94.714","2022-12-30"
"501184","1968-06-25","F","true","true","usa","reno","RNO","39.498","-119.768","2022-12-31"
"501322","1970-03-20","F","true","true","usa","los angeles","LAX","33.942","-118.408","2022-12-31"
"501344","1973-11-18","M","false","false","usa","corpus christi","CRP","27.77","-97.501","2022-12-31"
"501436","1993-02-24","F","true","false","usa","columbus","CMH","39.998","-82.892","2022-12-31"
"501512","1989-03-16","F","true","true","usa","fort worth","FTW","32.82","-97.362","2022-12-31"
"501708","1999-11-12","F","false","false","canada","montreal","YHU","45.517","-73.417","2022-12-31"
"501735","1990-06-18","F","false","false","usa","new york","JFK","40.64","-73.779","2022-12-31"
"501764","1976-09-15","F","true","false","canada","saskatoon","YXE","52.171","-106.7","2022-12-31"
"501780","2006-08-13","M","false","true","usa","bakersfield","BFL","35.433","-119.057","2022-12-31"
"501794","1980-10-23","F","true","false","usa","nashville","BNA","36.124","-86.678","2022-12-31"
"501817","1974-01-19","F","true","false","canada","gatineau","YND","45.521","-75.564","2022-12-31"
"501830","1990-01-12","F","true","true","canada","toronto","YYZ","43.677","-79.631","2022-12-31"
"501897","1979-10-14","F","true","true","usa","new york","LGA","40.777","-73.872","2022-12-31"
"501947","1971-11-02","F","true","true","canada","toronto","YKZ","43.862","-79.37","2022-12-31"
"502063","1974-10-11","F","true","false","usa","new york","JFK","40.64","-73.779","2022-12-31"
"502145","1984-09-09","F","false","false","usa","baltimore","BWI","39.175","-76.668","2022-12-31"
"502210","1981-01-08","F","true","false","canada","montreal","YMX","45.68","-74.039","2022-12-31"
"502212","1999-04-01","F","false","false","usa","san diego","NZY","32.699","-117.215","2022-12-31"
"502353","1985-01-27","F","false","false","usa","honolulu","HNL","21.316","-157.927","2022-12-31"
"502412","1968-10-02","F","true","true","usa","new york","JFK","40.64","-73.779","2022-12-31"
"502435","1984-04-03","F","true","true","usa","oklahoma city","TIK","35.415","-97.386","2022-12-31"
"502444","1989-05-22","F","false","false","canada","ottawa","YOW","45.323","-75.669","2022-12-31"
"502609","1973-12-24","F","true","false","usa","dallas","DAL","32.847","-96.852","2022-12-31"
"502626","1986-02-06","F","true","true","canada","toronto","YYZ","43.677","-79.631","2022-12-31"
"502799","1977-04-05","F","true","false","usa","nashville","BNA","36.124","-86.678","2022-12-31"
"502819","1987-10-16","F","true","false","usa","knoxville","TYS","35.812","-83.993","2022-12-31"
"502826","1976-05-04","F","true","true","usa","los angeles","LAX","33.942","-118.408","2022-12-31"
"502847","1973-08-09","F","true","false","usa","grand rapids","GRR","42.881","-85.523","2022-12-31"
"502850","1982-08-03","F","false","true","usa","riverside","RAL","33.952","-117.445","2022-12-31"
"502875","1978-02-27","F","true","true","canada","montreal","YUL","45.468","-73.741","2022-12-31"
"502995","1956-01-25","F","false","false","usa","charlotte","CLT","35.214","-80.943","2022-12-31"
"503042","1998-03-05","F","false","false","usa","montgomery","MXF","32.379","-86.362","2023-01-01"
"503049","1952-07-08","F","false","false","usa","omaha","OMA","41.302","-95.894","2023-01-01"
"503058","1997-11-22","F","false","false","canada","edmonton","YXD","53.573","-113.521","2023-01-01"
"503126","1998-07-28","F","false","false","canada","edmonton","YXD","53.573","-113.521","2023-01-01"
"503161","1976-12-19","F","true","false","canada","halifax","YAW","44.64","-63.499","2023-01-01"
"503277","1969-01-19","F","false","false","usa","los angeles","LAX","33.942","-118.408","2023-01-01"
"503342","1981-03-01","F","true","false","usa","lincoln","LNK","40.851","-96.759","2023-01-01"
"503418","1983-10-25","F","false","false","usa","new york","LGA","40.777","-73.872","2023-01-01"
"503483","2004-04-14","F","false","true","usa","los angeles","LAX","33.942","-118.408","2023-01-01"
"503621","1982-09-27","F","true","false","usa","corpus christi","CRP","27.77","-97.501","2023-01-01"
"503760","1985-01-07","F","true","false","usa","kansas city","MCI","39.297","-94.714","2023-01-01"
"503773","2006-04-16","F","false","true","usa","brownsville","BRO","25.907","-97.426","2023-01-01"
"503918","1997-09-08","F","false","false","usa","new york","JFK","40.64","-73.779","2023-01-01"
"503928","1977-10-23","F","true","true","canada","toronto","YYZ","43.677","-79.631","2023-01-01"
"503945","1976-09-09","F","false","false","usa","san antonio","RND","29.529","-98.279","2023-01-01"
"503973","1979-02-13","F","false","false","canada","toronto","YYZ","43.677","-79.631","2023-01-01"
"504081","1979-10-02","F","true","true","usa","los angeles","LAX","33.942","-118.408","2023-01-01"
"504133","1978-12-22","F","true","false","usa","lincoln","LNK","40.851","-96.759","2023-01-01"
"504240","1979-06-03","F","false","false","usa","los angeles","LAX","33.942","-118.408","2023-01-01"
"504299","1982-09-07","F","true","true","usa","milwaukee","MKE","42.947","-87.896","2023-01-01"
"504320","1993-08-18","F","false","false","usa","indianapolis","IND","39.717","-86.294","2023-01-01"
"504371","1973-03-12","F","false","true","usa","new york","LGA","40.777","-73.872","2023-01-01"
"504435","1979-07-18","F","false","false","usa","long beach","LGB","33.818","-118.151","2023-01-01"
"504473","1990-11-17","F","false","false","usa","richmond","RIC","37.505","-77.319","2023-01-01"
"504579","1955-05-27","F","false","false","usa","phoenix","LUF","33.535","-112.383","2023-01-01"
"504610","1960-10-25","F","true","false","usa","philadelphia","PNE","40.082","-75.011","2023-01-02"
"504665","1991-11-13","F","false","false","usa","charlotte","CLT","35.214","-80.943","2023-01-02"
"504669","1983-02-17","F","false","false","usa","long beach","LGB","33.818","-118.151","2023-01-02"
"504786","1975-07-15","F","true","true","usa","omaha","OMA","41.302","-95.894","2023-01-02"
"504859","1997-07-14","F","false","true","usa","phoenix","PHX","33.434","-112.008","2023-01-02"
"504892","1993-07-02","F","false","false","usa","dallas","DAL","32.847","-96.852","2023-01-02"
"504916","1988-03-05","M","false","true","usa","memphis","MEM","35.042","-89.977","2023-01-02"
"504936","1966-01-16","F","true","false","usa","houston","IAH","29.98","-95.34","2023-01-02"
"504945","1980-08-20","F","false","false","usa","houston","EFD","29.607","-95.159","2023-01-02"
"505062","1987-01-21","F","false","true","usa","philadelphia","PHL","39.872","-75.241","2023-01-02"
"505066","1998-12-16","M","true","true","usa","boston","BOS","42.364","-71.005","2023-01-02"
"505172","1993-01-05","M","true","true","usa","tampa","MCF","27.849","-82.521","2023-01-02"
"505230","1962-11-11","F","false","false","usa","tucson","TUS","32.116","-110.941","2023-01-02"
"505285","1980-05-16","F","false","true","usa","new york","LGA","40.777","-73.872","2023-01-02"
"505289","1995-11-03","F","false","false","usa","new york","JFK","40.64","-73.779","2023-01-02"
"505358","1986-01-16","F","false","false","usa","detroit","DET","42.409","-83.01","2023-01-02"
"505414","1976-06-16","F","true","false","usa","boston","BOS","42.364","-71.005","2023-01-02"
"505498","1987-05-06","M","false","true","usa","houston","IAH","29.98","-95.34","2023-01-02"
"505617","1976-04-01","F","false","true","canada","vancouver","YVR","49.195","-123.182","2023-01-02"
"505667","1970-02-13","F","true","false","usa","san francisco","SFO","37.619","-122.375","2023-01-02"
"505680","1976-08-28","F","false","false","usa","los angeles","LAX","33.942","-118.408","2023-01-02"
"505713","1979-06-14","F","true","false","canada","montreal","YHU","45.517","-73.417","2023-01-02"
"505747","1985-11-18","F","false","false","usa","los angeles","LAX","33.942","-118.408","2023-01-02"
"505771","1968-05-27","F","true","true","canada","montreal","YUL","45.468","-73.741","2023-01-02"
"505854","1969-10-02","F","true","false","usa","new york","JFK","40.64","-73.779","2023-01-02"
"505916","1996-08-28","F","false","false","usa","charlotte","CLT","35.214","-80.943","2023-01-02"
"505933","1976-06-01","F","true","false","usa","houston","IAH","29.98","-95.34","2023-01-02"
"505941","1973-06-07","F","true","true","usa","new york","LGA","40.777","-73.872","2023-01-02"
"506013","1983-09-20","F","false","false","canada","vancouver","YVR","49.195","-123.182","2023-01-02"
"506130","1983-08-07","F","false","false","usa","phoenix","PHX","33.434","-112.008","2023-01-02"
"506186","1998-06-17","F","false","false","usa","detroit","DTW","42.212","-83.353","2023-01-02"
"506234","1985-10-07","F","true","false","usa","riverside","RIV","33.881","-117.259","2023-01-02"
"506250","1980-04-09","F","false","true","usa","lincoln","LNK","40.851","-96.759","2023-01-02"
"506347","2006-07-12","F","false","false","usa","los angeles","LAX","33.942","-118.408","2023-01-02"
"506427","1975-10-07","F","true","true","usa","dallas","DAL","32.847","-96.852","2023-01-02"
"506611","1969-11-28","F","true","false","usa","tulsa","TUL","36.198","-95.888","2023-01-02"
"506652","1971-06-12","F","true","true","usa","kansas city","MCI","39.297","-94.714","2023-01-02"
"506675","1975-11-14","F","false","true","usa","detroit","DTW","42.212","-83.353","2023-01-02"
"506704","1968-07-02","F","true","false","canada","montreal","YUL","45.468","-73.741","2023-01-03"
"506777","1964-03-10","F","true","false","usa","tulsa","TUL","36.198","-95.888","2023-01-03"
"506807","1981-07-06","F","true","false","usa","los angeles","LAX","33.942","-118.408","2023-01-03"
"506828","1996-09-18","F","false","false","usa","louisville","LOU","38.228","-85.664","2023-01-03"
"506837","1976-09-05","F","false","true","usa","cleveland","CLE","41.412","-81.85","2023-01-03"
"506858","1977-07-07","F","false","true","usa","houston","EFD","29.607","-95.159","2023-01-03"
"506990","1998-07-01","F","false","false","usa","lubbock","LBB","33.664","-101.823","2023-01-03"
"507036","1987-12-11","F","false","false","usa","minneapolis","MSP","44.88","-93.217","2023-01-03"
"507133","1997-05-24","F","false","false","canada","edmonton","YXD","53.573","-113.521","2023-01-03"
"507207","2006-04-28","F","false","true","usa","new york","LGA","40.777","-73.872","2023-01-03"
"507273","1992-12-11","F","false","false","usa","columbus","LCK","39.814","-82.928","2023-01-03"
"507376","1989-01-10","F","true","false","usa","honolulu","HNL","21.316","-157.927","2023-01-03"
"507395","1977-10-19","F","true","true","usa","winston-salem","INT","36.134","-80.222","2023-01-03"
"507431","1987-08-24","F","false","false","canada","toronto","YYZ","43.677","-79.631","2023-01-03"
"507435","1970-07-08","F","true","true","usa","los angeles","LAX","33.942","-118.408","2023-01-03"
"507505","1974-05-19","F","true","true","usa","newark","EWR","40.692","-74.169","2023-01-03"
"507513","2006-07-24","F","false","false","usa","sacramento","MHR","38.554","-121.297","2023-01-03"
"507531","1999-10-01","F","false","false","usa","oakland","OAK","37.721","-122.221","2023-01-03"
"507557","1965-03-26","F","true","true","usa","baton rouge","BTR","30.533","-91.149","2023-01-03"
"507573","1982-01-11","F","false","false","usa","denver","DEN","39.858","-104.667","2023-01-03"
"507617","1975-09-28","F","true","false","canada","montreal","YUL","45.468","-73.741","2023-01-03"
"507728","1986-06-03","F","true","true","usa","st. louis","STL","38.748","-90.36","2023-01-03"
"507732","1978-07-10","M","false","false","usa","new york","JFK","40.64","-73.779","2023-01-03"
"507753","1999-09-09","F","false","true","usa","nashville","BNA","36.124","-86.678","2023-01-03"
"507759","1975-03-20","F","true","false","canada","victoria","YYJ","48.647","-123.426","2023-01-03"
"507773","1984-09-26","F","false","false","usa","little rock","LIT","34.729","-92.224","2023-01-03"
"507805","1981-01-10","F","true","true","usa","san jose","SJC","37.362","-121.929","2023-01-03"
"508050","1977-08-14","F","true","false","usa","new york","JFK","40.64","-73.779","2023-01-03"
"508096","1958-12-13","F","true","false","usa","spokane","SKA","47.615","-117.656","2023-01-03"
"508111","1984-03-24","F","true","true","usa","fort worth","FTW","32.82","-97.362","2023-01-03"
"508144","1985-12-13","F","false","false","usa","new york","JFK","40.64","-73.779","2023-01-03"
"508153","1991-09-22","M","false","false","canada","halifax","YAW","44.64","-63.499","2023-01-03"
"508240","1995-04-01","F","false","false","usa","san antonio","SKF","29.384","-98.581","2023-01-03"
"508360","1987-06-22","F","false","false","usa","new york","JFK","40.64","-73.779","2023-01-03"
"508367","1975-12-08","F","true","false","usa","lubbock","LBB","33.664","-101.823","2023-01-03"
"508497","1986-11-27","F","false","false","canada","calgary","YYC","51.114","-114.02","2023-01-03"
"508512","1956-03-12","F","true","false","usa","providence","PVD","41.724","-71.428","2023-01-03"
"508546","1995-05-05","F","false","false","usa","cincinnati","LUK","39.103","-84.419","2023-01-03"
"508611","2002-03-07","F","false","true","usa","houston","HOU","29.645","-95.279","2023-01-03"
"508625","1980-09-21","F","false","false","usa","new york","JFK","40.64","-73.779","2023-01-03"
"508693","1969-02-25","F","true","false","canada","halifax","YAW","44.64","-63.499","2023-01-03"
"508713","2006-01-26","F","false","true","usa","los angeles","LAX","33.942","-118.408","2023-01-03"
"508731","1969-03-27","F","true","false","usa","norfolk","NGU","36.938","-76.289","2023-01-03"
"508829","2006-11-18","F","false","false","usa","burlington","BTV","44.472","-73.153","2023-01-04"
"508848","1970-12-05","F","true","true","usa","st. louis","STL","38.748","-90.36","2023-01-04"
"508849","1986-08-24","F","false","false","usa","charlotte","CLT","35.214","-80.943","2023-01-04"
"508856","2002-09-20","M","false","true","usa","portland","PDX","45.589","-122.597","2023-01-04"
"508857","1980-05-15","F","true","false","canada","ottawa","YOW","45.323","-75.669","2023-01-04"
"508860","1996-01-19","M","true","false","usa","los angeles","LAX","33.942","-118.408","2023-01-04"
"508866","1993-06-07","F","false","false","usa","el paso","BIF","31.849","-106.38","2023-01-04"
"508877","1971-09-26","F","true","true","usa","phoenix","PHX","33.434","-112.008","2023-01-04"
"508891","2006-12-05","F","false","true","usa","san antonio","RND","29.529","-98.279","2023-01-04"
"508892","1990-04-04","F","false","false","canada","hamilton","YHM","43.173","-79.935","2023-01-04"
"508901","1971-08-10","F","true","true","canada","hamilton","YHM","43.173","-79.935","2023-01-04"
"508912","1980-06-13","M","false","false","usa","tallahassee","TLH","30.396","-84.35","2023-01-04"
"508917","2003-03-01","M","false","false","usa","los angeles","LAX","33.942","-118.408","2023-01-04"
"508923","1976-06-12","F","true","true","usa","madison","MSN","43.14","-89.337","2023-01-04"
"508938","1981-07-21","F","true","false","usa","atlanta","ATL","33.64","-84.427","2023-01-04"
"508940","1984-03-16","M","false","false","usa","grand rapids","GRR","42.881","-85.523","2023-01-04"
"508944","1966-03-15","F","false","false","usa","los angeles","LAX","33.942","-118.408","2023-01-04"
"508946","1997-01-10","M","false","false","usa","louisville","LOU","38.228","-85.664","2023-01-04"
"508964","1998-04-21","F","true","true","usa","newark","EWR","40.692","-74.169","2023-01-04"
"508973","1988-01-24","F","false","false","usa","modesto","MOD","37.626","-120.954","2023-01-04"
"509001","1954-02-28","F","true","false","canada","montreal","YUL","45.468","-73.741","2023-01-04"
"509024","2006-04-28","F","false","false","usa","new york","JFK","40.64","-73.779","2023-01-04"
"509036","1983-11-02","F","false","true","usa","new york","JFK","40.64","-73.779","2023-01-04"
"509052","1963-04-03","F","true","false","usa","san antonio","SKF","29.384","-98.581","2023-01-04"
"509061","1993-07-06","F","false","true","canada","vancouver","YVR","49.195","-123.182","2023-01-04"
"509069","1979-03-03","F","true","false","usa","new york","JFK","40.64","-73.779","2023-01-04"
"509098","1980-07-12","F","false","false","usa","los angeles","LAX","33.942","-118.408","2023-01-04"
"509115","1986-11-01","F","false","false","usa","los angeles","LAX","33.942","-118.408","2023-01-04"
"509119","1998-03-05","F","false","false","usa","new york","LGA","40.777","-73.872","2023-01-04"
"509157","1996-03-24","F","false","true","usa","san antonio","RND","29.529","-98.279","2023-01-04"
"509160","1969-11-01","M","false","true","usa","new orleans","NBG","29.825","-90.035","2023-01-04"
"509162","1977-08-21","F","false","false","usa","new york","JFK","40.64","-73.779","2023-01-04"
"509202","1998-08-26","F","false","true","usa","minneapolis","MSP","44.88","-93.217","2023-01-04"
"509221","1985-01-12","F","false","false","usa","kansas city","MCI","39.297","-94.714","2023-01-04"
"509242","1981-04-13","M","false","false","usa","st. petersburg","PIE","27.911","-82.687","2023-01-04"
"509272","2003-08-14","F","false","true","usa","dallas","DAL","32.847","-96.852","2023-01-04"
"509278","1973-10-20","F","true","false","canada","edmonton","YED","53.667","-113.467","2023-01-04"
"509282","1987-01-09","F","false","false","usa","seattle","SEA","47.449","-122.309","2023-01-04"
"509302","1965-04-27","F","false","true","canada","toronto","YZD","43.742","-79.466","2023-01-04"
"509316","1982-10-10","F","false","false","usa","chicago","MDW","41.786","-87.752","2023-01-04"
"509324","1975-06-08","F","true","false","canada","winnipeg","YAV","50.056","-97.032","2023-01-04"
"509341","2000-03-14","F","false","false","canada","vancouver","YVR","49.195","-123.182","2023-01-04"
"509346","1973-12-27","M","false","true","usa","atlanta","ATL","33.64","-84.427","2023-01-04"
"509353","1993-12-08","F","false","false","usa","dallas","DAL","32.847","-96.852","2023-01-04"
"509354","1979-02-16","M","true","false","usa","tallahassee","TLH","30.396","-84.35","2023-01-04"
"509359","1980-11-03","F","false","false","usa","oakland","OAK","37.721","-122.221","2023-01-04"
"509402","1955-11-03","F","false","false","usa","richmond","RIC","37.505","-77.319","2023-01-04"
"509411","1981-03-21","F","true","false","usa","salt lake city","SLC","40.788","-111.978","2023-01-04"
"509413","1975-11-13","F","false","false","usa","boston","BOS","42.364","-71.005","2023-01-04"
"509414","1999-11-10","F","false","false","usa","tampa","TPA","27.975","-82.533","2023-01-04"
"509419","1982-08-23","F","false","false","usa","philadelphia","PNE","40.082","-75.011","2023-01-04"
"509421","1969-11-28","F","false","true","usa","baltimore","BWI","39.175","-76.668","2023-01-04"
"509435","1979-10-10","M","false","false","usa","nashville","BNA","36.124","-86.678","2023-01-04"
"509445","1984-06-04","F","true","false","usa","san francisco","SFO","37.619","-122.375","2023-01-04"
"509453","1982-11-18","F","false","false","usa","lubbock","LBB","33.664","-101.823","2023-01-04"
"509454","1984-01-24","F","false","true","usa","tampa","MCF","27.849","-82.521","2023-01-04"
"509459","2006-11-27","F","false","false","usa","new york","JFK","40.64","-73.779","2023-01-04"
"509467","1996-03-09","M","false","false","usa","seattle","SEA","47.449","-122.309","2023-01-04"
"509498","1984-09-06","F","false","false","usa","milwaukee","MKE","42.947","-87.896","2023-01-04"
"509515","1994-10-14","F","false","true","usa","memphis","MEM","35.042","-89.977","2023-01-04"
"509516","1978-06-24","F","false","false","usa","colorado springs","COS","38.806","-104.7","2023-01-04"
"509530","1977-09-05","F","true","true","canada","edmonton","YXD","53.573","-113.521","2023-01-04"
"509552","2006-01-16","F","false","false","usa","los angeles","LAX","33.942","-118.408","2023-01-04"
"509598","1984-08-07","F","false","false","canada","winnipeg","YWG","49.91","-97.234","2023-01-04"
"509603","2006-04-10","F","false","false","usa","memphis","MEM","35.042","-89.977","2023-01-04"
"509626","1972-05-15","F","false","true","usa","brownsville","BRO","25.907","-97.426","2023-01-04"
"509635","1986-12-13","M","true","false","usa","austin","AUS","30.194","-97.67","2023-01-04"
"509638","1977-01-14","F","true","true","usa","reno","RNO","39.498","-119.768","2023-01-04"
"509645","1970-06-10","M","true","false","usa","riverside","RAL","33.952","-117.445","2023-01-04"
"509681","1981-05-12","F","false","true","usa","milwaukee","MKE","42.947","-87.896","2023-01-04"
"509712","1990-06-18","F","false","false","usa","philadelphia","PHL","39.872","-75.241","2023-01-04"
"509713","1989-05-21","F","true","true","usa","dallas","DAL","32.847","-96.852","2023-01-04"
"509717","1980-04-15","F","false","false","usa","new york","JFK","40.64","-73.779","2023-01-04"
"509749","1982-07-21","M","false","false","usa","new york","JFK","40.64","-73.779","2023-01-04"
"509763","1974-02-07","F","true","false","usa","los angeles","LAX","33.942","-118.408","2023-01-04"
"509765","1994-01-12","F","false","false","usa","los angeles","LAX","33.942","-118.408","2023-01-04"
"509781","1960-10-23","F","true","false","usa","norfolk","NGU","36.938","-76.289","2023-01-04"
"509822","1985-06-23","M","false","false","usa","charlotte","CLT","35.214","-80.943","2023-01-04"
"509826","1960-03-07","F","true","true","usa","miami","TNT","25.862","-80.897","2023-01-04"
"509841","1977-06-13","F","true","true","usa","knoxville","TYS","35.812","-83.993","2023-01-04"
"509855","1988-05-23","F","true","true","usa","winston-salem","INT","36.134","-80.222","2023-01-04"
"509876","1955-09-04","F","true","false","usa","baltimore","BWI","39.175","-76.668","2023-01-04"
"509892","1956-09-26","M","true","false","usa","san jose","SJC","37.362","-121.929","2023-01-04"
"509903","1982-12-24","F","false","false","usa","long beach","LGB","33.818","-118.151","2023-01-04"
"509919","1977-06-15","M","true","false","usa","tampa","TPA","27.975","-82.533","2023-01-04"
"509924","1985-10-13","F","true","false","usa","tampa","MCF","27.849","-82.521","2023-01-04"
"509933","1979-03-07","M","true","true","usa","louisville","LOU","38.228","-85.664","2023-01-04"
"509969","1954-10-20","F","true","false","canada","montreal","YHU","45.517","-73.417","2023-01-04"
"509990","1983-03-21","M","false","false","usa","minneapolis","MSP","44.88","-93.217","2023-01-04"
"510003","1977-10-09","F","true","true","usa","tulsa","TUL","36.198","-95.888","2023-01-04"
"510022","1970-11-22","F","true","true","usa","austin","AUS","30.194","-97.67","2023-01-04"
"510044","1977-01-12","M","false","false","usa","santa ana","SNA","33.676","-117.868","2023-01-04"
"510048","1992-06-24","F","false","true","usa","dallas","DAL","32.847","-96.852","2023-01-04"
"510061","1975-12-18","F","true","true","usa","new york","LGA","40.777","-73.872","2023-01-04"
"510067","1976-01-26","F","true","true","usa","new york","LGA","40.777","-73.872","2023-01-04"
"510070","1966-09-24","F","true","true","usa","boston","BOS","42.364","-71.005","2023-01-04"
"510078","1987-05-16","F","true","false","usa","grand rapids","GRR","42.881","-85.523","2023-01-04"
"510079","1994-05-21","F","false","false","usa","new york","LGA","40.777","-73.872","2023-01-04"
"510081","1979-03-03","F","false","false","usa","oakland","OAK","37.721","-122.221","2023-01-04"
"510090","1974-01-18","F","true","false","usa","anchorage","ANC","61.174","-149.996","2023-01-04"
"510093","1971-03-11","M","true","false","usa","norfolk","NGU","36.938","-76.289","2023-01-04"
"510094","1978-07-08","F","false","false","usa","long beach","LGB","33.818","-118.151","2023-01-04"
"510104","1987-05-26","F","false","true","canada","montreal","YHU","45.517","-73.417","2023-01-04"
"510108","1972-01-06","F","true","false","usa","colorado springs","COS","38.806","-104.7","2023-01-04"
"510112","1978-02-19","F","true","false","usa","new orleans","MSY","29.993","-90.258","2023-01-04"
"510114","1983-01-14","M","false","false","usa","omaha","OMA","41.302","-95.894","2023-01-04"
"510134","1976-03-27","F","false","false","usa","newark","EWR","40.692","-74.169","2023-01-04"
"510155","1979-04-02","M","true","true","usa","dallas","DAL","32.847","-96.852","2023-01-04"
"510156","1981-09-25","M","false","false","usa","seattle","SEA","47.449","-122.309","2023-01-04"
"510163","1972-02-25","F","true","true","usa","las vegas","LSV","36.236","-115.034","2023-01-04"
"510164","1989-09-11","F","true","true","canada","montreal","YMX","45.68","-74.039","2023-01-04"
"510170","1997-03-10","F","false","false","canada","ottawa","YOW","45.323","-75.669","2023-01-04"
"510172","1989-03-04","F","false","false","usa","mobile","BFM","30.626","-88.068","2023-01-04"
"510179","1966-04-13","F","true","false","usa","jacksonville","NCA","34.708","-77.439","2023-01-04"
"510185","1979-07-28","F","true","false","usa","houston","HOU","29.645","-95.279","2023-01-04"
"510188","1988-10-04","F","false","false","usa","san antonio","SAT","29.534","-98.47","2023-01-04"
"510195","1970-02-09","M","true","false","usa","houston","IAH","29.98","-95.34","2023-01-04"
"510198","1992-01-13","F","false","false","usa","new york","JFK","40.64","-73.779","2023-01-04"
"510213","1983-09-03","F","true","true","canada","toronto","YTZ","43.627","-79.396","2023-01-04"
"510215","1994-09-24","F","true","false","usa","mobile","MOB","30.691","-88.243","2023-01-04"
"510219","1980-02-02","M","true","false","canada","montreal","YUL","45.468","-73.741","2023-01-04"
"510227","1991-06-12","M","false","false","usa","tulsa","TUL","36.198","-95.888","2023-01-04"
"510238","1982-08-25","F","false","true","usa","new york","LGA","40.777","-73.872","2023-01-04"
"510239","1968-07-09","F","true","true","usa","santa ana","SNA","33.676","-117.868","2023-01-04"
"510243","1981-07-12","F","true","false","canada","windsor","YQG","42.276","-82.956","2023-01-04"
"510257","1974-11-16","F","true","false","usa","las vegas","LSV","36.236","-115.034","2023-01-04"
"510270","1977-04-11","F","true","true","usa","columbus","LCK","39.814","-82.928","2023-01-04"
"510283","2006-01-16","F","false","false","canada","edmonton","YED","53.667","-113.467","2023-01-04"
"510315","1980-05-23","F","false","false","usa","norfolk","NGU","36.938","-76.289","2023-01-04"
"510316","2006-07-13","F","false","true","usa","phoenix","PHX","33.434","-112.008","2023-01-04"
"510326","1981-12-18","M","false","false","canada","quebec","YQB","46.788","-71.398","2023-01-04"
"510328","1987-06-28","F","false","false","usa","detroit","DET","42.409","-83.01","2023-01-04"
"510343","1985-05-22","F","true","true","usa","oklahoma city","OKC","35.393","-97.601","2023-01-04"
"510356","1972-08-19","F","true","false","usa","wichita","ICT","37.65","-97.433","2023-01-04"
"510365","1978-05-16","F","false","false","usa","boston","BOS","42.364","-71.005","2023-01-04"
"510369","1974-10-17","F","false","false","usa","bakersfield","BFL","35.433","-119.057","2023-01-04"
"510379","2005-03-26","F","false","false","usa","san francisco","SFO","37.619","-122.375","2023-01-04"
"510393","1974-02-15","M","false","false","canada","calgary","YYC","51.114","-114.02","2023-01-04"
"510418","1988-03-13","F","true","true","usa","dallas","DAL","32.847","-96.852","2023-01-04"
"510423","1971-08-10","M","true","true","usa","oakland","OAK","37.721","-122.221","2023-01-04"
"510449","1971-09-16","F","false","true","usa","charlotte","CLT","35.214","-80.943","2023-01-04"
"510452","1968-12-28","F","false","false","canada","toronto","YKZ","43.862","-79.37","2023-01-04"
"510459","1993-09-07","M","false","false","canada","ottawa","YOW","45.323","-75.669","2023-01-04"
"510490","1953-02-26","F","true","false","usa","milwaukee","MKE","42.947","-87.896","2023-01-04"
"510494","1976-09-18","F","true","false","usa","kansas city","MCI","39.297","-94.714","2023-01-04"
"510511","1975-12-03","F","true","false","usa","stockton","SCK","37.894","-121.239","2023-01-04"
"510533","1988-02-26","F","false","false","usa","jacksonville","JAX","30.494","-81.688","2023-01-04"
"510537","1976-01-19","F","true","true","usa","austin","AUS","30.194","-97.67","2023-01-04"
"510543","2004-03-17","M","false","true","canada","toronto","YYZ","43.677","-79.631","2023-01-04"
"510545","1965-05-17","F","false","false","usa","los angeles","LAX","33.942","-118.408","2023-01-04"
"510558","2000-09-28","M","false","true","usa","newark","EWR","40.692","-74.169","2023-01-04"
"510570","1980-04-16","F","false","false","usa","new york","JFK","40.64","-73.779","2023-01-04"
"510571","2003-09-14","F","true","true","usa","new york","LGA","40.777","-73.872","2023-01-04"
"510575","2001-09-10","F","false","true","usa","los angeles","LAX","33.942","-118.408","2023-01-04"
"510580","1970-04-06","M","false","false","usa","providence","PVD","41.724","-71.428","2023-01-04"
"510582","1997-04-25","M","false","false","usa","phoenix","PHX","33.434","-112.008","2023-01-04"
"510585","2006-10-01","F","false","true","canada","montreal","YUL","45.468","-73.741","2023-01-04"
"510586","1992-04-17","F","false","false","usa","new york","LGA","40.777","-73.872","2023-01-04"
"510610","1989-01-27","F","true","false","usa","new york","LGA","40.777","-73.872","2023-01-04"
"510618","1977-09-23","F","true","true","usa","san diego","SAN","32.733","-117.189","2023-01-04"
"510676","1974-12-28","F","true","true","usa","new york","LGA","40.777","-73.872","2023-01-05"
"510686","1988-02-27","F","true","false","usa","st. petersburg","PIE","27.911","-82.687","2023-01-05"
"510694","1978-09-03","M","false","false","usa","anchorage","ANC","61.174","-149.996","2023-01-05"
"510700","1973-01-09","M","false","false","usa","newark","EWR","40.692","-74.169","2023-01-05"
"510707","1983-06-09","F","false","true","canada","toronto","YKZ","43.862","-79.37","2023-01-05"
"510719","1987-12-17","F","true","true","canada","montreal","YMX","45.68","-74.039","2023-01-05"
"510733","1978-09-19","F","true","true","canada","toronto","YKZ","43.862","-79.37","2023-01-05"
"510754","1980-03-24","F","false","false","usa","charlotte","CLT","35.214","-80.943","2023-01-05"
"510779","1983-02-16","F","false","false","canada","montreal","YHU","45.517","-73.417","2023-01-05"
"510805","1951-05-01","F","false","false","usa","dallas","DAL","32.847","-96.852","2023-01-05"
"510815","1968-05-23","F","true","true","usa","san antonio","SKF","29.384","-98.581","2023-01-05"
"510822","1978-11-16","F","false","false","usa","new york","JFK","40.64","-73.779","2023-01-05"
"510828","2002-11-26","F","false","false","usa","new york","LGA","40.777","-73.872","2023-01-05"
"510836","1983-01-12","F","false","false","usa","nashville","BNA","36.124","-86.678","2023-01-05"
"510841","1986-09-19","M","false","false","canada","montreal","YMX","45.68","-74.039","2023-01-05"
"510890","1990-09-22","F","false","false","usa","dallas","DAL","32.847","-96.852","2023-01-05"
"510899","1969-04-26","F","true","false","usa","kansas city","MCI","39.297","-94.714","2023-01-05"
"510944","1968-04-21","M","true","true","usa","chicago","UGN","42.422","-87.868","2023-01-05"
"510946","1977-05-13","F","true","false","canada","london","YXU","43.036","-81.154","2023-01-05"
"510953","1979-11-14","F","false","false","usa","seattle","SEA","47.449","-122.309","2023-01-05"
"510960","1985-06-04","F","false","false","usa","tallahassee","TLH","30.396","-84.35","2023-01-05"
"510961","1977-11-24","F","true","false","usa","st. petersburg","SPG","27.765","-82.627","2023-01-05"
"510972","1996-07-24","F","true","true","usa","tucson","TUS","32.116","-110.941","2023-01-05"
"511017","1964-03-26","M","true","false","usa","chicago","UGN","42.422","-87.868","2023-01-05"
"511055","1989-01-09","F","false","false","usa","des moines","DSM","41.534","-93.663","2023-01-05"
"511066","1989-07-02","F","false","false","usa","indianapolis","IND","39.717","-86.294","2023-01-05"
"511093","1986-02-11","F","false","true","usa","milwaukee","MKE","42.947","-87.896","2023-01-05"
"511122","1976-10-11","F","true","false","canada","montreal","YHU","45.517","-73.417","2023-01-05"
"511125","1975-08-14","F","true","true","canada","quebec","YQB","46.788","-71.398","2023-01-05"
"511126","1995-12-20","F","false","false","usa","boston","BOS","42.364","-71.005","2023-01-05"
"511140","1983-10-08","F","false","false","usa","san diego","NZY","32.699","-117.215","2023-01-05"
"511142","1982-08-06","F","true","true","usa","new york","JFK","40.64","-73.779","2023-01-05"
"511145","1993-01-10","F","false","true","usa","wichita","IAB","37.623","-97.267","2023-01-05"
"511148","1979-04-14","F","true","true","usa","new york","LGA","40.777","-73.872","2023-01-05"
"511160","1981-05-17","M","true","false","usa","austin","AUS","30.194","-97.67","2023-01-05"
"511178","1986-06-04","F","false","false","usa","new york","LGA","40.777","-73.872","2023-01-05"
"511195","1970-12-19","F","true","false","usa","tallahassee","TLH","30.396","-84.35","2023-01-05"
"511208","1991-01-23","F","false","false","usa","salt lake city","SLC","40.788","-111.978","2023-01-05"
"511219","2006-04-05","F","false","false","usa","phoenix","PHX","33.434","-112.008","2023-01-05"
"511223","1978-12-13","F","true","true","canada","ottawa","YOW","45.323","-75.669","2023-01-05"
"511238","1955-04-13","F","false","false","usa","colorado springs","COS","38.806","-104.7","2023-01-05"
"511260","1988-06-20","F","false","true","usa","san jose","SJC","37.362","-121.929","2023-01-05"
"511298","1989-08-21","F","false","false","usa","new york","JFK","40.64","-73.779","2023-01-05"
"511314","2001-04-08","F","false","false","usa","los angeles","LAX","33.942","-118.408","2023-01-05"
"511326","1982-08-27","F","true","false","usa","seattle","BFI","47.53","-122.302","2023-01-05"
"511328","1990-04-16","M","true","true","usa","phoenix","LUF","33.535","-112.383","2023-01-05"
"511331","1976-08-16","F","false","true","canada","calgary","YYC","51.114","-114.02","2023-01-05"
"511364","1986-03-07","F","false","true","usa","new york","JFK","40.64","-73.779","2023-01-05"
"511377","1959-03-11","F","true","false","canada","gatineau","YND","45.521","-75.564","2023-01-05"
"511379","1976-01-19","F","false","false","canada","montreal","YUL","45.468","-73.741","2023-01-05"
"511397","1987-06-11","F","false","true","usa","new york","LGA","40.777","-73.872","2023-01-05"
"511398","1984-05-11","M","true","false","usa","los angeles","LAX","33.942","-118.408","2023-01-05"
"511399","1975-12-23","F","true","true","usa","san diego","NZY","32.699","-117.215","2023-01-05"
"511418","1971-12-07","F","true","true","usa","new york","JFK","40.64","-73.779","2023-01-05"
"511424","1980-06-02","F","false","false","usa","nashville","BNA","36.124","-86.678","2023-01-05"
"511433","1974-01-07","F","true","false","usa","orlando","MCO","28.429","-81.316","2023-01-05"
"511440","1982-06-22","F","false","false","usa","st. louis","STL","38.748","-90.36","2023-01-05"
"511455","1987-05-20","F","false","false","canada","montreal","YMX","45.68","-74.039","2023-01-05"
"511469","1967-04-14","F","false","false","usa","los angeles","LAX","33.942","-118.408","2023-01-05"
"511489","1981-06-03","F","true","false","usa","louisville","LOU","38.228","-85.664","2023-01-05"
"511502","1977-06-27","M","true","true","usa","milwaukee","MKE","42.947","-87.896","2023-01-05"
"511504","1990-01-15","F","false","false","usa","washington","IAD","38.944","-77.456","2023-01-05"
"511535","1972-05-22","F","true","true","usa","chicago","ORD","41.979","-87.904","2023-01-05"
"511542","1970-01-12","F","false","false","usa","los angeles","LAX","33.942","-118.408","2023-01-05"
"511549","1972-06-07","F","true","true","canada","hamilton","YHM","43.173","-79.935","2023-01-05"
"511552","2005-08-21","M","false","true","usa","minneapolis","MSP","44.88","-93.217","2023-01-05"
"511554","1979-10-07","F","false","false","usa","corpus christi","CRP","27.77","-97.501","2023-01-05"
"511560","1985-09-26","F","false","true","usa","wichita","IAB","37.623","-97.267","2023-01-05"
"511567","1987-09-12","F","false","false","canada","toronto","YZD","43.742","-79.466","2023-01-05"
"511568","2003-04-04","F","false","false","usa","baltimore","BWI","39.175","-76.668","2023-01-05"
"511570","1972-09-10","F","true","true","canada","ottawa","YOW","45.323","-75.669","2023-01-05"
"511577","1981-05-18","F","true","false","usa","fresno","FAT","36.776","-119.718","2023-01-05"
"511578","1972-05-15","F","true","true","usa","wichita","ICT","37.65","-97.433","2023-01-05"
"511587","1971-04-09","F","true","true","canada","toronto","YTZ","43.627","-79.396","2023-01-05"
"511589","1982-09-23","F","false","false","canada","calgary","YYC","51.114","-114.02","2023-01-05"
"511608","2003-04-06","M","false","false","usa","brownsville","BRO","25.907","-97.426","2023-01-05"
"511609","1984-07-01","M","true","false","usa","honolulu","HNL","21.316","-157.927","2023-01-05"
"511613","1981-09-22","F","false","false","usa","miami","TNT","25.862","-80.897","2023-01-05"
"511638","1989-07-01","F","false","true","usa","fresno","FAT","36.776","-119.718","2023-01-05"
"511665","1977-08-17","M","false","true","usa","nashville","BNA","36.124","-86.678","2023-01-05"
"511666","1973-08-25","F","true","false","usa","milwaukee","MKE","42.947","-87.896","2023-01-05"
"511677","1971-06-02","F","false","false","usa","memphis","MEM","35.042","-89.977","2023-01-05"
"511680","1996-03-22","F","false","false","usa","jacksonville","JAX","30.494","-81.688","2023-01-05"
"511697","1984-08-24","F","false","false","usa","detroit","DTW","42.212","-83.353","2023-01-05"
"511712","1995-07-20","F","false","false","usa","buffalo","BUF","42.94","-78.732","2023-01-05"
"511726","1966-09-22","F","false","true","usa","newport news","PHF","37.132","-76.493","2023-01-05"
"511739","1968-09-19","F","false","false","canada","quebec","YQB","46.788","-71.398","2023-01-05"
"511757","1960-02-10","F","true","true","usa","san francisco","SFO","37.619","-122.375","2023-01-05"
"511762","1980-04-09","F","true","false","usa","phoenix","LUF","33.535","-112.383","2023-01-05"
"511764","1969-03-06","M","true","true","usa","long beach","LGB","33.818","-118.151","2023-01-05"
"511772","1995-10-03","F","false","false","usa","chicago","UGN","42.422","-87.868","2023-01-05"
"511778","1985-10-04","F","false","false","usa","long beach","LGB","33.818","-118.151","2023-01-05"
"511783","1976-04-16","F","true","false","usa","riverside","RAL","33.952","-117.445","2023-01-05"
"511784","1988-07-09","F","false","false","usa","bakersfield","BFL","35.433","-119.057","2023-01-05"
"511800","1975-07-28","F","false","false","usa","san jose","SJC","37.362","-121.929","2023-01-05"
"511803","1986-08-23","F","true","true","usa","detroit","YIP","42.238","-83.53","2023-01-05"
"511805","1985-05-21","F","false","false","usa","los angeles","LAX","33.942","-118.408","2023-01-05"
"511809","1982-06-08","M","false","false","usa","fort worth","FTW","32.82","-97.362","2023-01-05"
"511811","1988-02-15","F","false","false","usa","dallas","DAL","32.847","-96.852","2023-01-05"
"511821","1952-12-11","M","false","false","canada","saskatoon","YXE","52.171","-106.7","2023-01-05"
"511827","1948-09-20","M","true","false","usa","columbus","LCK","39.814","-82.928","2023-01-05"
"511851","1983-08-28","F","false","false","canada","winnipeg","YAV","50.056","-97.032","2023-01-05"
"511859","1985-12-09","F","true","false","canada","toronto","YYZ","43.677","-79.631","2023-01-05"
"511860","1983-10-09","F","false","true","usa","detroit","YIP","42.238","-83.53","2023-01-05"
"511862","1983-01-18","F","false","false","canada","montreal","YUL","45.468","-73.741","2023-01-05"
"511878","2006-10-07","F","false","true","usa","san francisco","SFO","37.619","-122.375","2023-01-05"
"511884","1981-07-21","F","false","false","usa","los angeles","LAX","33.942","-118.408","2023-01-05"
"511902","1971-12-02","F","true","true","canada","montreal","YMX","45.68","-74.039","2023-01-05"
"511910","2006-05-16","F","false","true","usa","los angeles","LAX","33.942","-118.408","2023-01-05"
"511916","1981-12-12","F","true","true","canada","saskatoon","YXE","52.171","-106.7","2023-01-05"
"511923","1978-09-16","M","false","false","usa","nashville","BNA","36.124","-86.678","2023-01-05"
"511936","1986-05-06","F","false","false","usa","san antonio","RND","29.529","-98.279","2023-01-05"
"511943","1992-03-05","F","true","true","usa","columbus","LCK","39.814","-82.928","2023-01-05"
"511977","1981-06-23","F","true","false","usa","fresno","FAT","36.776","-119.718","2023-01-05"
"511989","2005-04-15","F","false","false","usa","miami","TNT","25.862","-80.897","2023-01-05"
"511996","1978-12-11","F","false","true","usa","birmingham","BHM","33.563","-86.753","2023-01-05"
"511998","1982-05-28","F","false","false","usa","milwaukee","MKE","42.947","-87.896","2023-01-05"
"512009","1979-10-27","M","false","true","usa","new york","JFK","40.64","-73.779","2023-01-05"
"512010","1965-08-20","F","true","true","usa","los angeles","LAX","33.942","-118.408","2023-01-05"
"512016","1979-07-01","F","false","true","usa","santa ana","SNA","33.676","-117.868","2023-01-05"
"512024","1991-09-28","F","true","false","usa","new york","JFK","40.64","-73.779","2023-01-05"
"512028","1980-06-15","F","false","false","usa","new york","LGA","40.777","-73.872","2023-01-05"
"512060","1970-07-17","F","true","false","usa","sacramento","SMF","38.695","-121.591","2023-01-05"
"512063","1978-09-20","F","true","false","usa","long beach","LGB","33.818","-118.151","2023-01-05"
"512069","1983-05-05","F","false","true","usa","philadelphia","PHL","39.872","-75.241","2023-01-05"
"512078","1993-04-07","F","false","false","usa","santa ana","SNA","33.676","-117.868","2023-01-05"
"512099","1988-11-10","F","false","false","usa","fresno","FAT","36.776","-119.718","2023-01-05"
"512103","1983-09-20","F","true","true","usa","st. louis","STL","38.748","-90.36","2023-01-05"
"512144","2006-01-10","F","false","false","usa","riverside","RAL","33.952","-117.445","2023-01-05"
"512147","1979-04-24","M","false","false","canada","calgary","YYC","51.114","-114.02","2023-01-05"
"512148","2002-09-14","F","false","false","usa","indianapolis","IND","39.717","-86.294","2023-01-05"
"512163","1976-05-20","F","true","false","usa","sacramento","SMF","38.695","-121.591","2023-01-05"
"512173","1975-08-24","M","true","false","usa","san francisco","SFO","37.619","-122.375","2023-01-05"
"512190","1959-11-01","F","true","false","usa","sacramento","SMF","38.695","-121.591","2023-01-05"
"512193","1986-11-13","F","false","true","usa","tulsa","TUL","36.198","-95.888","2023-01-05"
"512197","1991-04-02","F","false","false","usa","new york","JFK","40.64","-73.779","2023-01-05"
"512201","1971-09-28","F","true","false","usa","san jose","SJC","37.362","-121.929","2023-01-05"
"512204","1969-02-15","F","false","false","usa","jacksonville","NZC","30.219","-81.876","2023-01-05"
"512243","1986-10-26","F","true","true","usa","charlotte","CLT","35.214","-80.943","2023-01-05"
"512249","2004-06-08","F","false","false","usa","columbus","LCK","39.814","-82.928","2023-01-05"
"512266","1976-02-07","F","false","false","usa","philadelphia","PNE","40.082","-75.011","2023-01-05"
"512271","1987-10-08","F","false","false","usa","sacramento","SAC","38.513","-121.493","2023-01-05"
"512283","1977-10-11","F","false","false","canada","montreal","YMX","45.68","-74.039","2023-01-05"
"512289","1958-11-19","F","false","false","usa","charlotte","CLT","35.214","-80.943","2023-01-05"
"512294","1971-03-27","F","true","true","usa","houston","IAH","29.98","-95.34","2023-01-05"
"512295","1980-04-01","F","false","false","usa","las vegas","LAS","36.08","-115.152","2023-01-05"
"512301","1981-03-27","F","false","false","usa","columbus","LCK","39.814","-82.928","2023-01-05"
"512302","1977-02-06","F","true","true","usa","atlanta","ATL","33.64","-84.427","2023-01-05"
"512303","1974-03-10","F","false","true","usa","denver","DEN","39.858","-104.667","2023-01-05"
"512305","1999-04-14","F","false","false","usa","san jose","SJC","37.362","-121.929","2023-01-05"
"512322","1980-01-02","M","false","false","usa","columbus","LCK","39.814","-82.928","2023-01-05"
"512329","1987-09-12","F","true","false","canada","hamilton","YHM","43.173","-79.935","2023-01-05"
"512362","1992-05-13","F","false","false","usa","chicago","UGN","42.422","-87.868","2023-01-05"
"512377","1983-11-26","F","false","true","usa","new york","LGA","40.777","-73.872","2023-01-05"
"512392","1981-08-23","F","false","false","usa","lubbock","LBB","33.664","-101.823","2023-01-05"
"512397","2006-12-15","F","false","true","usa","brownsville","BRO","25.907","-97.426","2023-01-05"
"512402","1979-04-10","F","false","true","canada","london","YXU","43.036","-81.154","2023-01-05"
"512416","1994-06-17","F","false","false","usa","jacksonville","NZC","30.219","-81.876","2023-01-05"
"512418","1974-03-11","F","false","true","usa","seattle","SEA","47.449","-122.309","2023-01-05"
"512419","1969-04-11","F","true","true","canada","ottawa","YOW","45.323","-75.669","2023-01-05"
"512440","1989-12-15","F","true","false","usa","columbus","CMH","39.998","-82.892","2023-01-05"
"512443","1985-04-15","F","true","true","usa","new york","JFK","40.64","-73.779","2023-01-05"
"512447","2003-01-08","F","false","false","usa","stockton","SCK","37.894","-121.239","2023-01-05"
"512463","1986-02-07","M","false","false","usa","lincoln","LNK","40.851","-96.759","2023-01-05"
"512495","1985-02-06","F","false","false","usa","louisville","LOU","38.228","-85.664","2023-01-05"
"512529","1983-07-22","F","true","true","usa","miami","TNT","25.862","-80.897","2023-01-05"
"512536","1970-11-15","F","true","true","usa","los angeles","LAX","33.942","-118.408","2023-01-05"
"512552","1975-11-26","F","true","false","canada","toronto","YKZ","43.862","-79.37","2023-01-05"
"512556","1973-01-25","F","true","false","usa","el paso","BIF","31.849","-106.38","2023-01-05"
"512558","1968-04-23","M","true","false","usa","houston","IAH","29.98","-95.34","2023-01-05"
"512587","1986-05-06","F","false","false","usa","oakland","OAK","37.721","-122.221","2023-01-05"
"512589","1981-02-08","M","false","false","usa","lincoln","LNK","40.851","-96.759","2023-01-05"
"512596","1969-06-16","F","true","false","usa","laredo","LRD","27.544","-99.461","2023-01-05"
"512598","1986-04-05","M","false","false","usa","chicago","UGN","42.422","-87.868","2023-01-05"
"512610","1983-11-02","F","false","false","usa","las vegas","LAS","36.08","-115.152","2023-01-05"
"512623","1999-08-16","F","false","false","usa","columbus","CMH","39.998","-82.892","2023-01-05"
"512628","1989-03-02","F","false","false","canada","winnipeg","YAV","50.056","-97.032","2023-01-05"
"512631","1969-05-06","F","false","false","canada","montreal","YUL","45.468","-73.741","2023-01-05"
"512655","1980-06-25","F","false","false","usa","nashville","BNA","36.124","-86.678","2023-01-05"
"512671","1968-02-08","F","true","false","usa","st. petersburg","PIE","27.911","-82.687","2023-01-05"
"512677","1999-04-22","F","true","false","usa","atlanta","ATL","33.64","-84.427","2023-01-05"
"512680","1959-11-03","F","true","true","canada","montreal","YMX","45.68","-74.039","2023-01-05"
"512691","1991-07-25","F","false","true","usa","new york","LGA","40.777","-73.872","2023-01-05"
"512693","1986-06-21","F","false","false","usa","little rock","LIT","34.729","-92.224","2023-01-05"
"512695","1977-02-14","F","true","false","usa","omaha","OMA","41.302","-95.894","2023-01-06"
"512696","2006-10-10","F","false","false","usa","buffalo","BUF","42.94","-78.732","2023-01-06"
"512704","1993-09-02","F","true","true","usa","san antonio","SAT","29.534","-98.47","2023-01-06"
"512706","1970-08-14","F","true","true","usa","las vegas","LSV","36.236","-115.034","2023-01-06"
"512780","1980-11-04","F","false","false","canada","vancouver","YVR","49.195","-123.182","2023-01-06"
"512786","1984-02-27","M","false","false","usa","new york","LGA","40.777","-73.872","2023-01-06"
"512787","1972-04-19","F","false","false","usa","new york","LGA","40.777","-73.872","2023-01-06"
"512791","1990-02-13","F","false","true","usa","atlanta","ATL","33.64","-84.427","2023-01-06"
"512801","1970-10-05","F","false","false","usa","los angeles","LAX","33.942","-118.408","2023-01-06"
"512826","1983-07-03","F","true","false","usa","richmond","RIC","37.505","-77.319","2023-01-06"
"512831","1980-02-22","F","false","false","usa","san antonio","SKF","29.384","-98.581","2023-01-06"
"512835","1983-07-06","F","true","false","usa","los angeles","LAX","33.942","-118.408","2023-01-06"
"512846","1986-06-02","F","true","true","canada","montreal","YUL","45.468","-73.741","2023-01-06"
"512848","1988-06-04","F","false","false","usa","houston","EFD","29.607","-95.159","2023-01-06"
"512880","1977-01-04","F","false","false","usa","minneapolis","MSP","44.88","-93.217","2023-01-06"
"512887","1984-11-07","M","false","false","usa","san diego","SAN","32.733","-117.189","2023-01-06"
"512888","1986-09-13","F","true","false","usa","chicago","MDW","41.786","-87.752","2023-01-06"
"512900","1992-03-27","F","false","false","usa","miami","OPF","25.907","-80.278","2023-01-06"
"512904","1960-05-08","F","true","false","usa","phoenix","PHX","33.434","-112.008","2023-01-06"
"512922","1990-01-14","F","false","true","usa","tucson","TUS","32.116","-110.941","2023-01-06"
"512928","2006-01-22","F","false","false","usa","los angeles","LAX","33.942","-118.408","2023-01-06"
"512943","1977-07-26","F","true","true","canada","toronto","YKZ","43.862","-79.37","2023-01-06"
"512945","1999-03-08","F","false","false","usa","los angeles","LAX","33.942","-118.408","2023-01-06"
"512974","2006-12-11","F","false","false","canada","toronto","YKZ","43.862","-79.37","2023-01-06"
"512976","1987-10-10","F","false","false","usa","los angeles","LAX","33.942","-118.408","2023-01-06"
"512984","1966-06-14","F","false","false","usa","spokane","GEG","47.62","-117.534","2023-01-06"
"512999","1989-09-23","F","true","false","usa","new york","JFK","40.64","-73.779","2023-01-06"
"513004","1983-05-25","F","false","false","usa","providence","PVD","41.724","-71.428","2023-01-06"
"513005","1995-10-25","F","false","false","usa","milwaukee","MKE","42.947","-87.896","2023-01-06"
"513006","1966-01-27","F","true","false","usa","st. petersburg","SPG","27.765","-82.627","2023-01-06"
"513026","1983-03-27","F","true","false","usa","chicago","MDW","41.786","-87.752","2023-01-06"
"513030","1985-08-14","F","false","false","usa","san jose","SJC","37.362","-121.929","2023-01-06"
"513031","1977-07-19","F","true","true","usa","detroit","DTW","42.212","-83.353","2023-01-06"
"513058","1972-05-07","F","false","true","usa","new york","JFK","40.64","-73.779","2023-01-06"
"513089","1985-02-09","F","true","false","usa","sacramento","SMF","38.695","-121.591","2023-01-06"
"513090","2002-04-19","M","false","true","usa","los angeles","LAX","33.942","-118.408","2023-01-06"
"513091","1952-10-25","F","true","false","usa","san diego","SAN","32.733","-117.189","2023-01-06"
"513093","1968-07-28","F","false","false","usa","charlotte","CLT","35.214","-80.943","2023-01-06"
"513096","1994-05-05","F","true","true","usa","dallas","DAL","32.847","-96.852","2023-01-06"
"513103","1992-03-13","F","false","true","usa","philadelphia","PHL","39.872","-75.241","2023-01-06"
"513126","1987-10-08","F","false","false","usa","san diego","SAN","32.733","-117.189","2023-01-06"
"513138","2006-12-04","F","false","true","usa","seattle","BFI","47.53","-122.302","2023-01-06"
"513164","1981-07-21","F","false","false","usa","mobile","BFM","30.626","-88.068","2023-01-06"
"513206","1976-06-02","M","false","false","usa","orlando","MCO","28.429","-81.316","2023-01-06"
"513216","1986-01-01","F","true","false","usa","new york","JFK","40.64","-73.779","2023-01-06"
"513220","1978-10-28","F","false","false","usa","indianapolis","IND","39.717","-86.294","2023-01-06"
"513221","1992-11-13","F","false","false","usa","kansas city","MCI","39.297","-94.714","2023-01-06"
"513227","1960-08-28","F","true","false","usa","new york","LGA","40.777","-73.872","2023-01-06"
"513233","1985-03-23","F","true","true","usa","riverside","RIV","33.881","-117.259","2023-01-06"
"513236","1980-08-12","F","true","true","usa","philadelphia","PNE","40.082","-75.011","2023-01-06"
"513237","1987-10-22","F","true","true","canada","toronto","YZD","43.742","-79.466","2023-01-06"
"513241","1987-09-14","F","false","true","usa","las vegas","LAS","36.08","-115.152","2023-01-06"
"513242","1994-09-16","F","false","false","usa","detroit","DTW","42.212","-83.353","2023-01-06"
"513259","1970-01-11","F","true","false","usa","seattle","SEA","47.449","-122.309","2023-01-06"
"513261","1964-07-05","F","true","true","usa","new york","JFK","40.64","-73.779","2023-01-06"
"513289","1989-03-07","F","false","false","canada","calgary","YYC","51.114","-114.02","2023-01-06"
"513296","1986-06-05","F","false","false","usa","columbus","CMH","39.998","-82.892","2023-01-06"
"513317","1969-02-21","F","true","false","usa","dallas","DAL","32.847","-96.852","2023-01-06"
"513322","1973-01-04","F","false","false","usa","new york","LGA","40.777","-73.872","2023-01-06"
"513338","1969-07-21","F","true","false","usa","oklahoma city","OKC","35.393","-97.601","2023-01-06"
"513339","1995-04-01","F","false","false","usa","new york","LGA","40.777","-73.872","2023-01-06"
"513345","2000-11-02","F","true","true","usa","lubbock","LBB","33.664","-101.823","2023-01-06"
"513347","1974-10-08","F","true","true","usa","los angeles","LAX","33.942","-118.408","2023-01-06"
"513366","1979-10-26","F","false","false","canada","montreal","YUL","45.468","-73.741","2023-01-06"
"513381","1973-02-03","F","true","true","usa","akron","AKR","41.038","-81.467","2023-01-06"
"513387","1974-11-28","F","true","true","usa","chicago","ORD","41.979","-87.904","2023-01-06"
"513397","1970-08-20","F","false","false","usa","new york","JFK","40.64","-73.779","2023-01-06"
"513402","1978-08-03","F","true","true","usa","tacoma","TCM","47.138","-122.476","2023-01-06"
"513408","1992-05-28","M","false","true","usa","modesto","MOD","37.626","-120.954","2023-01-06"
"513422","1982-02-05","F","true","false","usa","new orleans","MSY","29.993","-90.258","2023-01-06"
"513425","1974-06-03","F","true","true","usa","burlington","BTV","44.472","-73.153","2023-01-06"
"513438","1972-10-02","F","true","true","usa","san antonio","RND","29.529","-98.279","2023-01-06"
"513441","1988-09-06","F","false","true","usa","madison","MSN","43.14","-89.337","2023-01-06"
"513470","1976-06-02","F","true","true","usa","san diego","SAN","32.733","-117.189","2023-01-06"
"513495","1993-03-13","F","false","false","usa","san diego","SAN","32.733","-117.189","2023-01-06"
"513497","1979-09-12","F","false","false","usa","las vegas","LSV","36.236","-115.034","2023-01-06"
"513509","1987-12-28","F","false","false","usa","new york","LGA","40.777","-73.872","2023-01-06"
"513543","1991-09-07","F","false","true","usa","new york","LGA","40.777","-73.872","2023-01-06"
"513546","1979-03-04","F","false","false","usa","louisville","LOU","38.228","-85.664","2023-01-06"
"513555","1978-08-09","F","false","false","usa","seattle","BFI","47.53","-122.302","2023-01-06"
"513568","1963-10-04","F","false","false","canada","halifax","YAW","44.64","-63.499","2023-01-06"
"513569","2006-01-09","F","false","false","usa","boston","BOS","42.364","-71.005","2023-01-06"
"513582","1975-02-14","F","true","false","usa","los angeles","LAX","33.942","-118.408","2023-01-06"
"513602","1997-06-21","F","false","false","usa","new york","JFK","40.64","-73.779","2023-01-06"
"513611","1975-06-09","F","false","false","usa","washington","DCA","38.852","-77.037","2023-01-06"
"513613","1977-02-16","M","false","false","usa","orlando","MCO","28.429","-81.316","2023-01-06"
"513620","2006-05-14","F","false","false","canada","toronto","YZD","43.742","-79.466","2023-01-06"
"513625","1995-09-25","F","false","true","usa","kansas city","MCI","39.297","-94.714","2023-01-06"
"513627","1965-11-05","F","true","false","usa","atlanta","ATL","33.64","-84.427","2023-01-06"
"513628","1983-11-09","F","true","false","usa","fresno","FAT","36.776","-119.718","2023-01-06"
"513638","1967-12-01","F","true","true","canada","toronto","YKZ","43.862","-79.37","2023-01-06"
"513659","1982-07-13","F","false","false","usa","honolulu","HNL","21.316","-157.927","2023-01-06"
"513661","1998-05-22","F","false","false","canada","winnipeg","YWG","49.91","-97.234","2023-01-06"
"513683","1970-10-02","M","true","false","usa","fort worth","FTW","32.82","-97.362","2023-01-06"
"513714","2001-02-11","F","false","false","usa","phoenix","LUF","33.535","-112.383","2023-01-06"
"513721","1983-01-14","F","false","false","usa","nashville","BNA","36.124","-86.678","2023-01-06"
"513742","1992-08-26","F","false","true","usa","louisville","LOU","38.228","-85.664","2023-01-06"
"513761","1985-02-26","F","false","false","usa","los angeles","LAX","33.942","-118.408","2023-01-06"
"513776","1957-07-19","F","false","false","usa","chicago","UGN","42.422","-87.868","2023-01-06"
"513787","1981-05-28","M","true","false","usa","memphis","MEM","35.042","-89.977","2023-01-06"
"513791","1985-08-23","F","false","false","canada","toronto","YTZ","43.627","-79.396","2023-01-06"
"513796","1978-12-07","F","true","false","usa","tacoma","TCM","47.138","-122.476","2023-01-06"
"513800","1971-05-09","M","true","true","usa","indianapolis","IND","39.717","-86.294","2023-01-06"
"513807","1979-08-18","F","true","true","usa","chicago","UGN","42.422","-87.868","2023-01-06"
"513823","1978-09-23","F","true","false","usa","new york","LGA","40.777","-73.872","2023-01-06"
"513826","1981-02-10","F","false","false","usa","el paso","BIF","31.849","-106.38","2023-01-06"
"513844","1987-09-28","M","true","false","usa","oklahoma city","TIK","35.415","-97.386","2023-01-06"
"513853","1975-04-11","F","false","true","usa","san francisco","SFO","37.619","-122.375","2023-01-06"
"513856","1987-06-06","M","false","false","canada","london","YXU","43.036","-81.154","2023-01-06"
"513860","1959-08-09","F","true","false","canada","montreal","YUL","45.468","-73.741","2023-01-06"
"513869","1983-06-07","F","false","true","usa","newark","EWR","40.692","-74.169","2023-01-06"
"513875","1989-07-20","F","true","true","usa","orlando","MCO","28.429","-81.316","2023-01-06"
"513917","1968-04-18","F","true","true","usa","philadelphia","PHL","39.872","-75.241","2023-01-06"
"513926","1986-08-14","M","false","false","usa","new york","JFK","40.64","-73.779","2023-01-06"
"513933","1985-09-13","M","false","false","canada","toronto","YKZ","43.862","-79.37","2023-01-06"
"513953","1984-08-20","F","true","false","usa","tacoma","TCM","47.138","-122.476","2023-01-06"
"513956","1996-03-13","F","false","false","canada","vancouver","YVR","49.195","-123.182","2023-01-06"
"513964","1974-12-08","F","false","false","usa","colorado springs","COS","38.806","-104.7","2023-01-06"
"513967","1986-06-04","F","false","false","usa","phoenix","PHX","33.434","-112.008","2023-01-06"
"513995","1986-01-22","F","true","true","usa","dallas","DAL","32.847","-96.852","2023-01-06"
"514002","1985-02-14","F","false","false","usa","los angeles","LAX","33.942","-118.408","2023-01-06"
"514003","1986-10-01","F","true","false","usa","chicago","MDW","41.786","-87.752","2023-01-06"
"514021","1947-06-01","F","false","false","usa","nashville","BNA","36.124","-86.678","2023-01-06"
"514023","1979-11-19","M","false","true","usa","los angeles","LAX","33.942","-118.408","2023-01-06"
"514053","1981-04-15","F","true","true","canada","victoria","YYJ","48.647","-123.426","2023-01-06"
"514071","1985-06-18","F","false","false","usa","new york","LGA","40.777","-73.872","2023-01-06"
"514076","1966-09-06","F","true","true","usa","new york","JFK","40.64","-73.779","2023-01-06"
"514113","2006-06-28","F","false","true","usa","jacksonville","LRF","34.918","-92.146","2023-01-06"
"514132","1986-07-18","F","false","true","usa","san antonio","RND","29.529","-98.279","2023-01-06"
"514133","1981-11-28","F","true","false","usa","portland","PDX","45.589","-122.597","2023-01-06"
"514164","1977-03-07","F","true","false","usa","bakersfield","BFL","35.433","-119.057","2023-01-06"
"514167","1972-07-17","F","false","false","usa","phoenix","PHX","33.434","-112.008","2023-01-06"
"514206","1988-08-20","F","true","false","usa","austin","AUS","30.194","-97.67","2023-01-06"
"514208","1985-12-28","F","false","true","usa","portland","PWM","43.646","-70.309","2023-01-06"
"514210","1981-06-08","F","false","false","canada","toronto","YZD","43.742","-79.466","2023-01-06"
"514215","1970-04-13","F","false","false","usa","minneapolis","MSP","44.88","-93.217","2023-01-06"
"514235","1994-02-16","F","false","true","usa","oakland","OAK","37.721","-122.221","2023-01-06"
"514261","1992-01-10","F","false","false","canada","toronto","YTZ","43.627","-79.396","2023-01-06"
"514275","1993-06-16","F","false","false","canada","montreal","YMX","45.68","-74.039","2023-01-06"
"514289","1972-09-12","F","true","true","canada","montreal","YUL","45.468","-73.741","2023-01-06"
"514300","1983-11-08","M","false","false","usa","oklahoma city","TIK","35.415","-97.386","2023-01-06"
"514315","2001-02-17","F","false","false","canada","winnipeg","YAV","50.056","-97.032","2023-01-06"
"514318","1971-07-27","F","true","true","usa","seattle","SEA","47.449","-122.309","2023-01-06"
"514324","1969-11-21","F","true","false","usa","los angeles","LAX","33.942","-118.408","2023-01-06"
"514337","1977-06-25","F","false","false","usa","chicago","ORD","41.979","-87.904","2023-01-06"
"514342","1981-11-02","F","false","false","usa","baltimore","BWI","39.175","-76.668","2023-01-06"
"514344","1958-03-21","F","false","false","usa","jacksonville","NZC","30.219","-81.876","2023-01-06"
"514370","1980-12-23","F","false","false","usa","new york","JFK","40.64","-73.779","2023-01-06"
"514384","1980-06-12","F","false","false","canada","toronto","YKZ","43.862","-79.37","2023-01-06"
"514395","1985-05-02","F","false","false","usa","los angeles","LAX","33.942","-118.408","2023-01-06"
"514457","1982-07-06","F","false","false","usa","modesto","MOD","37.626","-120.954","2023-01-06"
"514460","1986-06-19","F","true","false","usa","san jose","SJC","37.362","-121.929","2023-01-06"
"514461","1988-05-12","F","true","true","usa","philadelphia","PHL","39.872","-75.241","2023-01-06"
"514501","1974-02-20","F","true","true","usa","kansas city","MCI","39.297","-94.714","2023-01-06"
"514503","2001-10-04","F","false","false","usa","lubbock","LBB","33.664","-101.823","2023-01-06"
"514515","1985-05-23","F","false","false","canada","vancouver","YVR","49.195","-123.182","2023-01-06"
"514526","1974-06-16","F","true","true","usa","jacksonville","NIP","30.236","-81.681","2023-01-06"
"514551","2000-12-14","F","false","false","usa","new york","LGA","40.777","-73.872","2023-01-06"
"514586","1980-06-20","F","false","false","usa","chicago","ORD","41.979","-87.904","2023-01-06"
"514589","1976-07-05","F","true","false","usa","los angeles","LAX","33.942","-118.408","2023-01-06"
"514617","1984-08-09","F","false","true","usa","san diego","SAN","32.733","-117.189","2023-01-06"
"514623","1985-11-28","F","true","true","usa","sacramento","SMF","38.695","-121.591","2023-01-06"
"514627","1978-08-03","F","false","false","canada","hamilton","YHM","43.173","-79.935","2023-01-06"
"514638","1984-02-11","F","true","true","usa","montgomery","MXF","32.379","-86.362","2023-01-06"
"514639","1955-02-09","F","true","false","usa","houston","IAH","29.98","-95.34","2023-01-06"
"514642","1956-04-12","F","true","false","usa","los angeles","LAX","33.942","-118.408","2023-01-06"
"514660","1983-05-03","F","true","true","usa","phoenix","PHX","33.434","-112.008","2023-01-06"
"514675","1972-11-07","F","true","false","usa","chicago","UGN","42.422","-87.868","2023-01-06"
"514682","1980-08-04","F","false","false","usa","chicago","ORD","41.979","-87.904","2023-01-06"
"514684","1999-08-09","F","false","false","usa","minneapolis","MSP","44.88","-93.217","2023-01-06"
"514689","1980-07-20","M","true","true","usa","akron","AKR","41.038","-81.467","2023-01-06"
"514737","1967-12-10","F","true","true","usa","washington","IAD","38.944","-77.456","2023-01-07"
"514785","1977-10-25","F","true","false","usa","fort worth","FTW","32.82","-97.362","2023-01-07"
"514810","1991-07-28","M","false","true","usa","nashville","BNA","36.124","-86.678","2023-01-07"
"514830","1970-07-01","F","false","false","usa","los angeles","LAX","33.942","-118.408","2023-01-07"
"514867","1979-09-09","F","true","true","usa","denver","DEN","39.858","-104.667","2023-01-07"
"514876","2006-03-25","F","false","false","usa","milwaukee","MKE","42.947","-87.896","2023-01-07"
"514892","1985-01-04","F","false","false","usa","phoenix","PHX","33.434","-112.008","2023-01-07"
"514893","1955-09-08","F","true","false","usa","rochester","ROC","43.119","-77.672","2023-01-07"
"514899","1986-09-14","F","false","true","usa","boston","BOS","42.364","-71.005","2023-01-07"
"514925","2006-12-27","F","false","false","canada","ottawa","YOW","45.323","-75.669","2023-01-07"
"514926","1995-05-22","F","false","false","canada","halifax","YHZ","44.881","-63.509","2023-01-07"
"514931","2006-09-01","F","false","false","usa","baton rouge","BTR","30.533","-91.149","2023-01-07"
"514944","1975-03-04","M","true","true","usa","los angeles","LAX","33.942","-118.408","2023-01-07"
"514951","1986-03-06","F","false","true","usa","austin","AUS","30.194","-97.67","2023-01-07"
"514953","1977-07-03","F","true","false","usa","sacramento","SMF","38.695","-121.591","2023-01-07"
"514980","1985-03-28","M","false","false","usa","indianapolis","IND","39.717","-86.294","2023-01-07"
"514981","1975-12-15","F","true","false","usa","long beach","LGB","33.818","-118.151","2023-01-07"
"515004","1973-04-19","F","true","true","usa","sacramento","MHR","38.554","-121.297","2023-01-07"
"515013","1975-08-17","F","false","false","usa","milwaukee","MKE","42.947","-87.896","2023-01-07"
"515020","2003-02-08","F","false","false","usa","san francisco","SFO","37.619","-122.375","2023-01-07"
"515030","1990-05-24","M","false","false","usa","fort worth","FTW","32.82","-97.362","2023-01-07"
"515051","1977-09-21","F","true","false","canada","calgary","YYC","51.114","-114.02","2023-01-07"
"515058","1974-03-21","F","false","false","canada","saskatoon","YXE","52.171","-106.7","2023-01-07"
"515060","1974-10-11","F","false","false","usa","chicago","ORD","41.979","-87.904","2023-01-07"
"515085","1963-05-14","F","true","true","usa","new york","JFK","40.64","-73.779","2023-01-07"
"515103","1972-08-11","F","true","true","usa","chicago","MDW","41.786","-87.752","2023-01-07"
"515124","1973-07-05","F","false","false","usa","reno","RNO","39.498","-119.768","2023-01-07"
"515131","1977-03-14","F","true","false","usa","san antonio","RND","29.529","-98.279","2023-01-07"
"515139","1987-12-05","F","false","false","usa","new york","JFK","40.64","-73.779","2023-01-07"
"515161","1976-02-18","F","true","true","usa","santa ana","SNA","33.676","-117.868","2023-01-07"
"515168","1977-06-26","F","false","true","canada","london","YXU","43.036","-81.154","2023-01-07"
"515182","1985-03-28","F","false","false","usa","dallas","DAL","32.847","-96.852","2023-01-07"
"515198","1985-03-14","F","false","false","canada","toronto","YTZ","43.627","-79.396","2023-01-07"
"515200","1989-06-26","F","true","false","usa","mobile","BFM","30.626","-88.068","2023-01-07"
"515202","1948-08-06","F","true","false","usa","chicago","MDW","41.786","-87.752","2023-01-07"
"515205","1952-10-15","F","true","false","usa","spokane","GEG","47.62","-117.534","2023-01-07"
"515229","1971-09-10","F","true","true","usa","los angeles","LAX","33.942","-118.408","2023-01-07"
"515240","1980-03-08","F","true","true","usa","indianapolis","IND","39.717","-86.294","2023-01-07"
"515243","1982-08-28","F","true","false","usa","honolulu","HNL","21.316","-157.927","2023-01-07"
"515258","1997-05-03","M","false","false","usa","des moines","DSM","41.534","-93.663","2023-01-07"
"515271","1967-04-25","F","false","true","canada","montreal","YHU","45.517","-73.417","2023-01-07"
"515274","1988-03-20","M","false","false","canada","toronto","YKZ","43.862","-79.37","2023-01-07"
"515306","1974-10-12","F","true","false","usa","modesto","MOD","37.626","-120.954","2023-01-07"
"515330","1975-07-22","F","false","false","usa","houston","IAH","29.98","-95.34","2023-01-07"
"515344","1976-01-09","M","false","false","usa","new york","LGA","40.777","-73.872","2023-01-07"
"515398","1983-08-16","F","true","true","usa","new york","LGA","40.777","-73.872","2023-01-07"
"515409","1979-04-09","F","true","true","usa","new york","JFK","40.64","-73.779","2023-01-07"
"515421","1975-08-27","F","false","false","canada","toronto","YKZ","43.862","-79.37","2023-01-07"
"515423","1968-02-01","F","true","false","canada","victoria","YYJ","48.647","-123.426","2023-01-07"
"515436","2001-05-24","F","false","false","usa","grand rapids","GRR","42.881","-85.523","2023-01-07"
"515478","1992-11-06","F","true","true","usa","winston-salem","INT","36.134","-80.222","2023-01-07"
"515490","1967-12-08","F","true","true","usa","oklahoma city","TIK","35.415","-97.386","2023-01-07"
"515502","1990-09-17","F","false","true","usa","phoenix","PHX","33.434","-112.008","2023-01-07"
"515514","2004-06-18","F","true","false","usa","newport news","PHF","37.132","-76.493","2023-01-07"
"515516","1990-01-05","M","true","false","usa","houston","EFD","29.607","-95.159","2023-01-07"
"515523","2000-12-21","M","false","false","usa","las vegas","LAS","36.08","-115.152","2023-01-07"
"515529","1980-05-01","F","true","true","usa","richmond","RIC","37.505","-77.319","2023-01-07"
"515530","2005-09-14","F","false","true","canada","calgary","YYC","51.114","-114.02","2023-01-07"
"515565","1979-10-25","F","false","true","usa","los angeles","LAX","33.942","-118.408","2023-01-07"
"515578","1987-04-03","M","false","false","usa","san francisco","SFO","37.619","-122.375","2023-01-07"
"515580","1979-04-21","F","false","false","usa","indianapolis","IND","39.717","-86.294","2023-01-07"
"515586","1969-07-04","F","false","false","usa","san diego","SAN","32.733","-117.189","2023-01-07"
"515610","1991-01-10","M","true","true","canada","vancouver","YVR","49.195","-123.182","2023-01-07"
"515634","2006-09-25","F","false","false","usa","austin","AUS","30.194","-97.67","2023-01-07"
"515639","1984-05-27","F","false","false","usa","los angeles","LAX","33.942","-118.408","2023-01-07"
"515645","1987-11-09","F","true","false","usa","new york","LGA","40.777","-73.872","2023-01-07"
"515666","1984-12-01","F","true","false","usa","columbus","LCK","39.814","-82.928","2023-01-07"
"515675","1993-01-15","F","false","false","usa","tacoma","TCM","47.138","-122.476","2023-01-07"
"515684","1969-11-28","F","false","false","usa","new york","LGA","40.777","-73.872","2023-01-07"
"515688","1976-11-07","F","true","true","usa","akron","AKR","41.038","-81.467","2023-01-07"
"515694","1980-04-03","F","false","false","usa","lubbock","LBB","33.664","-101.823","2023-01-07"
"515713","1981-06-05","F","true","false","usa","tucson","DMA","32.166","-110.883","2023-01-07"
"515727","1985-08-02","F","true","false","usa","laredo","LRD","27.544","-99.461","2023-01-07"
"515735","1960-07-23","F","true","true","usa","chicago","MDW","41.786","-87.752","2023-01-07"
"515739","1976-01-08","F","true","false","usa","new york","LGA","40.777","-73.872","2023-01-07"
"515751","1981-07-09","F","true","true","usa","new york","JFK","40.64","-73.779","2023-01-07"
"515764","2000-05-23","F","false","true","canada","edmonton","YED","53.667","-113.467","2023-01-07"
"515778","1971-10-05","F","true","false","usa","milwaukee","MKE","42.947","-87.896","2023-01-07"
"515802","1982-11-05","F","false","false","usa","las vegas","LAS","36.08","-115.152","2023-01-07"
"515818","1957-06-20","M","false","false","usa","chicago","ORD","41.979","-87.904","2023-01-07"
"515831","1991-10-07","F","false","true","usa","indianapolis","IND","39.717","-86.294","2023-01-07"
"515835","1976-06-05","F","true","true","usa","fort worth","FTW","32.82","-97.362","2023-01-07"
"515854","1957-03-04","F","true","false","usa","reno","RNO","39.498","-119.768","2023-01-07"
"515874","1956-04-18","F","true","false","usa","anchorage","ANC","61.174","-149.996","2023-01-07"
"515891","1983-03-27","F","false","false","usa","indianapolis","IND","39.717","-86.294","2023-01-07"
"515901","1988-05-12","F","false","false","usa","phoenix","PHX","33.434","-112.008","2023-01-07"
"515908","1976-01-22","F","true","true","usa","st. louis","STL","38.748","-90.36","2023-01-07"
"515941","1976-10-25","F","true","true","usa","st. petersburg","PIE","27.911","-82.687","2023-01-07"
"515947","1992-12-18","F","false","false","usa","new york","LGA","40.777","-73.872","2023-01-07"
"515953","1980-09-16","F","true","false","usa","los angeles","LAX","33.942","-118.408","2023-01-07"
"515974","2000-12-09","M","false","true","usa","dallas","DAL","32.847","-96.852","2023-01-07"
"515985","1981-05-20","F","true","false","canada","ottawa","YOW","45.323","-75.669","2023-01-07"
"516001","1992-01-01","F","true","false","usa","anchorage","EDF","61.251","-149.806","2023-01-07"
"516004","1973-03-20","F","true","true","usa","san francisco","SFO","37.619","-122.375","2023-01-07"
"516006","1975-10-09","F","true","false","usa","san antonio","RND","29.529","-98.279","2023-01-07"
"516039","2006-11-25","F","false","false","usa","santa ana","SNA","33.676","-117.868","2023-01-07"
"516053","1981-09-15","F","false","true","usa","los angeles","LAX","33.942","-118.408","2023-01-07"
"516057","1985-10-14","F","false","false","usa","houston","HOU","29.645","-95.279","2023-01-07"
"516061","1968-09-28","F","true","false","usa","chicago","UGN","42.422","-87.868","2023-01-07"
"516076","1953-06-20","F","true","false","usa","riverside","RAL","33.952","-117.445","2023-01-07"
"516086","2006-06-02","F","false","true","usa","new york","LGA","40.777","-73.872","2023-01-07"
"516089","1967-04-10","F","true","true","usa","baltimore","BWI","39.175","-76.668","2023-01-07"
"516092","1986-02-09","M","true","false","usa","indianapolis","IND","39.717","-86.294","2023-01-07"
"516105","1973-09-10","F","true","true","usa","austin","AUS","30.194","-97.67","2023-01-07"
"516117","1976-11-06","F","false","true","usa","charlotte","CLT","35.214","-80.943","2023-01-07"
"516118","1985-09-01","M","true","false","usa","newark","EWR","40.692","-74.169","2023-01-07"
"516127","1993-03-14","F","true","false","usa","denver","DEN","39.858","-104.667","2023-01-07"
"516132","1975-02-07","F","false","true","usa","dallas","DAL","32.847","-96.852","2023-01-07"
"516144","1973-04-02","F","true","true","usa","denver","DEN","39.858","-104.667","2023-01-07"
"516150","1959-02-18","F","true","true","usa","baton rouge","BTR","30.533","-91.149","2023-01-07"
"516152","1987-10-22","F","false","false","usa","madison","MSN","43.14","-89.337","2023-01-07"
"516176","1972-12-10","O","false","true","usa","new york","JFK","40.64","-73.779","2023-01-07"
"516177","1973-06-26","F","false","false","usa","philadelphia","PNE","40.082","-75.011","2023-01-07"
"516178","1995-06-19","F","false","true","canada","vancouver","YVR","49.195","-123.182","2023-01-07"
"516211","1982-11-24","M","true","false","usa","philadelphia","PHL","39.872","-75.241","2023-01-07"
"516216","1986-05-26","F","false","false","usa","philadelphia","PHL","39.872","-75.241","2023-01-07"
"516217","1979-05-19","M","true","false","canada","edmonton","YEG","53.31","-113.58","2023-01-07"
"516243","1991-03-08","F","false","true","usa","buffalo","BUF","42.94","-78.732","2023-01-07"
"516246","1986-02-15","F","false","false","usa","austin","AUS","30.194","-97.67","2023-01-07"
"516251","1972-04-20","F","true","false","canada","calgary","YYC","51.114","-114.02","2023-01-07"
"516269","1986-09-07","F","false","false","usa","stockton","SCK","37.894","-121.239","2023-01-07"
"516273","1982-07-26","F","false","true","usa","tampa","TPA","27.975","-82.533","2023-01-07"
"516282","1981-04-08","F","true","false","canada","victoria","YYJ","48.647","-123.426","2023-01-07"
"516283","1999-10-13","M","true","true","usa","phoenix","PHX","33.434","-112.008","2023-01-07"
"516287","1970-10-10","F","true","false","usa","honolulu","HNL","21.316","-157.927","2023-01-07"
"516290","1978-10-10","M","false","false","usa","omaha","OMA","41.302","-95.894","2023-01-07"
"516296","1983-09-22","F","false","false","usa","fort worth","FTW","32.82","-97.362","2023-01-07"
"516301","1996-12-01","F","false","false","usa","los angeles","LAX","33.942","-118.408","2023-01-07"
"516340","2006-07-03","F","false","false","usa","omaha","OFF","41.118","-95.913","2023-01-07"
"516351","1982-03-27","F","false","false","usa","omaha","OFF","41.118","-95.913","2023-01-07"
"516368","1976-12-26","F","true","true","usa","denver","DEN","39.858","-104.667","2023-01-07"
"516375","1985-12-09","F","true","false","usa","houston","IAH","29.98","-95.34","2023-01-07"
"516418","1997-01-26","F","true","false","usa","dallas","DAL","32.847","-96.852","2023-01-07"
"516420","1978-03-21","F","true","false","usa","san francisco","SFO","37.619","-122.375","2023-01-07"
"516433","2006-01-05","F","false","false","usa","phoenix","PHX","33.434","-112.008","2023-01-07"
"516456","1985-05-05","F","true","false","canada","halifax","YHZ","44.881","-63.509","2023-01-07"
"516507","1981-07-26","M","true","false","usa","san diego","SAN","32.733","-117.189","2023-01-07"
"516516","1964-01-13","M","true","false","usa","shreveport","SHV","32.446","-93.826","2023-01-07"
"516528","1970-03-09","F","true","false","usa","las vegas","LAS","36.08","-115.152","2023-01-07"
"516543","1973-10-28","M","true","false","usa","madison","MSN","43.14","-89.337","2023-01-07"
"516556","1987-03-08","F","false","true","usa","kansas city","MCI","39.297","-94.714","2023-01-07"
"516561","1975-10-04","F","true","false","usa","dallas","DAL","32.847","-96.852","2023-01-07"
"516571","1959-08-18","F","true","false","usa","new york","LGA","40.777","-73.872","2023-01-07"
"516578","1984-03-03","F","false","false","canada","winnipeg","YWG","49.91","-97.234","2023-01-07"
"516579","1995-04-09","F","false","false","usa","stockton","SCK","37.894","-121.239","2023-01-07"
"516583","1977-11-13","F","false","true","usa","providence","PVD","41.724","-71.428","2023-01-07"
"516590","2005-02-04","F","false","false","usa","jacksonville","JAX","30.494","-81.688","2023-01-07"
"516593","1985-08-18","F","false","false","usa","las vegas","LAS","36.08","-115.152","2023-01-07"
"516594","1969-12-02","F","false","false","usa","louisville","LOU","38.228","-85.664","2023-01-07"
"516614","1986-08-06","M","false","false","usa","new york","LGA","40.777","-73.872","2023-01-07"
"516616","1970-04-19","F","false","true","usa","new york","LGA","40.777","-73.872","2023-01-07"
"516620","1958-01-11","M","false","false","usa","salt lake city","SLC","40.788","-111.978","2023-01-07"
"516639","1970-10-03","F","true","true","usa","phoenix","PHX","33.434","-112.008","2023-01-07"
"516647","1980-10-17","F","true","false","usa","san antonio","RND","29.529","-98.279","2023-01-07"
"516679","1981-05-24","F","false","false","usa","kansas city","MCI","39.297","-94.714","2023-01-08"
"516680","1957-10-01","F","true","false","usa","baltimore","BWI","39.175","-76.668","2023-01-08"
"516682","1997-12-25","F","false","false","usa","buffalo","BUF","42.94","-78.732","2023-01-08"
"516694","1971-09-16","F","true","true","usa","norfolk","NGU","36.938","-76.289","2023-01-08"
"516697","1947-08-02","F","false","false","usa","fresno","FAT","36.776","-119.718","2023-01-08"
"516704","1977-02-13","F","true","false","usa","long beach","LGB","33.818","-118.151","2023-01-08"
"516732","1984-12-11","F","true","true","usa","new york","LGA","40.777","-73.872","2023-01-08"
"516739","1985-03-12","F","false","true","usa","norfolk","ORF","36.894","-76.201","2023-01-08"
"516744","2001-10-12","F","false","false","usa","kansas city","MCI","39.297","-94.714","2023-01-08"
"516763","1977-11-22","M","true","false","usa","denver","DEN","39.858","-104.667","2023-01-08"
"516765","1997-05-05","F","false","true","usa","los angeles","LAX","33.942","-118.408","2023-01-08"
"516789","1985-04-14","F","false","false","usa","jacksonville","NCA","34.708","-77.439","2023-01-08"
"516798","1982-05-09","F","true","false","usa","san jose","SJC","37.362","-121.929","2023-01-08"
"516806","1982-09-07","F","false","false","usa","washington","DCA","38.852","-77.037","2023-01-08"
"516808","1994-11-26","F","false","false","usa","san diego","SAN","32.733","-117.189","2023-01-08"
"516827","1971-09-21","F","false","false","usa","las vegas","LSV","36.236","-115.034","2023-01-08"
"516833","2004-10-10","F","false","false","canada","toronto","YTZ","43.627","-79.396","2023-01-08"
"516841","2004-09-12","M","false","true","usa","fresno","FAT","36.776","-119.718","2023-01-08"
"516862","1956-01-02","F","true","false","usa","new york","LGA","40.777","-73.872","2023-01-08"
"516933","2006-09-09","F","false","false","usa","new york","LGA","40.777","-73.872","2023-01-08"
"516939","1994-06-20","F","true","true","canada","gatineau","YND","45.521","-75.564","2023-01-08"
"516965","1987-08-09","F","false","true","usa","miami","OPF","25.907","-80.278","2023-01-08"
"516967","1998-02-11","M","false","true","usa","fresno","FAT","36.776","-119.718","2023-01-08"
"516972","1980-12-22","F","true","true","usa","new york","JFK","40.64","-73.779","2023-01-08"
"517033","2002-09-28","F","false","false","canada","calgary","YYC","51.114","-114.02","2023-01-08"
"517061","1969-12-09","F","true","true","usa","jacksonville","NIP","30.236","-81.681","2023-01-08"
"517064","2006-01-15","F","false","true","usa","dallas","DAL","32.847","-96.852","2023-01-08"
"517076","1985-06-28","F","false","false","usa","charlotte","CLT","35.214","-80.943","2023-01-08"
"517105","1976-01-10","F","false","false","usa","santa ana","SNA","33.676","-117.868","2023-01-08"
"517119","1977-12-13","F","false","true","usa","columbus","CMH","39.998","-82.892","2023-01-08"
"517131","1955-11-02","F","true","false","usa","los angeles","LAX","33.942","-118.408","2023-01-08"
"517142","1985-01-08","M","true","false","usa","philadelphia","PNE","40.082","-75.011","2023-01-08"
"517143","1998-03-17","F","false","false","usa","kansas city","MCI","39.297","-94.714","2023-01-08"
"517150","1986-08-24","M","false","false","usa","columbus","CMH","39.998","-82.892","2023-01-08"
"517158","1970-10-27","M","true","true","usa","montgomery","MXF","32.379","-86.362","2023-01-08"
"517205","1975-08-04","F","false","false","canada","calgary","YYC","51.114","-114.02","2023-01-08"
"517212","1970-03-20","F","true","true","usa","louisville","LOU","38.228","-85.664","2023-01-08"
"517219","2001-09-13","F","false","false","usa","boston","BOS","42.364","-71.005","2023-01-08"
"517231","1976-07-24","F","true","false","canada","edmonton","YXD","53.573","-113.521","2023-01-08"
"517284","1979-09-03","F","true","true","usa","san antonio","SAT","29.534","-98.47","2023-01-08"
"517324","1954-12-16","F","true","false","usa","austin","AUS","30.194","-97.67","2023-01-08"
"517330","1953-11-21","M","true","false","usa","newark","EWR","40.692","-74.169","2023-01-08"
"517356","1972-04-27","F","true","false","usa","orlando","MCO","28.429","-81.316","2023-01-08"
"517370","1983-02-15","F","true","false","usa","new york","LGA","40.777","-73.872","2023-01-08"
"517392","1977-06-26","F","true","false","usa","los angeles","LAX","33.942","-118.408","2023-01-08"
"517393","1987-08-18","F","false","false","usa","shreveport","BAD","32.502","-93.663","2023-01-08"
"517397","1988-05-08","F","false","false","usa","riverside","RAL","33.952","-117.445","2023-01-08"
"517403","1974-09-26","F","true","true","canada","toronto","YKZ","43.862","-79.37","2023-01-08"
"517415","1988-09-15","M","false","true","usa","st. petersburg","SPG","27.765","-82.627","2023-01-08"
"517438","1984-12-25","M","false","false","usa","nashville","BNA","36.124","-86.678","2023-01-08"
"517445","1983-06-03","F","true","false","usa","st. petersburg","PIE","27.911","-82.687","2023-01-08"
"517467","1987-04-24","F","false","false","usa","lincoln","LNK","40.851","-96.759","2023-01-08"
"517486","1977-05-18","F","true","false","usa","columbus","LCK","39.814","-82.928","2023-01-08"
"517491","1968-05-12","F","false","false","usa","nashville","BNA","36.124","-86.678","2023-01-08"
"517543","1979-07-22","F","true","false","canada","vancouver","YVR","49.195","-123.182","2023-01-08"
"517545","1971-07-18","F","true","false","canada","saskatoon","YXE","52.171","-106.7","2023-01-08"
"517548","1971-09-01","F","true","false","usa","new york","JFK","40.64","-73.779","2023-01-08"
"517549","1973-01-04","F","false","false","usa","salt lake city","SLC","40.788","-111.978","2023-01-08"
"517571","1979-02-19","M","false","false","usa","phoenix","LUF","33.535","-112.383","2023-01-08"
"517579","2003-12-19","F","false","false","usa","los angeles","LAX","33.942","-118.408","2023-01-08"
"517581","1987-11-13","F","false","false","usa","san antonio","SKF","29.384","-98.581","2023-01-08"
"517596","1969-11-08","F","true","true","usa","kansas city","MCI","39.297","-94.714","2023-01-08"
"517622","2006-03-24","F","false","true","usa","san diego","NZY","32.699","-117.215","2023-01-08"
"517633","1985-12-23","F","true","false","usa","houston","IAH","29.98","-95.34","2023-01-08"
"517653","1970-09-05","F","true","true","usa","phoenix","LUF","33.535","-112.383","2023-01-08"
"517674","1993-07-06","F","false","false","usa","los angeles","LAX","33.942","-118.408","2023-01-08"
"517675","1994-05-10","F","true","false","canada","toronto","YTZ","43.627","-79.396","2023-01-08"
"517676","1981-05-23","F","true","false","usa","new york","JFK","40.64","-73.779","2023-01-08"
"517700","1976-12-12","F","false","false","usa","dallas","DAL","32.847","-96.852","2023-01-08"
"517715","1942-02-06","M","true","false","usa","chicago","MDW","41.786","-87.752","2023-01-08"
"517732","1979-12-18","F","false","false","usa","tacoma","TCM","47.138","-122.476","2023-01-08"
"517735","1975-07-17","F","true","true","usa","memphis","MEM","35.042","-89.977","2023-01-08"
"517739","1997-10-22","F","true","true","usa","chicago","MDW","41.786","-87.752","2023-01-08"
"517743","1988-08-08","F","false","false","usa","new york","JFK","40.64","-73.779","2023-01-08"
"517772","1985-08-10","F","false","true","usa","new york","JFK","40.64","-73.779","2023-01-08"
"517776","1964-02-03","F","true","true","usa","honolulu","HNL","21.316","-157.927","2023-01-08"
"517787","1990-10-11","F","false","false","usa","madison","MSN","43.14","-89.337","2023-01-08"
"517803","1976-03-09","M","true","false","usa","los angeles","LAX","33.942","-118.408","2023-01-08"
"517819","1990-09-14","F","false","false","canada","vancouver","YVR","49.195","-123.182","2023-01-08"
"517825","1969-09-20","F","true","false","usa","milwaukee","MKE","42.947","-87.896","2023-01-08"
"517839","1977-02-25","F","true","false","usa","milwaukee","MKE","42.947","-87.896","2023-01-08"
"517847","1975-01-16","F","true","false","usa","denver","DEN","39.858","-104.667","2023-01-08"
"517871","1997-01-27","F","false","true","usa","boston","BOS","42.364","-71.005","2023-01-08"
"517894","1976-06-28","F","true","false","canada","montreal","YUL","45.468","-73.741","2023-01-08"
"517898","2004-04-13","F","false","true","usa","lubbock","LBB","33.664","-101.823","2023-01-08"
"517925","1996-07-03","F","true","false","usa","st. louis","STL","38.748","-90.36","2023-01-08"
"517931","1987-06-28","F","false","false","usa","philadelphia","PHL","39.872","-75.241","2023-01-08"
"517961","1962-06-08","F","true","true","canada","montreal","YUL","45.468","-73.741","2023-01-08"
"517967","1977-08-09","F","false","true","usa","phoenix","PHX","33.434","-112.008","2023-01-08"
"517968","1980-09-13","F","true","false","usa","new york","LGA","40.777","-73.872","2023-01-08"
"518012","1989-08-16","M","false","false","usa","rochester","ROC","43.119","-77.672","2023-01-08"
"518015","1983-06-19","F","false","true","usa","austin","AUS","30.194","-97.67","2023-01-08"
"518041","2004-08-26","F","false","false","usa","new york","LGA","40.777","-73.872","2023-01-08"
"518044","1970-01-14","F","true","true","usa","cincinnati","LUK","39.103","-84.419","2023-01-08"
"518074","1993-11-18","F","false","false","usa","milwaukee","MKE","42.947","-87.896","2023-01-08"
"518084","1999-08-15","F","false","false","usa","san francisco","SFO","37.619","-122.375","2023-01-08"
"518092","1979-03-10","F","false","false","usa","new york","JFK","40.64","-73.779","2023-01-08"
"518121","1991-12-13","F","false","false","canada","vancouver","YVR","49.195","-123.182","2023-01-08"
"518127","1988-06-21","F","false","false","usa","memphis","MEM","35.042","-89.977","2023-01-08"
"518135","1988-09-21","F","false","false","usa","new york","JFK","40.64","-73.779","2023-01-08"
"518191","1977-11-11","F","true","false","usa","detroit","YIP","42.238","-83.53","2023-01-08"
"518196","1968-01-07","F","true","true","usa","san jose","SJC","37.362","-121.929","2023-01-08"
"518211","1985-04-18","F","false","true","usa","new york","LGA","40.777","-73.872","2023-01-08"
"518219","1997-10-19","F","false","false","usa","columbus","LCK","39.814","-82.928","2023-01-08"
"518281","1970-04-14","F","true","true","canada","montreal","YMX","45.68","-74.039","2023-01-08"
"518324","1984-01-12","F","false","false","usa","norfolk","NGU","36.938","-76.289","2023-01-08"
"518334","1991-08-25","F","true","true","usa","mobile","BFM","30.626","-88.068","2023-01-08"
"518338","1987-11-14","F","false","true","usa","fort worth","FTW","32.82","-97.362","2023-01-08"
"518347","1969-02-14","F","true","true","usa","boston","BOS","42.364","-71.005","2023-01-08"
"518348","1989-04-26","F","true","true","usa","rochester","ROC","43.119","-77.672","2023-01-08"
"518354","2002-06-18","M","false","false","usa","denver","DEN","39.858","-104.667","2023-01-08"
"518372","1993-09-25","F","false","false","usa","riverside","RAL","33.952","-117.445","2023-01-08"
"518393","1983-06-12","F","false","false","usa","los angeles","LAX","33.942","-118.408","2023-01-08"
"518406","1972-08-10","F","true","false","usa","new york","JFK","40.64","-73.779","2023-01-08"
"518416","1978-09-17","F","false","false","usa","houston","EFD","29.607","-95.159","2023-01-08"
"518422","1964-07-25","F","true","false","usa","colorado springs","COS","38.806","-104.7","2023-01-08"
"518443","1945-12-05","F","true","false","canada","calgary","YYC","51.114","-114.02","2023-01-08"
"518450","1961-01-19","F","true","true","usa","cincinnati","LUK","39.103","-84.419","2023-01-08"
"518480","1979-06-10","F","true","true","usa","lubbock","LBB","33.664","-101.823","2023-01-08"
"518495","2000-05-18","F","false","false","canada","montreal","YMX","45.68","-74.039","2023-01-08"
"518516","1967-09-12","F","true","true","usa","new york","LGA","40.777","-73.872","2023-01-08"
"518526","1969-12-18","M","false","false","usa","new york","JFK","40.64","-73.779","2023-01-08"
"518527","1979-07-11","F","true","false","canada","edmonton","YED","53.667","-113.467","2023-01-08"
"518533","1987-04-06","F","false","true","usa","phoenix","LUF","33.535","-112.383","2023-01-08"
"518535","1978-10-07","M","true","false","usa","houston","HOU","29.645","-95.279","2023-01-08"
"518541","1977-03-17","F","false","false","usa","long beach","LGB","33.818","-118.151","2023-01-08"
"518567","2006-03-01","F","false","false","usa","chicago","UGN","42.422","-87.868","2023-01-08"
"518579","1982-03-24","M","false","false","usa","seattle","SEA","47.449","-122.309","2023-01-08"
"518582","1973-10-23","F","true","true","usa","jacksonville","NZC","30.219","-81.876","2023-01-08"
"518585","1980-09-09","F","true","true","usa","chicago","UGN","42.422","-87.868","2023-01-08"
"518612","1980-03-17","F","false","false","usa","chicago","UGN","42.422","-87.868","2023-01-08"
"518628","1975-08-01","F","true","true","usa","charlotte","CLT","35.214","-80.943","2023-01-08"
"518629","1975-11-18","F","false","false","usa","indianapolis","IND","39.717","-86.294","2023-01-08"
"518639","1989-12-28","F","false","false","usa","phoenix","PHX","33.434","-112.008","2023-01-09"
"518642","1953-05-09","F","true","false","usa","memphis","MEM","35.042","-89.977","2023-01-09"
"518645","2001-02-26","F","true","false","usa","newark","EWR","40.692","-74.169","2023-01-09"
"518694","1983-06-06","F","false","false","usa","los angeles","LAX","33.942","-118.408","2023-01-09"
"518696","1986-07-05","F","false","true","canada","winnipeg","YWG","49.91","-97.234","2023-01-09"
"518711","1979-08-27","F","true","false","usa","salt lake city","SLC","40.788","-111.978","2023-01-09"
"518716","1984-03-09","F","true","true","canada","montreal","YUL","45.468","-73.741","2023-01-09"
"518722","1971-02-23","F","true","false","usa","tulsa","TUL","36.198","-95.888","2023-01-09"
"518726","2006-10-06","F","false","true","usa","oklahoma city","OKC","35.393","-97.601","2023-01-09"
"518735","1995-06-19","F","false","true","usa","san francisco","SFO","37.619","-122.375","2023-01-09"
"518743","1989-09-13","F","false","false","usa","washington","DCA","38.852","-77.037","2023-01-09"
"518747","1973-11-05","F","true","true","usa","los angeles","LAX","33.942","-118.408","2023-01-09"
"518751","1991-01-17","F","false","false","usa","indianapolis","IND","39.717","-86.294","2023-01-09"
"518756","1972-01-01","F","false","false","usa","boston","BOS","42.364","-71.005","2023-01-09"
"518826","1985-05-22","F","false","true","canada","montreal","YUL","45.468","-73.741","2023-01-09"
"518827","1974-09-07","M","true","true","usa","los angeles","LAX","33.942","-118.408","2023-01-09"
"518865","1996-09-23","F","false","true","usa","long beach","LGB","33.818","-118.151","2023-01-09"
"518866","1969-04-09","F","true","false","usa","los angeles","LAX","33.942","-118.408","2023-01-09"
"518867","1989-08-10","F","true","false","canada","toronto","YZD","43.742","-79.466","2023-01-09"
"518870","1986-05-25","F","false","false","usa","los angeles","LAX","33.942","-118.408","2023-01-09"
"518894","1974-03-12","F","false","false","usa","philadelphia","PNE","40.082","-75.011","2023-01-09"
"518896","1967-02-03","F","true","false","usa","chicago","MDW","41.786","-87.752","2023-01-09"
"518907","1981-09-20","M","false","false","usa","san antonio","SAT","29.534","-98.47","2023-01-09"
"518922","1940-06-01","F","true","false","usa","sacramento","SAC","38.513","-121.493","2023-01-09"
"518925","1992-11-12","F","false","true","usa","shreveport","BAD","32.502","-93.663","2023-01-09"
"518931","2006-09-14","F","false","true","usa","el paso","BIF","31.849","-106.38","2023-01-09"
"518954","1987-09-25","F","true","true","usa","new york","LGA","40.777","-73.872","2023-01-09"
"518956","1975-11-24","F","true","false","usa","houston","IAH","29.98","-95.34","2023-01-09"
"518963","1993-03-25","F","false","true","usa","san jose","SJC","37.362","-121.929","2023-01-09"
"518971","1984-09-09","F","false","false","canada","quebec","YQB","46.788","-71.398","2023-01-09"
"518998","1977-08-05","F","true","true","usa","st. petersburg","SPG","27.765","-82.627","2023-01-09"
"519014","1985-06-20","F","false","false","usa","portland","PWM","43.646","-70.309","2023-01-09"
"519059","1997-05-18","F","false","true","canada","victoria","YYJ","48.647","-123.426","2023-01-09"
"519079","1974-05-11","F","false","false","usa","phoenix","PHX","33.434","-112.008","2023-01-09"
"519089","1990-03-27","F","false","true","usa","philadelphia","PHL","39.872","-75.241","2023-01-09"
"519091","1970-02-26","F","true","false","usa","san francisco","SFO","37.619","-122.375","2023-01-09"
"519096","1990-10-28","F","false","true","usa","tampa","MCF","27.849","-82.521","2023-01-09"
"519114","1985-02-13","F","false","true","usa","san antonio","RND","29.529","-98.279","2023-01-09"
"519117","1978-07-07","F","true","true","usa","san antonio","SAT","29.534","-98.47","2023-01-09"
"519137","1973-09-26","F","false","false","usa","houston","IAH","29.98","-95.34","2023-01-09"
"519140","1968-04-26","F","true","false","usa","new york","LGA","40.777","-73.872","2023-01-09"
"519171","1975-12-03","F","false","true","usa","austin","AUS","30.194","-97.67","2023-01-09"
"519191","2003-10-08","M","false","false","usa","tampa","TPA","27.975","-82.533","2023-01-09"
"519205","1979-10-05","F","true","false","usa","santa ana","SNA","33.676","-117.868","2023-01-09"
"519210","1979-09-27","M","true","false","usa","san antonio","RND","29.529","-98.279","2023-01-09"
"519211","1987-07-14","F","true","false","usa","san antonio","RND","29.529","-98.279","2023-01-09"
"519248","1997-07-04","F","true","true","usa","richmond","RIC","37.505","-77.319","2023-01-09"
"519254","1993-03-07","F","false","false","usa","tucson","TUS","32.116","-110.941","2023-01-09"
"519260","1997-01-02","F","false","true","usa","los angeles","LAX","33.942","-118.408","2023-01-09"
"519267","1977-05-17","F","false","false","usa","portland","PWM","43.646","-70.309","2023-01-09"
"519285","1993-08-08","F","false","false","usa","portland","PDX","45.589","-122.597","2023-01-09"
"519312","1964-12-01","F","true","true","usa","modesto","MOD","37.626","-120.954","2023-01-09"
"519313","2000-06-17","M","false","true","usa","san diego","NZY","32.699","-117.215","2023-01-09"
"519335","1959-11-26","F","true","true","usa","tucson","TUS","32.116","-110.941","2023-01-09"
"519348","1978-06-28","M","false","false","usa","new york","LGA","40.777","-73.872","2023-01-09"
"519353","1955-10-09","F","false","false","usa","phoenix","LUF","33.535","-112.383","2023-01-09"
"519357","1978-12-25","F","false","true","usa","philadelphia","PHL","39.872","-75.241","2023-01-09"
"519368","2004-03-16","F","false","true","usa","atlanta","ATL","33.64","-84.427","2023-01-09"
"519383","1991-06-10","F","false","false","usa","fayetteville","POB","35.171","-79.014","2023-01-09"
"519392","1966-09-09","F","true","false","usa","fort worth","FTW","32.82","-97.362","2023-01-09"
"519393","1974-04-19","F","false","true","usa","chicago","MDW","41.786","-87.752","2023-01-09"
"519406","2000-08-11","F","false","false","canada","halifax","YHZ","44.881","-63.509","2023-01-09"
"519412","1973-09-10","F","true","false","usa","houston","EFD","29.607","-95.159","2023-01-09"
"519419","1990-10-26","F","false","true","usa","fresno","FAT","36.776","-119.718","2023-01-09"
"519430","1988-12-16","F","false","false","usa","new york","JFK","40.64","-73.779","2023-01-09"
"519446","1976-01-05","F","true","false","usa","los angeles","LAX","33.942","-118.408","2023-01-09"
"519469","1989-02-12","M","false","false","usa","nashville","BNA","36.124","-86.678","2023-01-09"
"519515","1972-08-10","M","true","true","usa","indianapolis","IND","39.717","-86.294","2023-01-09"
"519529","1998-11-13","M","true","true","canada","windsor","YQG","42.276","-82.956","2023-01-09"
"519532","1979-12-13","F","false","false","canada","quebec","YQB","46.788","-71.398","2023-01-09"
"519541","1976-06-23","M","true","false","usa","san francisco","SFO","37.619","-122.375","2023-01-09"
"519548","1998-07-14","M","true","true","usa","wichita","IAB","37.623","-97.267","2023-01-09"
"519554","1991-05-08","F","false","true","usa","seattle","SEA","47.449","-122.309","2023-01-09"
"519561","1952-06-07","F","true","false","usa","new york","LGA","40.777","-73.872","2023-01-09"
"519595","1981-11-01","M","false","false","usa","los angeles","LAX","33.942","-118.408","2023-01-09"
"519596","1983-04-15","F","true","true","usa","fayetteville","POB","35.171","-79.014","2023-01-09"
"519604","1969-06-22","F","false","false","usa","burlington","BTV","44.472","-73.153","2023-01-09"
"519626","1977-02-16","M","false","true","usa","cleveland","CLE","41.412","-81.85","2023-01-09"
"519631","1973-04-16","F","false","false","usa","san francisco","SFO","37.619","-122.375","2023-01-09"
"519664","1970-12-09","F","true","true","usa","riverside","RAL","33.952","-117.445","2023-01-09"
"519687","1999-03-27","F","true","true","usa","laredo","LRD","27.544","-99.461","2023-01-09"
"519694","1991-04-01","F","false","false","canada","ottawa","YOW","45.323","-75.669","2023-01-09"
"519695","1985-05-15","F","false","false","usa","houston","EFD","29.607","-95.159","2023-01-09"
"519706","1961-08-05","F","false","true","canada","victoria","YYJ","48.647","-123.426","2023-01-09"
"519709","1992-02-28","F","true","false","usa","chicago","MDW","41.786","-87.752","2023-01-09"
"519718","1971-12-22","F","true","true","usa","buffalo","BUF","42.94","-78.732","2023-01-09"
"519722","1995-06-21","F","true","true","usa","new york","JFK","40.64","-73.779","2023-01-09"
"519725","1983-01-18","F","true","true","usa","louisville","LOU","38.228","-85.664","2023-01-09"
"519726","1980-08-11","F","true","false","usa","milwaukee","MKE","42.947","-87.896","2023-01-09"
"519747","1978-12-10","M","true","false","usa","columbus","LCK","39.814","-82.928","2023-01-09"
"519769","1982-12-27","O","true","true","usa","atlanta","ATL","33.64","-84.427","2023-01-09"
"519774","1969-08-17","F","false","true","usa","las vegas","LAS","36.08","-115.152","2023-01-09"
"519787","2006-06-22","F","false","true","canada","edmonton","YEG","53.31","-113.58","2023-01-09"
"519799","1986-09-28","F","false","true","usa","bakersfield","BFL","35.433","-119.057","2023-01-09"
"519846","1966-10-26","F","false","true","usa","brownsville","BRO","25.907","-97.426","2023-01-09"
"519848","1980-10-23","F","false","false","usa","los angeles","LAX","33.942","-118.408","2023-01-09"
"519853","1982-03-07","F","false","true","usa","new york","LGA","40.777","-73.872","2023-01-09"
"519859","1982-01-22","F","false","false","usa","san diego","NZY","32.699","-117.215","2023-01-09"
"519885","1996-03-08","F","false","false","usa","houston","HOU","29.645","-95.279","2023-01-09"
"519888","1984-11-10","F","false","false","usa","las vegas","LSV","36.236","-115.034","2023-01-09"
"519893","1981-01-14","F","true","false","usa","spokane","GEG","47.62","-117.534","2023-01-09"
"519896","1976-11-02","F","true","false","usa","miami","OPF","25.907","-80.278","2023-01-09"
"519897","2006-02-03","F","false","false","usa","tulsa","TUL","36.198","-95.888","2023-01-09"
"519905","1982-09-06","F","true","false","canada","montreal","YUL","45.468","-73.741","2023-01-09"
"519911","1984-03-07","F","false","false","canada","toronto","YYZ","43.677","-79.631","2023-01-09"
"519912","1978-11-26","M","false","false","usa","houston","EFD","29.607","-95.159","2023-01-09"
"519943","1965-05-08","F","true","true","canada","toronto","YTZ","43.627","-79.396","2023-01-09"
"519955","1986-04-02","F","false","false","usa","orlando","MCO","28.429","-81.316","2023-01-09"
"519957","1970-05-21","F","true","false","usa","new york","LGA","40.777","-73.872","2023-01-09"
"519961","1993-05-25","F","false","false","usa","new york","LGA","40.777","-73.872","2023-01-09"
"519965","1985-09-07","M","false","true","usa","oakland","OAK","37.721","-122.221","2023-01-09"
"519982","2002-09-08","F","false","true","usa","memphis","MEM","35.042","-89.977","2023-01-09"
"520054","1989-01-04","F","false","true","usa","fort worth","FTW","32.82","-97.362","2023-01-09"
"520063","1986-09-18","F","false","true","usa","san antonio","SKF","29.384","-98.581","2023-01-09"
"520097","1972-01-20","F","true","false","usa","louisville","LOU","38.228","-85.664","2023-01-09"
"520106","1997-09-10","F","false","true","usa","salt lake city","SLC","40.788","-111.978","2023-01-09"
"520141","1980-12-15","F","false","false","usa","new york","JFK","40.64","-73.779","2023-01-09"
"520152","1976-10-25","F","true","true","usa","phoenix","PHX","33.434","-112.008","2023-01-09"
"520170","1999-07-18","F","false","true","usa","omaha","OMA","41.302","-95.894","2023-01-09"
"520175","1971-12-13","F","false","false","usa","atlanta","ATL","33.64","-84.427","2023-01-09"
"520177","1970-03-28","F","true","false","usa","nashville","BNA","36.124","-86.678","2023-01-09"
"520182","1980-05-26","F","true","true","usa","new york","LGA","40.777","-73.872","2023-01-09"
"520188","1988-03-24","F","false","false","canada","victoria","YYJ","48.647","-123.426","2023-01-09"
"520193","1974-08-17","F","false","false","usa","el paso","BIF","31.849","-106.38","2023-01-09"
"520225","1981-08-13","F","false","true","usa","san jose","SJC","37.362","-121.929","2023-01-09"
"520244","1982-03-12","F","true","false","usa","new york","JFK","40.64","-73.779","2023-01-09"
"520248","1985-06-17","F","false","true","usa","new york","JFK","40.64","-73.779","2023-01-09"
"520250","1968-10-04","M","true","false","usa","austin","AUS","30.194","-97.67","2023-01-09"
"520256","1981-05-12","F","true","false","usa","dallas","DAL","32.847","-96.852","2023-01-09"
"520265","1981-11-03","F","true","true","usa","fresno","FAT","36.776","-119.718","2023-01-09"
"520277","1984-12-19","F","false","false","usa","omaha","OFF","41.118","-95.913","2023-01-09"
"520291","1987-09-08","M","true","false","usa","los angeles","LAX","33.942","-118.408","2023-01-09"
"520298","1982-08-16","F","false","false","usa","houston","EFD","29.607","-95.159","2023-01-09"
"520307","1972-09-23","F","false","false","usa","buffalo","BUF","42.94","-78.732","2023-01-09"
"520311","1975-12-14","F","true","true","usa","milwaukee","MKE","42.947","-87.896","2023-01-09"
"520314","2006-11-24","F","false","true","usa","new york","JFK","40.64","-73.779","2023-01-09"
"520327","1998-09-23","F","false","false","usa","new york","LGA","40.777","-73.872","2023-01-09"
"520358","1973-10-22","F","true","false","usa","montgomery","MXF","32.379","-86.362","2023-01-09"
"520373","1975-08-24","F","false","true","usa","buffalo","BUF","42.94","-78.732","2023-01-09"
"520397","1980-01-01","F","true","false","usa","austin","AUS","30.194","-97.67","2023-01-09"
"520405","1993-08-25","F","false","false","usa","cleveland","CLE","41.412","-81.85","2023-01-09"
"520411","1984-08-09","F","true","false","usa","detroit","DTW","42.212","-83.353","2023-01-09"
"520422","1985-11-06","F","false","false","usa","mobile","MOB","30.691","-88.243","2023-01-09"
"520429","1972-09-04","M","true","true","usa","winston-salem","INT","36.134","-80.222","2023-01-09"
"520436","1977-05-18","F","true","false","usa","chicago","MDW","41.786","-87.752","2023-01-09"
"520440","1988-07-15","F","true","false","usa","new york","JFK","40.64","-73.779","2023-01-09"
"520480","1985-11-26","F","false","false","canada","vancouver","YVR","49.195","-123.182","2023-01-09"
"520491","1969-05-24","M","false","true","usa","new york","LGA","40.777","-73.872","2023-01-09"
"520497","1975-12-06","F","false","false","usa","long beach","LGB","33.818","-118.151","2023-01-09"
"520527","1991-01-11","F","false","false","usa","denver","DEN","39.858","-104.667","2023-01-09"
"520530","1983-04-18","F","true","false","usa","los angeles","LAX","33.942","-118.408","2023-01-09"
"520532","1976-10-07","F","true","false","usa","washington","DCA","38.852","-77.037","2023-01-09"
"520539","1972-02-11","F","true","true","usa","little rock","LIT","34.729","-92.224","2023-01-09"
"520556","1989-11-18","F","false","true","usa","austin","AUS","30.194","-97.67","2023-01-09"
"520558","1988-01-08","F","false","false","usa","rochester","ROC","43.119","-77.672","2023-01-09"
"520561","1992-12-16","F","false","true","usa","nashville","BNA","36.124","-86.678","2023-01-09"
"520603","1999-02-12","F","false","false","usa","milwaukee","MKE","42.947","-87.896","2023-01-09"
"520619","1966-06-05","F","true","false","usa","houston","IAH","29.98","-95.34","2023-01-09"
"520680","1980-11-11","F","true","false","usa","winston-salem","INT","36.134","-80.222","2023-01-09"
"520696","1982-08-04","F","false","false","usa","lincoln","LNK","40.851","-96.759","2023-01-09"
"520708","1982-06-13","F","false","false","usa","tampa","MCF","27.849","-82.521","2023-01-09"
"520719","1999-03-05","M","false","false","usa","new york","JFK","40.64","-73.779","2023-01-09"
"520733","1983-01-10","F","true","false","usa","honolulu","HNL","21.316","-157.927","2023-01-09"
"520745","1983-09-27","F","false","false","usa","new york","JFK","40.64","-73.779","2023-01-09"
"520762","1995-01-04","F","false","false","usa","baton rouge","BTR","30.533","-91.149","2023-01-09"
"520770","1984-01-01","F","false","false","usa","sacramento","SAC","38.513","-121.493","2023-01-09"
"520771","1965-12-23","F","true","true","usa","laredo","LRD","27.544","-99.461","2023-01-09"
"520780","1953-12-11","F","false","false","usa","new york","JFK","40.64","-73.779","2023-01-09"
"520783","1984-01-12","F","true","false","canada","calgary","YYC","51.114","-114.02","2023-01-09"
"520804","1973-12-13","F","true","false","usa","chicago","ORD","41.979","-87.904","2023-01-09"
"520819","1974-05-12","F","true","true","usa","jacksonville","NZC","30.219","-81.876","2023-01-09"
"520821","1982-01-13","F","false","false","usa","boston","BOS","42.364","-71.005","2023-01-09"
"520844","2003-10-24","F","false","true","usa","long beach","LGB","33.818","-118.151","2023-01-09"
"520851","1970-07-21","F","true","true","usa","san antonio","RND","29.529","-98.279","2023-01-09"
"520861","1972-09-27","M","false","true","usa","austin","AUS","30.194","-97.67","2023-01-09"
"520877","1973-11-01","F","true","false","usa","grand rapids","GRR","42.881","-85.523","2023-01-09"
"520878","1985-07-07","F","true","false","canada","ottawa","YOW","45.323","-75.669","2023-01-09"
"520882","2006-01-06","F","false","false","usa","louisville","LOU","38.228","-85.664","2023-01-09"
"520885","1987-09-08","M","true","true","usa","el paso","ELP","31.807","-106.378","2023-01-09"
"520898","1981-10-22","F","true","true","usa","santa ana","SNA","33.676","-117.868","2023-01-10"
"520902","1985-03-01","F","false","false","usa","kansas city","MCI","39.297","-94.714","2023-01-10"
"520920","1983-09-01","F","false","false","usa","memphis","MEM","35.042","-89.977","2023-01-10"
"520934","1971-03-16","F","false","true","usa","newark","EWR","40.692","-74.169","2023-01-10"
"520947","2000-12-23","O","true","true","usa","new york","LGA","40.777","-73.872","2023-01-10"
"520959","1974-12-07","F","false","false","usa","new york","LGA","40.777","-73.872","2023-01-10"
"521000","1977-01-25","F","true","false","usa","charlotte","CLT","35.214","-80.943","2023-01-10"
"521004","1973-04-04","F","true","false","usa","san antonio","SKF","29.384","-98.581","2023-01-10"
"521009","1956-04-20","F","true","false","usa","new york","LGA","40.777","-73.872","2023-01-10"
"521031","1980-08-03","F","false","false","canada","hamilton","YHM","43.173","-79.935","2023-01-10"
"521033","1981-06-24","M","true","true","usa","chicago","ORD","41.979","-87.904","2023-01-10"
"521044","1982-10-22","F","false","false","usa","houston","EFD","29.607","-95.159","2023-01-10"
"521060","1984-07-02","F","false","false","usa","burlington","BTV","44.472","-73.153","2023-01-10"
"521062","1964-03-22","F","true","false","usa","little rock","LIT","34.729","-92.224","2023-01-10"
"521065","1979-11-14","F","true","true","usa","new york","LGA","40.777","-73.872","2023-01-10"
"521066","1982-10-03","F","false","false","usa","knoxville","TYS","35.812","-83.993","2023-01-10"
"521070","1973-09-03","F","true","true","usa","knoxville","TYS","35.812","-83.993","2023-01-10"
"521109","1993-12-07","F","false","true","usa","dallas","DAL","32.847","-96.852","2023-01-10"
"521127","1982-06-15","F","true","false","usa","chicago","MDW","41.786","-87.752","2023-01-10"
"521152","1979-01-16","F","true","false","canada","winnipeg","YWG","49.91","-97.234","2023-01-10"
"521170","1980-08-15","M","false","false","usa","chicago","MDW","41.786","-87.752","2023-01-10"
"521185","1977-10-01","F","true","true","usa","los angeles","LAX","33.942","-118.408","2023-01-10"
"521186","1970-10-24","F","false","false","usa","boston","BOS","42.364","-71.005","2023-01-10"
"521187","1949-08-03","F","true","false","usa","orlando","ORL","28.545","-81.333","2023-01-10"
"521192","1996-08-17","F","false","false","usa","wichita","ICT","37.65","-97.433","2023-01-10"
"521201","1966-03-21","F","true","true","usa","memphis","MEM","35.042","-89.977","2023-01-10"
"521211","1998-03-19","M","false","false","usa","bakersfield","BFL","35.433","-119.057","2023-01-10"
"521212","1982-06-10","M","true","true","usa","dallas","DAL","32.847","-96.852","2023-01-10"
"521235","1989-06-21","F","false","false","usa","seattle","SEA","47.449","-122.309","2023-01-10"
"521250","1992-11-19","M","false","false","usa","sacramento","MHR","38.554","-121.297","2023-01-10"
"521259","1988-09-06","F","false","false","usa","knoxville","TYS","35.812","-83.993","2023-01-10"
"521282","1991-04-08","F","false","false","usa","columbus","CMH","39.998","-82.892","2023-01-10"
"521286","1990-05-24","F","false","false","canada","hamilton","YHM","43.173","-79.935","2023-01-10"
"521293","1989-02-09","F","true","false","usa","akron","AKR","41.038","-81.467","2023-01-10"
"521295","1983-03-08","F","false","true","usa","baton rouge","BTR","30.533","-91.149","2023-01-10"
"521298","1986-02-28","F","false","false","usa","san jose","SJC","37.362","-121.929","2023-01-10"
"521309","1973-08-19","F","false","true","usa","detroit","YIP","42.238","-83.53","2023-01-10"
"521316","1980-03-21","F","false","false","usa","nashville","BNA","36.124","-86.678","2023-01-10"
"521331","1960-03-23","F","false","false","usa","cleveland","CLE","41.412","-81.85","2023-01-10"
"521335","1990-05-09","F","false","false","usa","denver","DEN","39.858","-104.667","2023-01-10"
"521343","1987-05-13","F","false","false","usa","charlotte","CLT","35.214","-80.943","2023-01-10"
"521379","1967-10-14","F","true","false","usa","new york","JFK","40.64","-73.779","2023-01-10"
"521392","1983-11-22","F","true","false","usa","chicago","MDW","41.786","-87.752","2023-01-10"
"521404","1979-02-09","F","false","false","usa","detroit","DTW","42.212","-83.353","2023-01-10"
"521408","1968-06-05","F","true","false","usa","san diego","NZY","32.699","-117.215","2023-01-10"
"521416","1976-12-19","F","true","false","usa","new york","JFK","40.64","-73.779","2023-01-10"
"521434","1975-05-05","F","true","false","usa","los angeles","LAX","33.942","-118.408","2023-01-10"
"521462","1965-07-26","F","true","true","usa","indianapolis","IND","39.717","-86.294","2023-01-10"
"521474","2006-03-07","F","false","false","usa","san francisco","SFO","37.619","-122.375","2023-01-10"
"521491","1989-02-07","F","false","false","usa","philadelphia","PNE","40.082","-75.011","2023-01-10"
"521509","1968-12-25","F","true","false","usa","new york","LGA","40.777","-73.872","2023-01-10"
"521510","1974-09-07","F","true","false","usa","chicago","MDW","41.786","-87.752","2023-01-10"
"521514","1994-09-23","F","false","true","usa","nashville","BNA","36.124","-86.678","2023-01-10"
"521587","1990-12-23","F","false","false","usa","new york","LGA","40.777","-73.872","2023-01-10"
"521607","1982-07-08","F","false","false","usa","bakersfield","BFL","35.433","-119.057","2023-01-10"
"521609","1972-10-12","M","true","true","canada","toronto","YYZ","43.677","-79.631","2023-01-10"
"521642","1965-02-27","F","true","false","usa","lubbock","LBB","33.664","-101.823","2023-01-10"
"521657","1996-09-17","F","false","false","canada","montreal","YUL","45.468","-73.741","2023-01-10"
"521658","1974-03-04","F","true","false","usa","new york","LGA","40.777","-73.872","2023-01-10"
"521663","1989-10-27","M","false","false","usa","san francisco","SFO","37.619","-122.375","2023-01-10"
"521695","1985-04-17","M","true","false","canada","halifax","YAW","44.64","-63.499","2023-01-10"
"521708","1976-06-24","F","true","false","usa","nashville","BNA","36.124","-86.678","2023-01-10"
"521719","2003-03-27","F","false","false","usa","new york","JFK","40.64","-73.779","2023-01-10"
"521720","1979-08-11","M","false","false","usa","indianapolis","IND","39.717","-86.294","2023-01-10"
"521743","1985-03-17","F","false","false","canada","calgary","YYC","51.114","-114.02","2023-01-10"
"521748","1984-02-03","M","false","false","usa","philadelphia","PNE","40.082","-75.011","2023-01-10"
"521768","1976-11-22","F","false","false","usa","omaha","OFF","41.118","-95.913","2023-01-10"
"521785","1999-12-12","F","false","false","usa","los angeles","LAX","33.942","-118.408","2023-01-10"
"521814","1981-07-11","F","true","true","canada","toronto","YKZ","43.862","-79.37","2023-01-10"
"521818","2006-06-14","F","false","false","usa","boston","BOS","42.364","-71.005","2023-01-10"
"521859","1983-06-10","M","false","false","usa","new york","LGA","40.777","-73.872","2023-01-10"
"521865","1979-05-19","F","true","true","usa","richmond","RIC","37.505","-77.319","2023-01-10"
"521883","1991-08-03","F","false","false","usa","tulsa","TUL","36.198","-95.888","2023-01-10"
"521884","1971-12-22","F","false","true","usa","jacksonville","LRF","34.918","-92.146","2023-01-10"
"521885","1979-03-17","M","true","true","usa","houston","HOU","29.645","-95.279","2023-01-10"
"521904","1990-05-05","F","false","true","usa","bakersfield","BFL","35.433","-119.057","2023-01-10"
"521921","1975-01-10","F","true","true","usa","san antonio","SAT","29.534","-98.47","2023-01-10"
"521925","1982-05-12","F","false","false","canada","edmonton","YED","53.667","-113.467","2023-01-10"
"521941","1995-11-28","F","true","true","usa","new orleans","MSY","29.993","-90.258","2023-01-10"
"521943","1971-06-08","F","true","false","usa","philadelphia","PNE","40.082","-75.011","2023-01-10"
"521956","1996-05-06","F","false","false","canada","toronto","YTZ","43.627","-79.396","2023-01-10"
"521963","1999-05-02","M","true","false","canada","toronto","YZD","43.742","-79.466","2023-01-10"
"521986","1972-10-26","M","true","true","usa","omaha","OMA","41.302","-95.894","2023-01-10"
"521992","1990-11-12","F","true","true","usa","los angeles","LAX","33.942","-118.408","2023-01-10"
"521997","1992-05-25","F","true","false","usa","new york","JFK","40.64","-73.779","2023-01-10"
"522001","1957-07-12","F","true","false","usa","sacramento","MCC","38.667","-121.401","2023-01-10"
"522005","1977-08-07","F","false","true","usa","nashville","BNA","36.124","-86.678","2023-01-10"
"522062","1973-07-17","F","true","false","canada","edmonton","YEG","53.31","-113.58","2023-01-10"
"522086","1984-08-03","F","true","true","usa","corpus christi","CRP","27.77","-97.501","2023-01-10"
"522111","2001-04-11","F","false","true","usa","philadelphia","PHL","39.872","-75.241","2023-01-10"
"522112","1980-01-18","F","true","true","canada","toronto","YKZ","43.862","-79.37","2023-01-10"
"522115","1984-10-14","M","false","true","usa","chicago","MDW","41.786","-87.752","2023-01-10"
"522118","1973-03-13","F","true","false","usa","des moines","DSM","41.534","-93.663","2023-01-10"
"522134","2006-04-24","F","false","true","usa","houston","IAH","29.98","-95.34","2023-01-10"
"522152","1992-09-27","F","false","true","usa","dallas","DAL","32.847","-96.852","2023-01-10"
"522171","1986-07-02","F","false","false","usa","louisville","LOU","38.228","-85.664","2023-01-10"
"522179","1982-11-06","M","true","true","usa","dallas","DAL","32.847","-96.852","2023-01-10"
"522184","1999-09-10","F","false","true","usa","reno","RNO","39.498","-119.768","2023-01-10"
"522201","1977-08-17","F","true","false","usa","minneapolis","MSP","44.88","-93.217","2023-01-10"
"522223","1973-09-18","F","true","true","usa","nashville","BNA","36.124","-86.678","2023-01-10"
"522233","1983-05-21","M","false","false","usa","norfolk","NGU","36.938","-76.289","2023-01-10"
"522237","1994-08-12","F","false","false","usa","louisville","LOU","38.228","-85.664","2023-01-10"
"522263","1992-10-21","F","false","false","usa","oklahoma city","TIK","35.415","-97.386","2023-01-10"
"522265","1982-01-09","F","false","true","usa","bakersfield","BFL","35.433","-119.057","2023-01-10"
"522276","1976-12-21","F","false","false","usa","anchorage","EDF","61.251","-149.806","2023-01-10"
"522286","1978-06-25","F","false","false","canada","edmonton","YXD","53.573","-113.521","2023-01-10"
"522315","1989-08-07","F","false","false","usa","baltimore","BWI","39.175","-76.668","2023-01-10"
"522323","1976-11-28","F","false","false","usa","little rock","LIT","34.729","-92.224","2023-01-10"
"522364","1990-07-27","F","false","false","usa","memphis","MEM","35.042","-89.977","2023-01-10"
"522373","1986-08-21","F","false","true","usa","new york","LGA","40.777","-73.872","2023-01-10"
"522375","1973-01-25","F","false","false","usa","kansas city","MCI","39.297","-94.714","2023-01-10"
"522387","2001-05-19","F","false","false","usa","louisville","LOU","38.228","-85.664","2023-01-10"
"522402","1979-11-27","M","false","false","usa","san antonio","RND","29.529","-98.279","2023-01-10"
"522420","1992-10-04","F","true","false","usa","oakland","OAK","37.721","-122.221","2023-01-10"
"522426","1980-05-27","M","false","true","canada","toronto","YYZ","43.677","-79.631","2023-01-10"
"522427","1999-07-26","M","false","false","usa","san antonio","SAT","29.534","-98.47","2023-01-10"
"522438","1969-01-21","M","true","true","canada","vancouver","YVR","49.195","-123.182","2023-01-10"
"522441","1989-08-03","M","true","false","usa","new york","LGA","40.777","-73.872","2023-01-10"
"522445","1977-01-23","F","true","false","usa","stockton","SCK","37.894","-121.239","2023-01-10"
"522457","1987-09-03","F","false","true","usa","san diego","NZY","32.699","-117.215","2023-01-10"
"522465","1959-08-20","M","true","false","usa","new york","LGA","40.777","-73.872","2023-01-10"
"522476","1975-12-20","F","true","false","usa","austin","AUS","30.194","-97.67","2023-01-10"
"522484","1973-03-06","F","true","false","usa","washington","DCA","38.852","-77.037","2023-01-10"
"522513","1982-12-20","F","false","false","canada","winnipeg","YWG","49.91","-97.234","2023-01-10"
"522523","1991-03-05","F","false","true","usa","fayetteville","POB","35.171","-79.014","2023-01-10"
"522532","1986-09-22","F","false","false","usa","los angeles","LAX","33.942","-118.408","2023-01-10"
"522533","2005-08-23","F","false","false","usa","jacksonville","NCA","34.708","-77.439","2023-01-10"
"522585","1982-12-07","M","true","true","canada","edmonton","YED","53.667","-113.467","2023-01-10"
"522607","1979-06-19","F","true","false","usa","miami","MIA","25.793","-80.291","2023-01-10"
"522624","1995-04-23","F","false","false","usa","bakersfield","BFL","35.433","-119.057","2023-01-10"
"522631","1992-12-13","F","false","false","usa","santa ana","SNA","33.676","-117.868","2023-01-10"
"522633","1985-06-23","F","false","false","usa","new york","LGA","40.777","-73.872","2023-01-10"
"522634","1989-12-26","F","false","false","usa","fresno","FAT","36.776","-119.718","2023-01-10"
"522639","1988-06-13","F","false","false","usa","chicago","MDW","41.786","-87.752","2023-01-10"
"522654","1982-09-27","F","false","true","usa","new york","LGA","40.777","-73.872","2023-01-10"
"522687","1978-12-18","F","true","true","usa","new york","LGA","40.777","-73.872","2023-01-10"
"522738","1983-11-04","F","false","false","usa","chicago","UGN","42.422","-87.868","2023-01-10"
"522745","1975-04-18","F","false","false","usa","new york","LGA","40.777","-73.872","2023-01-10"
"522748","1980-07-05","F","true","false","usa","las vegas","LSV","36.236","-115.034","2023-01-10"
"522761","1983-10-13","M","false","false","usa","houston","HOU","29.645","-95.279","2023-01-10"
"522788","1975-07-20","F","true","false","usa","lincoln","LNK","40.851","-96.759","2023-01-10"
"522800","1995-09-09","F","false","false","usa","new york","LGA","40.777","-73.872","2023-01-10"
"522809","1970-09-02","F","true","true","canada","victoria","YYJ","48.647","-123.426","2023-01-10"
"522873","1990-10-19","F","false","true","canada","victoria","YYJ","48.647","-123.426","2023-01-11"
"522898","1981-12-25","F","false","true","usa","honolulu","HNL","21.316","-157.927","2023-01-11"
"522911","1984-11-28","M","true","true","usa","orlando","ORL","28.545","-81.333","2023-01-11"
"522927","1988-03-26","F","false","false","usa","new york","LGA","40.777","-73.872","2023-01-11"
"522937","1978-02-01","F","false","false","usa","phoenix","LUF","33.535","-112.383","2023-01-11"
"522939","1980-03-07","F","false","true","usa","cleveland","CLE","41.412","-81.85","2023-01-11"
"522943","1948-04-21","F","true","false","usa","los angeles","LAX","33.942","-118.408","2023-01-11"
"522944","1968-10-12","F","true","false","usa","new york","JFK","40.64","-73.779","2023-01-11"
"522970","1980-01-11","F","false","false","usa","atlanta","ATL","33.64","-84.427","2023-01-11"
"522981","1986-06-11","F","false","false","usa","atlanta","ATL","33.64","-84.427","2023-01-11"
"522999","1988-06-10","F","true","false","usa","montgomery","MXF","32.379","-86.362","2023-01-11"
"523030","1989-07-21","F","false","false","usa","birmingham","BHM","33.563","-86.753","2023-01-11"
"523057","1955-09-03","F","false","false","usa","portland","PWM","43.646","-70.309","2023-01-11"
"523073","1988-08-11","F","true","true","usa","orlando","MCO","28.429","-81.316","2023-01-11"
"523077","1992-03-17","F","false","false","usa","corpus christi","CRP","27.77","-97.501","2023-01-11"
"523090","1988-06-18","F","false","true","usa","tucson","TUS","32.116","-110.941","2023-01-11"
"523098","1983-04-19","M","false","false","usa","miami","MIA","25.793","-80.291","2023-01-11"
"523146","1975-08-21","F","false","true","usa","new york","LGA","40.777","-73.872","2023-01-11"
"523158","1982-06-01","F","true","true","usa","san francisco","SFO","37.619","-122.375","2023-01-11"
"523209","1974-10-11","F","false","true","usa","lincoln","LNK","40.851","-96.759","2023-01-11"
"523228","1991-04-10","F","true","false","canada","montreal","YMX","45.68","-74.039","2023-01-11"
"523231","1981-07-14","F","false","false","usa","los angeles","LAX","33.942","-118.408","2023-01-11"
"523256","1986-09-12","F","false","false","usa","indianapolis","IND","39.717","-86.294","2023-01-11"
"523271","1985-02-06","F","true","false","usa","los angeles","LAX","33.942","-118.408","2023-01-11"
"523273","1972-09-06","F","true","false","canada","ottawa","YOW","45.323","-75.669","2023-01-11"
"523290","1989-04-27","F","false","false","usa","rochester","ROC","43.119","-77.672","2023-01-11"
"523299","1964-07-28","F","true","false","usa","seattle","BFI","47.53","-122.302","2023-01-11"
"523301","1985-06-13","F","false","true","usa","phoenix","LUF","33.535","-112.383","2023-01-11"
"523335","1994-11-21","F","false","false","usa","houston","IAH","29.98","-95.34","2023-01-11"
"523338","1985-09-16","F","true","true","usa","new york","LGA","40.777","-73.872","2023-01-11"
"523392","1984-04-13","F","false","false","usa","houston","IAH","29.98","-95.34","2023-01-11"
"523395","1991-10-27","F","false","false","usa","tucson","DMA","32.166","-110.883","2023-01-11"
"523442","1969-10-28","F","true","true","usa","milwaukee","MKE","42.947","-87.896","2023-01-11"
"523454","1966-07-20","F","false","false","usa","cleveland","CLE","41.412","-81.85","2023-01-11"
"523465","1973-11-24","F","true","false","canada","montreal","YUL","45.468","-73.741","2023-01-11"
"523474","1983-11-16","F","false","false","usa","houston","IAH","29.98","-95.34","2023-01-11"
"523484","1982-08-02","F","false","false","usa","new york","LGA","40.777","-73.872","2023-01-11"
"523503","1953-02-15","F","true","false","usa","denver","DEN","39.858","-104.667","2023-01-11"
"523505","1975-10-16","F","false","false","usa","chicago","UGN","42.422","-87.868","2023-01-11"
"523511","1986-04-11","M","false","true","usa","new york","JFK","40.64","-73.779","2023-01-11"
"523513","1970-06-06","F","true","true","usa","new york","JFK","40.64","-73.779","2023-01-11"
"523517","1994-11-18","F","false","false","usa","houston","HOU","29.645","-95.279","2023-01-11"
"523526","1996-06-01","F","false","false","usa","denver","DEN","39.858","-104.667","2023-01-11"
"523546","1965-04-12","M","false","true","usa","austin","AUS","30.194","-97.67","2023-01-11"
"523559","1978-01-27","M","true","false","usa","san antonio","SKF","29.384","-98.581","2023-01-11"
"523612","1978-04-01","F","true","true","usa","seattle","SEA","47.449","-122.309","2023-01-11"
"523619","1980-04-20","F","true","true","canada","toronto","YZD","43.742","-79.466","2023-01-11"
"523657","1987-12-13","F","true","false","usa","winston-salem","INT","36.134","-80.222","2023-01-11"
"523666","1970-06-11","M","true","false","usa","bakersfield","BFL","35.433","-119.057","2023-01-11"
"523686","1981-10-10","F","true","true","canada","saskatoon","YXE","52.171","-106.7","2023-01-11"
"523690","1981-02-23","M","false","false","usa","lincoln","LNK","40.851","-96.759","2023-01-11"
"523700","1965-02-02","F","true","true","usa","charlotte","CLT","35.214","-80.943","2023-01-11"
"523710","1981-06-26","F","false","false","usa","fort worth","FTW","32.82","-97.362","2023-01-11"
"523715","1980-10-07","F","true","true","usa","portland","PWM","43.646","-70.309","2023-01-11"
"523717","1982-09-22","F","false","false","usa","baltimore","BWI","39.175","-76.668","2023-01-11"
"523729","1949-05-11","F","true","false","usa","kansas city","MCI","39.297","-94.714","2023-01-11"
"523735","1968-11-27","F","true","true","canada","ottawa","YOW","45.323","-75.669","2023-01-11"
"523746","1999-05-23","F","false","false","usa","new york","JFK","40.64","-73.779","2023-01-11"
"523756","1996-04-01","F","false","false","usa","houston","HOU","29.645","-95.279","2023-01-11"
"523768","1967-08-16","F","true","false","canada","montreal","YMX","45.68","-74.039","2023-01-11"
"523771","1988-04-16","F","false","true","usa","new york","JFK","40.64","-73.779","2023-01-11"
"523787","1982-09-11","F","true","true","usa","milwaukee","MKE","42.947","-87.896","2023-01-11"
"523800","1986-05-18","F","false","false","usa","san diego","SAN","32.733","-117.189","2023-01-11"
"523807","1970-12-05","F","true","true","usa","san francisco","SFO","37.619","-122.375","2023-01-11"
"523819","1981-06-13","F","true","false","usa","riverside","RIV","33.881","-117.259","2023-01-11"
"523824","2002-05-12","F","false","false","usa","oklahoma city","OKC","35.393","-97.601","2023-01-11"
"523841","1976-09-19","F","true","false","usa","san jose","SJC","37.362","-121.929","2023-01-11"
"523842","1981-02-01","M","true","false","usa","lincoln","LNK","40.851","-96.759","2023-01-11"
"523845","1980-11-19","F","false","true","usa","sacramento","MHR","38.554","-121.297","2023-01-11"
"523846","1998-05-04","M","false","true","canada","montreal","YUL","45.468","-73.741","2023-01-11"
"523860","1983-08-09","F","true","true","usa","knoxville","TYS","35.812","-83.993","2023-01-11"
"523866","2006-08-23","F","false","false","canada","toronto","YKZ","43.862","-79.37","2023-01-11"
"523877","1972-12-20","F","true","false","usa","los angeles","LAX","33.942","-118.408","2023-01-11"
"523887","2000-03-11","F","false","false","usa","indianapolis","IND","39.717","-86.294","2023-01-11"
"523913","1987-09-28","M","false","true","usa","memphis","MEM","35.042","-89.977","2023-01-11"
"523938","2002-03-23","F","true","false","usa","new york","JFK","40.64","-73.779","2023-01-11"
"523981","1971-11-11","F","false","false","canada","edmonton","YEG","53.31","-113.58","2023-01-11"
"524001","1978-07-04","F","false","false","canada","toronto","YYZ","43.677","-79.631","2023-01-11"
"524012","1981-12-06","F","true","false","usa","new york","LGA","40.777","-73.872","2023-01-11"
"524031","1987-03-14","F","true","false","usa","denver","DEN","39.858","-104.667","2023-01-11"
"524036","1992-09-19","F","false","false","usa","new york","LGA","40.777","-73.872","2023-01-11"
"524038","1982-10-09","F","false","false","canada","montreal","YUL","45.468","-73.741","2023-01-11"
"524043","1968-08-14","F","true","false","usa","wichita","IAB","37.623","-97.267","2023-01-11"
"524046","1965-12-19","F","true","false","usa","austin","AUS","30.194","-97.67","2023-01-11"
"524052","1981-10-26","F","false","false","usa","santa ana","SNA","33.676","-117.868","2023-01-11"
"524057","1952-01-21","F","true","false","usa","new york","JFK","40.64","-73.779","2023-01-11"
"524076","1968-11-16","F","true","false","usa","tucson","DMA","32.166","-110.883","2023-01-11"
"524080","1988-07-27","F","false","false","usa","los angeles","LAX","33.942","-118.408","2023-01-11"
"524098","1980-03-22","F","false","false","usa","houston","HOU","29.645","-95.279","2023-01-11"
"524116","1969-06-19","M","false","false","usa","seattle","BFI","47.53","-122.302","2023-01-11"
"524120","1984-06-09","F","false","false","usa","honolulu","HNL","21.316","-157.927","2023-01-11"
"524151","2000-07-05","M","false","false","usa","new york","JFK","40.64","-73.779","2023-01-11"
"524167","1982-05-16","M","false","true","usa","san antonio","SAT","29.534","-98.47","2023-01-11"
"524169","1985-02-02","F","true","true","usa","long beach","LGB","33.818","-118.151","2023-01-11"
"524172","2003-05-05","F","false","false","usa","chicago","UGN","42.422","-87.868","2023-01-11"
"524180","1967-09-06","F","false","false","canada","montreal","YUL","45.468","-73.741","2023-01-11"
"524194","1988-12-17","F","false","false","usa","richmond","RIC","37.505","-77.319","2023-01-11"
"524200","1969-04-09","F","true","false","usa","new york","LGA","40.777","-73.872","2023-01-11"
"524211","1990-10-24","F","false","false","usa","new york","JFK","40.64","-73.779","2023-01-11"
"524214","1991-06-21","F","false","false","usa","st. louis","STL","38.748","-90.36","2023-01-11"
"524226","1978-02-25","F","true","true","usa","new york","LGA","40.777","-73.872","2023-01-11"
"524244","1987-07-18","F","false","false","usa","las vegas","LAS","36.08","-115.152","2023-01-11"
"524251","1974-09-14","F","true","true","usa","chicago","UGN","42.422","-87.868","2023-01-11"
"524278","1990-12-16","M","false","true","usa","portland","PWM","43.646","-70.309","2023-01-11"
"524313","1973-03-28","F","true","false","usa","san diego","SAN","32.733","-117.189","2023-01-11"
"524318","1999-02-04","F","false","true","usa","columbus","LCK","39.814","-82.928","2023-01-11"
"524328","1989-12-09","F","false","true","usa","new york","LGA","40.777","-73.872","2023-01-11"
"524358","1987-09-04","F","false","true","usa","houston","HOU","29.645","-95.279","2023-01-11"
"524365","1976-06-17","F","true","false","usa","phoenix","LUF","33.535","-112.383","2023-01-11"
"524383","1990-05-11","F","false","false","canada","montreal","YUL","45.468","-73.741","2023-01-11"
"524407","1975-02-10","F","false","false","canada","montreal","YMX","45.68","-74.039","2023-01-11"
"524412","1971-02-20","F","true","false","usa","stockton","SCK","37.894","-121.239","2023-01-11"
"524419","1949-08-04","F","true","false","usa","columbus","CMH","39.998","-82.892","2023-01-11"
"524448","1972-09-23","F","true","true","canada","ottawa","YOW","45.323","-75.669","2023-01-11"
"524473","1973-08-18","M","true","false","usa","santa ana","SNA","33.676","-117.868","2023-01-11"
"524484","2001-06-13","F","false","false","canada","hamilton","YHM","43.173","-79.935","2023-01-11"
"524511","1969-03-15","F","false","false","usa","los angeles","LAX","33.942","-118.408","2023-01-11"
"524572","1978-11-27","F","true","true","usa","san antonio","SAT","29.534","-98.47","2023-01-11"
"524606","1991-05-07","F","false","false","usa","laredo","LRD","27.544","-99.461","2023-01-11"
"524607","1987-09-14","F","true","false","usa","los angeles","LAX","33.942","-118.408","2023-01-11"
"524615","1971-09-26","F","true","false","usa","chicago","UGN","42.422","-87.868","2023-01-11"
"524620","1993-05-03","F","false","false","usa","corpus christi","CRP","27.77","-97.501","2023-01-11"
"524628","1974-09-02","M","true","false","usa","los angeles","LAX","33.942","-118.408","2023-01-11"
"524637","1986-02-22","F","false","false","usa","new york","JFK","40.64","-73.779","2023-01-11"
"524644","1990-07-23","F","false","false","canada","ottawa","YOW","45.323","-75.669","2023-01-11"
"524650","1994-01-18","F","false","false","usa","chicago","MDW","41.786","-87.752","2023-01-11"
"524663","1985-12-21","F","true","true","usa","new york","JFK","40.64","-73.779","2023-01-11"
"524668","1977-11-20","F","false","false","usa","new york","JFK","40.64","-73.779","2023-01-11"
"524682","1976-04-19","F","true","false","usa","birmingham","BHM","33.563","-86.753","2023-01-11"
"524722","1972-01-20","M","true","true","usa","dallas","DAL","32.847","-96.852","2023-01-11"
"524728","1977-12-16","F","true","false","usa","los angeles","LAX","33.942","-118.408","2023-01-11"
"524739","1952-02-15","F","false","false","usa","shreveport","BAD","32.502","-93.663","2023-01-11"
"524766","1988-09-13","M","false","true","canada","ottawa","YOW","45.323","-75.669","2023-01-11"
"524797","1993-01-16","F","false","true","usa","philadelphia","PNE","40.082","-75.011","2023-01-11"
"524805","1987-07-26","F","true","true","usa","sacramento","SAC","38.513","-121.493","2023-01-11"
"524807","1993-06-22","F","false","true","canada","calgary","YYC","51.114","-114.02","2023-01-11"
"524821","1996-06-03","F","true","true","usa","rochester","ROC","43.119","-77.672","2023-01-11"
"524834","1980-06-16","F","true","true","usa","phoenix","LUF","33.535","-112.383","2023-01-11"
"524842","1990-04-13","F","true","true","usa","corpus christi","CRP","27.77","-97.501","2023-01-11"
"524849","1973-11-15","F","true","true","canada","edmonton","YEG","53.31","-113.58","2023-01-11"
"524861","1992-08-21","F","false","false","canada","calgary","YYC","51.114","-114.02","2023-01-11"
"524880","1982-12-10","F","true","true","canada","toronto","YKZ","43.862","-79.37","2023-01-11"
"524885","1984-03-14","F","false","false","usa","jacksonville","LRF","34.918","-92.146","2023-01-11"
"524895","1983-01-15","F","false","false","usa","chicago","ORD","41.979","-87.904","2023-01-11"
"524909","1973-07-11","M","false","false","usa","el paso","BIF","31.849","-106.38","2023-01-11"
"524913","2002-11-21","F","true","false","canada","toronto","YTZ","43.627","-79.396","2023-01-11"
"524923","1993-09-07","F","false","false","usa","winston-salem","INT","36.134","-80.222","2023-01-11"
"524926","1981-05-25","F","false","false","usa","san francisco","SFO","37.619","-122.375","2023-01-11"
"524929","1979-10-27","F","false","false","usa","st. petersburg","SPG","27.765","-82.627","2023-01-11"
"524940","1998-01-11","F","true","true","usa","houston","HOU","29.645","-95.279","2023-01-11"
"524980","1974-09-05","F","true","false","usa","chicago","UGN","42.422","-87.868","2023-01-12"
"525022","1975-08-08","F","true","false","usa","st. louis","STL","38.748","-90.36","2023-01-12"
"525034","1971-03-27","F","true","false","canada","gatineau","YND","45.521","-75.564","2023-01-12"
"525043","1984-09-11","F","true","false","usa","houston","EFD","29.607","-95.159","2023-01-12"
"525053","1975-04-22","F","true","false","canada","calgary","YYC","51.114","-114.02","2023-01-12"
"525056","1986-08-28","F","false","false","usa","new york","LGA","40.777","-73.872","2023-01-12"
"525081","1967-09-21","F","true","true","usa","anchorage","ANC","61.174","-149.996","2023-01-12"
"525089","1981-05-24","F","true","false","usa","seattle","BFI","47.53","-122.302","2023-01-12"
"525102","1987-02-05","F","false","true","usa","st. louis","STL","38.748","-90.36","2023-01-12"
"525106","1988-09-05","F","false","false","usa","houston","IAH","29.98","-95.34","2023-01-12"
"525168","1966-06-04","F","true","false","canada","calgary","YYC","51.114","-114.02","2023-01-12"
"525175","1939-03-10","M","true","false","usa","stockton","SCK","37.894","-121.239","2023-01-12"
"525176","1953-09-03","F","false","false","usa","washington","IAD","38.944","-77.456","2023-01-12"
"525201","1973-06-24","M","false","false","usa","norfolk","ORF","36.894","-76.201","2023-01-12"
"525212","2006-11-02","M","false","false","usa","memphis","MEM","35.042","-89.977","2023-01-12"
"525227","1985-01-07","F","true","false","usa","jacksonville","LRF","34.918","-92.146","2023-01-12"
"525234","1969-08-03","F","false","false","usa","houston","HOU","29.645","-95.279","2023-01-12"
"525244","1992-01-24","M","false","false","usa","new york","JFK","40.64","-73.779","2023-01-12"
"525265","1978-03-12","M","true","false","usa","houston","EFD","29.607","-95.159","2023-01-12"
"525281","1985-12-23","F","false","false","usa","chicago","MDW","41.786","-87.752","2023-01-12"
"525308","1976-02-16","M","true","true","usa","amarillo","AMA","35.219","-101.706","2023-01-12"
"525323","1993-03-07","F","false","false","usa","memphis","MEM","35.042","-89.977","2023-01-12"
"525332","1993-07-09","F","false","false","canada","toronto","YKZ","43.862","-79.37","2023-01-12"
"525356","1971-11-24","F","true","true","usa","los angeles","LAX","33.942","-118.408","2023-01-12"
"525377","1998-01-03","F","false","false","usa","birmingham","BHM","33.563","-86.753","2023-01-12"
"525379","2006-12-26","F","false","false","usa","long beach","LGB","33.818","-118.151","2023-01-12"
"525389","1987-04-26","F","false","false","usa","corpus christi","CRP","27.77","-97.501","2023-01-12"
"525405","1998-07-15","F","false","false","usa","phoenix","LUF","33.535","-112.383","2023-01-12"
"525410","1992-01-15","F","false","false","usa","san diego","NZY","32.699","-117.215","2023-01-12"
"525415","1986-05-05","F","true","true","canada","edmonton","YED","53.667","-113.467","2023-01-12"
"525447","1969-01-28","F","false","false","usa","tucson","DMA","32.166","-110.883","2023-01-12"
"525488","1995-11-04","F","false","true","usa","long beach","LGB","33.818","-118.151","2023-01-12"
"525515","1991-02-26","F","false","true","canada","toronto","YTZ","43.627","-79.396","2023-01-12"
"525529","1974-03-15","F","false","false","canada","montreal","YMX","45.68","-74.039","2023-01-12"
"525546","1979-01-06","F","true","true","usa","cincinnati","LUK","39.103","-84.419","2023-01-12"
"525555","1982-01-22","F","false","true","canada","hamilton","YHM","43.173","-79.935","2023-01-12"
"525591","1979-03-23","F","false","false","usa","new york","JFK","40.64","-73.779","2023-01-12"
"525610","1985-01-20","M","false","false","usa","portland","PWM","43.646","-70.309","2023-01-12"
"525611","1984-05-02","F","false","false","usa","miami","TNT","25.862","-80.897","2023-01-12"
"525615","1989-04-14","F","false","false","usa","denver","DEN","39.858","-104.667","2023-01-12"
"525631","1978-09-02","M","false","false","usa","new york","JFK","40.64","-73.779","2023-01-12"
"525647","1961-06-14","F","true","true","canada","edmonton","YED","53.667","-113.467","2023-01-12"
"525671","1978-11-09","F","true","false","usa","baltimore","BWI","39.175","-76.668","2023-01-12"
"525684","1972-08-03","F","true","true","usa","miami","TNT","25.862","-80.897","2023-01-12"
"525716","1968-11-19","F","true","false","usa","oklahoma city","TIK","35.415","-97.386","2023-01-12"
"525722","1973-09-10","F","false","false","usa","phoenix","LUF","33.535","-112.383","2023-01-12"
"525734","1989-04-04","F","false","true","usa","houston","HOU","29.645","-95.279","2023-01-12"
"525761","2000-04-01","F","false","false","usa","los angeles","LAX","33.942","-118.408","2023-01-12"
"525769","1987-08-19","F","false","false","usa","charlotte","CLT","35.214","-80.943","2023-01-12"
"525789","1963-11-25","F","true","false","usa","birmingham","BHM","33.563","-86.753","2023-01-12"
"525804","1975-03-18","F","false","true","usa","new york","LGA","40.777","-73.872","2023-01-12"
"525806","1985-10-14","F","false","true","usa","lincoln","LNK","40.851","-96.759","2023-01-12"
"525824","1985-02-15","F","true","false","usa","detroit","YIP","42.238","-83.53","2023-01-12"
"525842","1982-04-26","F","true","false","usa","jacksonville","LRF","34.918","-92.146","2023-01-12"
"525844","1988-08-13","M","false","false","usa","fort worth","FTW","32.82","-97.362","2023-01-12"
"525848","1965-06-09","F","true","true","usa","new york","LGA","40.777","-73.872","2023-01-12"
"525864","1981-07-23","F","true","true","usa","minneapolis","MSP","44.88","-93.217","2023-01-12"
"525879","1985-05-13","F","false","true","usa","new york","LGA","40.777","-73.872","2023-01-12"
"525920","1980-08-15","M","false","false","usa","madison","MSN","43.14","-89.337","2023-01-12"
"525975","1981-02-26","F","true","false","usa","austin","AUS","30.194","-97.67","2023-01-12"
"525996","1978-06-26","M","false","false","usa","winston-salem","INT","36.134","-80.222","2023-01-12"
"526032","1988-08-17","F","false","true","canada","windsor","YQG","42.276","-82.956","2023-01-12"
"526036","1954-05-14","F","true","false","usa","san diego","SAN","32.733","-117.189","2023-01-12"
"526062","1979-02-26","M","true","false","usa","montgomery","MXF","32.379","-86.362","2023-01-12"
"526079","1974-05-17","F","true","false","usa","salt lake city","SLC","40.788","-111.978","2023-01-12"
"526084","1983-04-26","F","false","false","usa","new york","LGA","40.777","-73.872","2023-01-12"
"526102","1976-07-19","F","true","false","usa","denver","DEN","39.858","-104.667","2023-01-12"
"526144","1981-02-06","F","false","true","usa","chicago","MDW","41.786","-87.752","2023-01-12"
"526154","1985-05-05","F","false","true","usa","new york","LGA","40.777","-73.872","2023-01-12"
"526174","1973-01-02","F","false","false","usa","lubbock","LBB","33.664","-101.823","2023-01-12"
"526179","1983-01-21","M","false","false","usa","colorado springs","COS","38.806","-104.7","2023-01-12"
"526184","2000-04-22","F","false","false","canada","montreal","YMX","45.68","-74.039","2023-01-12"
"526203","1990-11-19","F","true","true","usa","new york","LGA","40.777","-73.872","2023-01-12"
"526206","2006-06-28","M","false","true","usa","new orleans","MSY","29.993","-90.258","2023-01-12"
"526221","1958-04-12","F","true","false","usa","oklahoma city","OKC","35.393","-97.601","2023-01-12"
"526235","1978-10-19","M","false","false","usa","tallahassee","TLH","30.396","-84.35","2023-01-12"
"526239","1986-10-09","F","true","true","usa","oakland","OAK","37.721","-122.221","2023-01-12"
"526256","1985-05-22","F","false","false","usa","washington","IAD","38.944","-77.456","2023-01-12"
"526258","1967-12-24","F","true","false","canada","victoria","YYJ","48.647","-123.426","2023-01-12"
"526291","1992-08-18","F","false","false","usa","orlando","MCO","28.429","-81.316","2023-01-12"
"526297","1984-06-03","F","false","false","usa","newport news","PHF","37.132","-76.493","2023-01-12"
"526303","2002-03-19","F","true","true","usa","mobile","MOB","30.691","-88.243","2023-01-12"
"526308","1979-08-10","F","true","false","canada","toronto","YYZ","43.677","-79.631","2023-01-12"
"526332","1995-03-04","F","false","false","canada","vancouver","YVR","49.195","-123.182","2023-01-12"
"526354","1975-10-05","F","true","false","usa","boston","BOS","42.364","-71.005","2023-01-12"
"526365","1995-05-08","F","false","false","usa","nashville","BNA","36.124","-86.678","2023-01-12"
"526367","1979-10-14","F","true","false","usa","birmingham","BHM","33.563","-86.753","2023-01-12"
"526372","1976-10-22","F","false","true","usa","colorado springs","COS","38.806","-104.7","2023-01-12"
"526378","1975-09-22","F","false","true","canada","toronto","YKZ","43.862","-79.37","2023-01-12"
"526409","1970-10-09","M","false","false","usa","riverside","RIV","33.881","-117.259","2023-01-12"
"526431","1982-02-23","F","false","false","usa","charlotte","CLT","35.214","-80.943","2023-01-12"
"526435","1954-04-12","F","true","false","usa","anchorage","MRI","61.214","-149.846","2023-01-12"
"526443","1979-09-13","F","true","true","usa","san jose","SJC","37.362","-121.929","2023-01-12"
"526445","1975-01-22","F","false","false","usa","tampa","MCF","27.849","-82.521","2023-01-12"
"526471","1982-01-21","M","false","false","usa","washington","IAD","38.944","-77.456","2023-01-12"
"526490","1980-06-08","F","false","false","usa","richmond","RIC","37.505","-77.319","2023-01-12"
"526492","1979-06-22","F","true","false","usa","dallas","DAL","32.847","-96.852","2023-01-12"
"526495","1987-02-26","M","false","true","usa","tallahassee","TLH","30.396","-84.35","2023-01-12"
"526540","1973-10-20","F","true","false","canada","edmonton","YED","53.667","-113.467","2023-01-12"
"526565","1994-12-11","F","false","false","usa","little rock","LIT","34.729","-92.224","2023-01-12"
"526570","1970-11-11","F","false","false","usa","seattle","BFI","47.53","-122.302","2023-01-12"
"526628","1981-08-27","F","true","true","canada","montreal","YHU","45.517","-73.417","2023-01-12"
"526668","1985-08-20","M","false","true","usa","san jose","SJC","37.362","-121.929","2023-01-12"
"526676","1986-09-23","F","false","true","canada","calgary","YYC","51.114","-114.02","2023-01-12"
"526683","1982-07-07","F","true","false","usa","kansas city","MCI","39.297","-94.714","2023-01-12"
"526690","2001-07-12","F","false","true","usa","cleveland","CLE","41.412","-81.85","2023-01-12"
"526711","1990-01-26","F","false","false","usa","san francisco","SFO","37.619","-122.375","2023-01-12"
"526727","1960-09-21","F","true","true","usa","memphis","MEM","35.042","-89.977","2023-01-12"
"526729","1977-12-02","F","false","false","usa","new york","JFK","40.64","-73.779","2023-01-12"
"526740","1997-07-19","F","false","false","usa","philadelphia","PNE","40.082","-75.011","2023-01-12"
"526759","1979-12-28","F","true","false","usa","washington","IAD","38.944","-77.456","2023-01-12"
"526782","1994-08-08","F","false","false","canada","montreal","YHU","45.517","-73.417","2023-01-12"
"526789","1994-09-23","F","false","false","usa","baltimore","BWI","39.175","-76.668","2023-01-12"
"526837","1976-11-24","F","true","false","usa","honolulu","HNL","21.316","-157.927","2023-01-12"
"526855","1986-07-11","F","false","false","usa","los angeles","LAX","33.942","-118.408","2023-01-12"
"526858","1972-11-05","F","true","true","usa","miami","TNT","25.862","-80.897","2023-01-12"
"526867","1974-06-17","F","false","false","usa","des moines","DSM","41.534","-93.663","2023-01-12"
"526872","1953-08-16","F","true","false","usa","st. petersburg","SPG","27.765","-82.627","2023-01-12"
"526873","1982-04-22","F","false","false","canada","london","YXU","43.036","-81.154","2023-01-12"
"526900","1971-04-13","F","true","false","usa","new orleans","NBG","29.825","-90.035","2023-01-12"
"526901","1972-06-24","F","true","false","usa","dallas","DAL","32.847","-96.852","2023-01-12"
"526905","1970-08-11","F","false","false","usa","chicago","UGN","42.422","-87.868","2023-01-12"
"526913","1968-02-11","F","true","true","usa","san francisco","SFO","37.619","-122.375","2023-01-12"
"526916","1966-11-23","F","true","false","usa","omaha","OMA","41.302","-95.894","2023-01-12"
"526925","2006-11-10","F","false","false","usa","madison","MSN","43.14","-89.337","2023-01-12"
"526950","1994-06-04","F","true","false","usa","akron","AKR","41.038","-81.467","2023-01-12"
"526959","1980-12-20","F","false","false","usa","seattle","SEA","47.449","-122.309","2023-01-12"
"526970","1985-04-28","F","false","false","canada","ottawa","YOW","45.323","-75.669","2023-01-12"
"527001","1959-04-09","F","false","true","usa","indianapolis","IND","39.717","-86.294","2023-01-12"
"527004","1978-05-14","F","true","false","usa","new york","LGA","40.777","-73.872","2023-01-12"
"527019","2003-11-05","F","false","false","usa","dallas","DAL","32.847","-96.852","2023-01-12"
"527038","1983-08-26","F","true","false","canada","calgary","YYC","51.114","-114.02","2023-01-12"
"527046","1984-01-07","F","true","true","usa","newark","EWR","40.692","-74.169","2023-01-12"
"527075","1970-03-25","M","true","true","canada","edmonton","YXD","53.573","-113.521","2023-01-12"
"527081","1996-03-15","F","false","true","usa","miami","MIA","25.793","-80.291","2023-01-12"
"527082","1984-07-21","M","false","false","usa","el paso","BIF","31.849","-106.38","2023-01-12"
"527109","1979-01-11","F","true","false","usa","austin","AUS","30.194","-97.67","2023-01-12"
"527130","1959-09-11","F","true","false","usa","los angeles","LAX","33.942","-118.408","2023-01-12"
"527132","1971-09-28","M","false","false","usa","chicago","UGN","42.422","-87.868","2023-01-12"
"527133","1976-01-25","F","false","false","usa","lubbock","LBB","33.664","-101.823","2023-01-12"
"527141","1983-02-18","F","false","false","usa","nashville","BNA","36.124","-86.678","2023-01-12"
"527142","1988-10-14","F","false","false","usa","jacksonville","NZC","30.219","-81.876","2023-01-12"
"527150","1992-03-16","F","false","false","usa","indianapolis","IND","39.717","-86.294","2023-01-12"
"527154","1988-03-01","F","false","false","usa","denver","DEN","39.858","-104.667","2023-01-12"
"527158","1973-04-15","F","true","false","canada","victoria","YYJ","48.647","-123.426","2023-01-13"
"527187","1992-11-06","M","false","true","usa","brownsville","BRO","25.907","-97.426","2023-01-13"
"527197","1999-01-16","M","false","false","canada","hamilton","YHM","43.173","-79.935","2023-01-13"
"527219","1999-01-25","F","false","false","usa","long beach","LGB","33.818","-118.151","2023-01-13"
"527232","1969-07-17","F","true","false","usa","houston","EFD","29.607","-95.159","2023-01-13"
"527253","1982-03-17","F","false","false","canada","toronto","YZD","43.742","-79.466","2023-01-13"
"527280","1976-05-11","F","false","false","usa","norfolk","ORF","36.894","-76.201","2023-01-13"
"527321","2006-09-21","F","false","false","canada","halifax","YHZ","44.881","-63.509","2023-01-13"
"527326","1967-06-18","F","true","false","usa","tacoma","TCM","47.138","-122.476","2023-01-13"
"527344","1966-07-08","F","true","false","usa","memphis","MEM","35.042","-89.977","2023-01-13"
"527346","1977-06-28","F","true","false","canada","toronto","YKZ","43.862","-79.37","2023-01-13"
"527354","1968-04-05","F","true","false","usa","las vegas","LSV","36.236","-115.034","2023-01-13"
"527359","1987-10-06","F","true","true","usa","fort worth","FTW","32.82","-97.362","2023-01-13"
"527365","2006-11-27","F","false","true","usa","dallas","DAL","32.847","-96.852","2023-01-13"
"527389","1989-10-08","F","false","true","usa","boston","BOS","42.364","-71.005","2023-01-13"
"527393","1992-02-22","F","false","false","canada","winnipeg","YWG","49.91","-97.234","2023-01-13"
"527396","1982-12-13","M","false","false","usa","austin","AUS","30.194","-97.67","2023-01-13"
"527401","1986-11-10","F","false","false","usa","baltimore","BWI","39.175","-76.668","2023-01-13"
"527406","1984-09-06","F","false","false","usa","austin","AUS","30.194","-97.67","2023-01-13"
"527445","2006-01-24","M","false","false","usa","los angeles","LAX","33.942","-118.408","2023-01-13"
"527451","1992-07-03","F","false","false","canada","toronto","YKZ","43.862","-79.37","2023-01-13"
"527452","1980-12-26","M","false","false","usa","new orleans","MSY","29.993","-90.258","2023-01-13"
"527455","1996-03-02","F","true","false","canada","winnipeg","YWG","49.91","-97.234","2023-01-13"
"527464","1977-04-20","F","false","false","usa","denver","DEN","39.858","-104.667","2023-01-13"
"527467","1983-11-13","F","true","false","usa","san antonio","SAT","29.534","-98.47","2023-01-13"
"527470","1992-10-03","F","false","true","usa","wichita","IAB","37.623","-97.267","2023-01-13"
"527490","1982-03-20","F","false","true","usa","new york","LGA","40.777","-73.872","2023-01-13"
"527507","1980-12-18","M","true","true","usa","san francisco","SFO","37.619","-122.375","2023-01-13"
"527508","1970-06-17","F","true","false","usa","san antonio","SAT","29.534","-98.47","2023-01-13"
"527518","1994-08-22","F","false","false","usa","cleveland","CLE","41.412","-81.85","2023-01-13"
"527524","1998-12-24","F","false","false","canada","halifax","YHZ","44.881","-63.509","2023-01-13"
"527536","1948-12-26","F","true","false","usa","richmond","RIC","37.505","-77.319","2023-01-13"
"527541","1982-10-08","F","true","false","canada","london","YXU","43.036","-81.154","2023-01-13"
"527552","1966-09-18","F","true","true","usa","portland","PDX","45.589","-122.597","2023-01-13"
"527560","1969-12-03","F","false","true","usa","winston-salem","INT","36.134","-80.222","2023-01-13"
"527564","1987-02-09","F","true","false","canada","gatineau","YND","45.521","-75.564","2023-01-13"
"527585","1983-07-08","F","false","false","usa","minneapolis","MSP","44.88","-93.217","2023-01-13"
"527605","1990-08-19","F","false","false","canada","toronto","YKZ","43.862","-79.37","2023-01-13"
"527689","2003-12-06","M","false","false","usa","new orleans","NBG","29.825","-90.035","2023-01-13"
"527690","1994-03-20","F","false","false","usa","long beach","LGB","33.818","-118.151","2023-01-13"
"527726","1975-12-06","F","true","true","usa","charlotte","CLT","35.214","-80.943","2023-01-13"
"527735","2002-06-01","M","false","false","usa","new york","LGA","40.777","-73.872","2023-01-13"
"527750","1981-01-07","F","true","true","usa","new york","JFK","40.64","-73.779","2023-01-13"
"527782","1982-10-09","F","false","true","usa","memphis","MEM","35.042","-89.977","2023-01-13"
"527783","1977-12-06","F","false","false","usa","indianapolis","IND","39.717","-86.294","2023-01-13"
"527801","1966-05-28","F","true","true","usa","modesto","MOD","37.626","-120.954","2023-01-13"
"527824","1978-06-17","F","true","false","usa","new york","JFK","40.64","-73.779","2023-01-13"
"527850","1986-05-11","M","true","true","usa","san antonio","SKF","29.384","-98.581","2023-01-13"
"527857","1982-05-21","M","true","true","usa","winston-salem","INT","36.134","-80.222","2023-01-13"
"527886","1977-12-20","F","true","false","usa","wichita","IAB","37.623","-97.267","2023-01-13"
"527928","1988-09-01","M","true","false","usa","omaha","OFF","41.118","-95.913","2023-01-13"
"527944","1987-05-06","M","false","false","usa","san diego","NZY","32.699","-117.215","2023-01-13"
"527945","1994-02-12","F","false","true","usa","sacramento","MCC","38.667","-121.401","2023-01-13"
"527984","1973-11-05","F","false","true","usa","winston-salem","INT","36.134","-80.222","2023-01-13"
"527987","1972-05-10","F","false","true","canada","hamilton","YHM","43.173","-79.935","2023-01-13"
"527995","1972-05-27","F","true","true","usa","nashville","BNA","36.124","-86.678","2023-01-13"
"528020","1973-02-19","F","true","false","usa","laredo","LRD","27.544","-99.461","2023-01-13"
"528028","1984-07-04","F","true","false","usa","long beach","LGB","33.818","-118.151","2023-01-13"
"528046","1988-07-12","F","false","false","usa","long beach","LGB","33.818","-118.151","2023-01-13"
"528061","1982-05-03","M","false","false","usa","new york","LGA","40.777","-73.872","2023-01-13"
"528098","1973-03-03","F","true","true","usa","santa ana","SNA","33.676","-117.868","2023-01-13"
"528105","1992-08-13","F","false","false","usa","san jose","SJC","37.362","-121.929","2023-01-13"
"528122","1986-01-18","F","false","true","canada","toronto","YYZ","43.677","-79.631","2023-01-13"
"528137","1955-03-18","F","true","false","usa","sacramento","MCC","38.667","-121.401","2023-01-13"
"528139","1997-08-06","F","false","true","usa","corpus christi","CRP","27.77","-97.501","2023-01-13"
"528158","1974-04-05","F","true","false","usa","columbus","CMH","39.998","-82.892","2023-01-13"
"528164","1976-11-10","M","true","false","usa","san francisco","SFO","37.619","-122.375","2023-01-13"
"528179","1990-11-08","F","true","true","usa","columbus","LCK","39.814","-82.928","2023-01-13"
"528186","1981-03-15","F","false","false","usa","denver","DEN","39.858","-104.667","2023-01-13"
"528193","1983-11-06","F","false","false","usa","new york","JFK","40.64","-73.779","2023-01-13"
"528216","1973-06-23","F","true","true","usa","houston","EFD","29.607","-95.159","2023-01-13"
"528242","1996-03-15","M","true","true","usa","indianapolis","IND","39.717","-86.294","2023-01-13"
"528244","1992-06-07","F","false","false","usa","omaha","OMA","41.302","-95.894","2023-01-13"
"528248","1992-04-10","F","false","false","usa","tampa","TPA","27.975","-82.533","2023-01-13"
"528281","1971-08-09","F","false","false","canada","calgary","YYC","51.114","-114.02","2023-01-13"
"528322","1973-12-22","F","true","false","canada","toronto","YZD","43.742","-79.466","2023-01-13"
"528330","1976-10-04","F","true","true","canada","edmonton","YED","53.667","-113.467","2023-01-13"
"528354","1969-06-19","M","true","true","canada","windsor","YQG","42.276","-82.956","2023-01-13"
"528372","1999-05-07","F","false","true","usa","san antonio","SAT","29.534","-98.47","2023-01-13"
"528378","1981-07-24","M","false","false","canada","calgary","YYC","51.114","-114.02","2023-01-13"
"528379","1974-04-16","F","true","true","usa","new york","LGA","40.777","-73.872","2023-01-13"
"528411","1979-11-19","F","true","false","usa","milwaukee","MKE","42.947","-87.896","2023-01-13"
"528413","1954-08-06","F","true","false","usa","miami","MIA","25.793","-80.291","2023-01-13"
"528417","1972-05-23","F","false","false","usa","oakland","OAK","37.721","-122.221","2023-01-13"
"528421","1987-09-26","F","false","false","canada","winnipeg","YAV","50.056","-97.032","2023-01-13"
"528455","1976-12-24","F","true","true","usa","fresno","FAT","36.776","-119.718","2023-01-13"
"528461","1997-10-04","F","false","false","usa","phoenix","LUF","33.535","-112.383","2023-01-13"
"528490","1981-05-24","M","false","false","usa","san diego","NZY","32.699","-117.215","2023-01-13"
"528500","1983-08-17","F","false","false","usa","cincinnati","LUK","39.103","-84.419","2023-01-13"
"528522","1973-07-08","F","true","true","usa","richmond","RIC","37.505","-77.319","2023-01-13"
"528528","2006-10-04","M","false","false","usa","charlotte","CLT","35.214","-80.943","2023-01-13"
"528542","1967-10-26","F","false","false","usa","philadelphia","PNE","40.082","-75.011","2023-01-13"
"528567","1987-07-13","F","false","false","canada","hamilton","YHM","43.173","-79.935","2023-01-13"
"528580","1976-04-08","F","true","false","usa","new york","JFK","40.64","-73.779","2023-01-13"
"528612","1985-03-03","F","true","true","usa","boston","BOS","42.364","-71.005","2023-01-13"
"528657","1984-08-11","F","false","false","usa","st. louis","STL","38.748","-90.36","2023-01-13"
"528661","1983-07-28","M","false","false","usa","corpus christi","CRP","27.77","-97.501","2023-01-13"
"528683","1973-08-03","F","true","false","usa","houston","HOU","29.645","-95.279","2023-01-13"
"528688","1990-05-10","F","false","false","usa","new york","LGA","40.777","-73.872","2023-01-13"
"528690","1987-03-17","F","true","true","usa","chicago","UGN","42.422","-87.868","2023-01-13"
"528706","1977-06-06","F","true","false","usa","new york","JFK","40.64","-73.779","2023-01-13"
"528723","1988-12-25","F","false","true","canada","calgary","YYC","51.114","-114.02","2023-01-13"
"528735","1974-08-03","F","true","true","usa","tulsa","TUL","36.198","-95.888","2023-01-13"
"528743","1972-06-24","F","false","false","usa","riverside","RIV","33.881","-117.259","2023-01-13"
"528744","1976-04-26","M","false","false","usa","san francisco","SFO","37.619","-122.375","2023-01-13"
"528777","1976-07-05","F","true","false","usa","new york","LGA","40.777","-73.872","2023-01-13"
"528816","1970-04-08","F","true","true","usa","san antonio","SAT","29.534","-98.47","2023-01-13"
"528826","1993-04-04","F","false","false","usa","san francisco","SFO","37.619","-122.375","2023-01-13"
"528827","1972-10-25","F","true","true","usa","st. petersburg","SPG","27.765","-82.627","2023-01-13"
"528828","1982-05-23","F","false","false","usa","san francisco","SFO","37.619","-122.375","2023-01-13"
"528829","1995-12-01","F","false","false","usa","shreveport","BAD","32.502","-93.663","2023-01-13"
"528839","1991-05-26","F","false","false","usa","baltimore","BWI","39.175","-76.668","2023-01-13"
"528842","1956-12-06","M","false","false","usa","honolulu","HNL","21.316","-157.927","2023-01-13"
"528844","1987-12-18","F","false","false","usa","houston","IAH","29.98","-95.34","2023-01-13"
"528906","1990-03-26","F","false","false","usa","portland","PWM","43.646","-70.309","2023-01-13"
"528909","2006-07-16","F","false","false","usa","new york","JFK","40.64","-73.779","2023-01-13"
"528929","1976-02-02","F","false","true","usa","st. petersburg","PIE","27.911","-82.687","2023-01-13"
"528930","1974-03-07","F","true","true","usa","tucson","TUS","32.116","-110.941","2023-01-13"
"528936","2000-05-21","F","false","true","usa","boston","BOS","42.364","-71.005","2023-01-13"
"528942","1968-11-17","F","true","true","usa","new york","JFK","40.64","-73.779","2023-01-13"
"528953","1971-10-16","F","true","false","canada","saskatoon","YXE","52.171","-106.7","2023-01-13"
"528965","1993-02-04","F","false","false","usa","miami","MIA","25.793","-80.291","2023-01-13"
"528967","2004-12-26","F","false","false","usa","nashville","BNA","36.124","-86.678","2023-01-13"
"528995","1969-07-04","M","true","false","usa","houston","HOU","29.645","-95.279","2023-01-13"
"528999","1979-07-28","F","true","false","canada","calgary","YYC","51.114","-114.02","2023-01-13"
"529019","1975-11-10","F","true","false","usa","philadelphia","PNE","40.082","-75.011","2023-01-13"
"529023","1986-11-21","F","true","true","usa","honolulu","HNL","21.316","-157.927","2023-01-13"
"529048","1960-01-03","F","true","true","usa","portland","PDX","45.589","-122.597","2023-01-13"
"529050","1982-07-26","F","false","false","usa","new york","JFK","40.64","-73.779","2023-01-13"
"529082","1991-03-07","F","false","false","usa","austin","AUS","30.194","-97.67","2023-01-13"
"529205","1985-05-04","F","false","false","usa","fort worth","FTW","32.82","-97.362","2023-01-14"
"529214","1960-06-28","F","true","false","usa","tucson","DMA","32.166","-110.883","2023-01-14"
"529216","1998-10-10","F","false","false","usa","new orleans","NBG","29.825","-90.035","2023-01-14"
"529224","1969-06-04","F","true","false","usa","new york","LGA","40.777","-73.872","2023-01-14"
"529229","1995-11-15","F","false","false","usa","tucson","DMA","32.166","-110.883","2023-01-14"
"529231","2001-07-03","F","false","false","usa","newark","EWR","40.692","-74.169","2023-01-14"
"529237","1979-09-04","F","true","true","usa","colorado springs","COS","38.806","-104.7","2023-01-14"
"529249","1973-02-11","F","true","false","usa","dallas","DAL","32.847","-96.852","2023-01-14"
"529284","1998-12-18","F","false","false","canada","ottawa","YOW","45.323","-75.669","2023-01-14"
"529309","1982-09-02","F","false","false","usa","san antonio","SKF","29.384","-98.581","2023-01-14"
"529332","1991-04-18","F","false","false","usa","los angeles","LAX","33.942","-118.408","2023-01-14"
"529338","1983-03-19","O","false","false","usa","new york","LGA","40.777","-73.872","2023-01-14"
"529362","1986-06-12","F","false","false","usa","san antonio","SAT","29.534","-98.47","2023-01-14"
"529406","1984-01-03","F","false","false","usa","new york","LGA","40.777","-73.872","2023-01-14"
"529420","1949-09-16","M","true","false","usa","oakland","OAK","37.721","-122.221","2023-01-14"
"529421","1985-02-28","F","false","false","usa","sacramento","MCC","38.667","-121.401","2023-01-14"
"529422","1968-04-13","F","true","false","usa","baltimore","BWI","39.175","-76.668","2023-01-14"
"529424","1974-02-18","M","true","true","usa","rochester","ROC","43.119","-77.672","2023-01-14"
"529428","1980-05-23","F","false","true","usa","newport news","PHF","37.132","-76.493","2023-01-14"
"529436","1977-05-10","F","false","false","usa","new york","LGA","40.777","-73.872","2023-01-14"
"529488","1979-02-17","F","true","false","usa","sacramento","SMF","38.695","-121.591","2023-01-14"
"529501","1975-12-22","M","true","true","usa","houston","HOU","29.645","-95.279","2023-01-14"
"529502","1984-11-13","F","true","false","usa","new york","JFK","40.64","-73.779","2023-01-14"
"529510","1980-04-16","F","false","true","usa","new york","JFK","40.64","-73.779","2023-01-14"
"529513","1982-10-18","F","false","false","usa","louisville","LOU","38.228","-85.664","2023-01-14"
"529520","2002-09-18","M","false","true","usa","stockton","SCK","37.894","-121.239","2023-01-14"
"529566","1983-12-01","F","false","true","usa","fayetteville","FYV","36.005","-94.17","2023-01-14"
"529602","1979-02-14","M","true","true","usa","charlotte","CLT","35.214","-80.943","2023-01-14"
"529677","2002-04-01","F","false","true","canada","montreal","YMX","45.68","-74.039","2023-01-14"
"529678","1983-02-25","F","false","false","usa","houston","IAH","29.98","-95.34","2023-01-14"
"529689","1977-10-03","F","true","true","usa","san jose","SJC","37.362","-121.929","2023-01-14"
"529695","1987-06-05","F","false","false","usa","new york","LGA","40.777","-73.872","2023-01-14"
"529704","1956-10-19","F","true","false","usa","dallas","DAL","32.847","-96.852","2023-01-14"
"529734","1985-04-06","F","true","false","usa","philadelphia","PNE","40.082","-75.011","2023-01-14"
"529737","1977-08-28","F","true","false","usa","los angeles","LAX","33.942","-118.408","2023-01-14"
"529768","1980-11-15","M","true","false","usa","los angeles","LAX","33.942","-118.408","2023-01-14"
"529781","1980-07-13","F","true","true","usa","lubbock","LBB","33.664","-101.823","2023-01-14"
"529783","2002-06-28","F","false","false","usa","phoenix","PHX","33.434","-112.008","2023-01-14"
"529787","1975-01-22","F","true","true","usa","dallas","DAL","32.847","-96.852","2023-01-14"
"529801","1981-01-08","F","false","true","usa","chicago","MDW","41.786","-87.752","2023-01-14"
"529831","1995-11-17","F","false","false","usa","dallas","DAL","32.847","-96.852","2023-01-14"
"529840","1977-01-11","M","false","false","usa","new york","LGA","40.777","-73.872","2023-01-14"
"529845","1987-02-08","F","true","false","usa","cleveland","CLE","41.412","-81.85","2023-01-14"
"529857","1955-03-26","F","true","false","usa","jacksonville","NIP","30.236","-81.681","2023-01-14"
"529879","1986-02-25","F","false","false","usa","philadelphia","PNE","40.082","-75.011","2023-01-14"
"529887","1985-06-05","F","false","true","usa","houston","IAH","29.98","-95.34","2023-01-14"
"529913","1989-01-24","F","false","false","usa","sacramento","SAC","38.513","-121.493","2023-01-14"
"529940","1958-04-09","F","true","true","usa","nashville","BNA","36.124","-86.678","2023-01-14"
"529972","1968-05-26","F","true","true","usa","wichita","IAB","37.623","-97.267","2023-01-14"
"530004","1980-11-09","M","false","false","usa","cincinnati","CVG","39.046","-84.662","2023-01-14"
"530039","1982-01-20","F","false","false","canada","ottawa","YOW","45.323","-75.669","2023-01-14"
"530090","1981-02-14","F","false","true","usa","bakersfield","BFL","35.433","-119.057","2023-01-14"
"530118","1981-03-25","F","false","false","usa","indianapolis","IND","39.717","-86.294","2023-01-14"
"530188","1986-09-17","F","false","false","usa","san antonio","SKF","29.384","-98.581","2023-01-14"
"530196","2006-09-03","F","false","false","usa","detroit","DTW","42.212","-83.353","2023-01-14"
"530199","1978-07-19","F","true","false","usa","burlington","BTV","44.472","-73.153","2023-01-14"
"530213","1975-06-14","F","true","false","usa","houston","HOU","29.645","-95.279","2023-01-14"
"530223","1983-11-25","F","true","false","usa","tampa","TPA","27.975","-82.533","2023-01-14"
"530240","1978-01-14","F","false","true","usa","san antonio","SKF","29.384","-98.581","2023-01-14"
"530277","1977-07-21","F","false","true","usa","austin","AUS","30.194","-97.67","2023-01-14"
"530278","1969-08-24","F","false","false","usa","portland","PDX","45.589","-122.597","2023-01-14"
"530282","1986-01-01","F","false","false","usa","chicago","MDW","41.786","-87.752","2023-01-14"
"530298","1988-03-23","F","false","true","canada","winnipeg","YWG","49.91","-97.234","2023-01-14"
"530315","1967-07-23","M","false","false","usa","san antonio","SAT","29.534","-98.47","2023-01-14"
"530322","1978-08-16","M","false","true","canada","windsor","YQG","42.276","-82.956","2023-01-14"
"530329","1972-06-08","F","true","true","usa","sacramento","MHR","38.554","-121.297","2023-01-14"
"530365","1973-04-09","F","true","false","usa","san antonio","RND","29.529","-98.279","2023-01-14"
"530371","1992-07-20","F","true","true","usa","new york","LGA","40.777","-73.872","2023-01-14"
"530374","1991-03-24","F","true","false","usa","burlington","BTV","44.472","-73.153","2023-01-14"
"530379","1980-10-11","F","true","false","usa","des moines","DSM","41.534","-93.663","2023-01-14"
"530383","1993-02-26","F","false","false","usa","oakland","OAK","37.721","-122.221","2023-01-14"
"530385","1980-06-21","F","true","false","canada","quebec","YQB","46.788","-71.398","2023-01-14"
"530421","1977-07-26","M","true","false","usa","detroit","DET","42.409","-83.01","2023-01-14"
"530427","1979-02-24","M","false","false","usa","seattle","SEA","47.449","-122.309","2023-01-14"
"530453","2006-08-20","F","false","false","usa","montgomery","MXF","32.379","-86.362","2023-01-14"
"530463","1985-03-25","F","false","false","usa","seattle","SEA","47.449","-122.309","2023-01-14"
"530468","1986-03-04","F","true","true","usa","tampa","MCF","27.849","-82.521","2023-01-14"
"530514","1971-05-18","F","true","true","usa","san francisco","SFO","37.619","-122.375","2023-01-14"
"530543","1985-10-11","M","false","true","usa","charlotte","CLT","35.214","-80.943","2023-01-14"
"530563","1977-04-19","M","true","true","usa","phoenix","LUF","33.535","-112.383","2023-01-14"
"530579","1972-09-21","F","true","false","usa","bakersfield","BFL","35.433","-119.057","2023-01-14"
"530581","2005-11-11","M","true","true","usa","san diego","NZY","32.699","-117.215","2023-01-14"
"530585","1977-03-19","F","false","false","usa","new york","LGA","40.777","-73.872","2023-01-14"
"530592","1999-10-28","F","false","false","canada","toronto","YYZ","43.677","-79.631","2023-01-14"
"530599","1998-11-15","F","false","false","usa","dallas","DAL","32.847","-96.852","2023-01-14"
"530607","1996-03-19","M","false","false","canada","hamilton","YHM","43.173","-79.935","2023-01-14"
"530625","1980-09-17","F","false","true","usa","reno","RNO","39.498","-119.768","2023-01-14"
"530627","1984-08-19","F","false","false","usa","shreveport","SHV","32.446","-93.826","2023-01-14"
"530633","1960-12-25","M","true","false","usa","madison","MSN","43.14","-89.337","2023-01-14"
"530645","1987-06-02","F","false","false","usa","new york","JFK","40.64","-73.779","2023-01-14"
"530649","1974-02-11","F","true","false","canada","halifax","YAW","44.64","-63.499","2023-01-14"
"530656","1981-11-22","F","true","false","usa","san francisco","SFO","37.619","-122.375","2023-01-14"
"530665","1985-11-27","F","false","false","usa","jacksonville","LRF","34.918","-92.146","2023-01-14"
"530666","1994-04-22","F","false","false","usa","las vegas","LAS","36.08","-115.152","2023-01-14"
"530667","1985-01-12","F","true","true","usa","san francisco","SFO","37.619","-122.375","2023-01-14"
"530672","1964-09-17","F","false","false","usa","knoxville","TYS","35.812","-83.993","2023-01-14"
"530673","1964-06-19","M","true","true","usa","newark","EWR","40.692","-74.169","2023-01-14"
"530687","1974-03-15","F","true","true","usa","lubbock","LBB","33.664","-101.823","2023-01-14"
"530719","1975-06-02","F","false","false","usa","baltimore","BWI","39.175","-76.668","2023-01-14"
"530720","1981-07-07","F","true","false","canada","london","YXU","43.036","-81.154","2023-01-14"
"530724","1983-10-16","F","false","false","canada","edmonton","YED","53.667","-113.467","2023-01-14"
"530739","1998-10-23","F","false","false","usa","houston","HOU","29.645","-95.279","2023-01-14"
"530743","1968-03-24","F","false","false","usa","birmingham","BHM","33.563","-86.753","2023-01-14"
"530754","1986-11-26","F","false","true","usa","seattle","BFI","47.53","-122.302","2023-01-14"
"530773","1978-06-19","F","true","true","canada","calgary","YYC","51.114","-114.02","2023-01-14"
"530775","1973-09-02","F","true","false","usa","new york","JFK","40.64","-73.779","2023-01-14"
"530797","1998-12-22","F","false","false","usa","indianapolis","IND","39.717","-86.294","2023-01-14"
"530801","1980-01-23","M","false","true","canada","toronto","YKZ","43.862","-79.37","2023-01-14"
"530810","1984-11-15","F","true","false","canada","montreal","YMX","45.68","-74.039","2023-01-14"
"530811","2006-02-15","F","false","true","canada","toronto","YTZ","43.627","-79.396","2023-01-14"
"530833","1975-09-05","F","true","true","usa","houston","IAH","29.98","-95.34","2023-01-14"
"530869","1990-07-18","F","false","true","usa","amarillo","AMA","35.219","-101.706","2023-01-14"
"530873","2003-10-23","M","false","true","usa","phoenix","PHX","33.434","-112.008","2023-01-14"
"530881","1987-01-22","F","false","true","usa","jacksonville","NCA","34.708","-77.439","2023-01-14"
"530906","1973-03-24","F","true","false","usa","tacoma","TCM","47.138","-122.476","2023-01-14"
"530949","1984-12-20","F","true","false","usa","amarillo","AMA","35.219","-101.706","2023-01-14"
"530950","1984-11-23","F","false","false","canada","victoria","YYJ","48.647","-123.426","2023-01-14"
"530978","1969-12-26","F","true","false","usa","houston","EFD","29.607","-95.159","2023-01-14"
"531006","1984-02-14","M","false","true","usa","new york","JFK","40.64","-73.779","2023-01-14"
"531009","1972-06-22","M","true","false","usa","san jose","SJC","37.362","-121.929","2023-01-14"
"531016","1984-02-01","M","false","false","usa","new york","JFK","40.64","-73.779","2023-01-14"
"531020","1976-07-25","M","false","false","usa","los angeles","LAX","33.942","-118.408","2023-01-15"
"531027","1978-07-10","F","true","true","usa","new york","LGA","40.777","-73.872","2023-01-15"
"531031","1944-12-19","F","true","false","usa","san francisco","SFO","37.619","-122.375","2023-01-15"
"531054","1983-08-08","F","false","false","usa","tampa","TPA","27.975","-82.533","2023-01-15"
"531073","1991-11-16","F","false","false","usa","phoenix","LUF","33.535","-112.383","2023-01-15"
"531094","1995-05-16","F","false","false","usa","columbus","LCK","39.814","-82.928","2023-01-15"
"531109","1975-01-11","F","true","true","usa","san francisco","SFO","37.619","-122.375","2023-01-15"
"531143","1975-11-19","F","true","false","usa","miami","MIA","25.793","-80.291","2023-01-15"
"531144","1968-05-03","F","true","true","usa","indianapolis","IND","39.717","-86.294","2023-01-15"
"531158","1983-08-05","F","false","false","usa","newark","EWR","40.692","-74.169","2023-01-15"
"531198","1999-06-22","F","false","false","usa","dallas","DAL","32.847","-96.852","2023-01-15"
"531204","1982-02-17","M","true","false","canada","calgary","YYC","51.114","-114.02","2023-01-15"
"531217","1972-06-14","F","true","true","canada","toronto","YKZ","43.862","-79.37","2023-01-15"
"531253","1972-10-28","F","true","true","usa","new york","LGA","40.777","-73.872","2023-01-15"
"531255","1987-08-24","F","true","true","usa","buffalo","BUF","42.94","-78.732","2023-01-15"
"531322","1986-08-15","F","false","true","canada","hamilton","YHM","43.173","-79.935","2023-01-15"
"531339","1981-03-13","F","true","false","usa","madison","MSN","43.14","-89.337","2023-01-15"
"531344","1976-01-18","F","false","false","usa","anchorage","MRI","61.214","-149.846","2023-01-15"
"531361","1992-05-04","F","false","true","usa","montgomery","MXF","32.379","-86.362","2023-01-15"
"531373","1973-09-06","F","false","true","usa","riverside","RIV","33.881","-117.259","2023-01-15"
"531386","1972-03-13","F","true","false","canada","calgary","YYC","51.114","-114.02","2023-01-15"
"531427","1970-03-14","F","true","false","usa","new york","JFK","40.64","-73.779","2023-01-15"
"531431","1972-09-01","F","true","false","usa","san antonio","SAT","29.534","-98.47","2023-01-15"
"531447","1968-04-25","F","true","false","usa","newport news","PHF","37.132","-76.493","2023-01-15"
"531456","2005-02-26","F","false","false","canada","vancouver","YVR","49.195","-123.182","2023-01-15"
"531467","1990-06-02","F","false","false","usa","san antonio","RND","29.529","-98.279","2023-01-15"
"531471","1978-09-19","F","true","false","usa","new york","JFK","40.64","-73.779","2023-01-15"
"531475","2006-10-21","M","false","false","canada","toronto","YTZ","43.627","-79.396","2023-01-15"
"531499","1986-01-10","F","true","false","usa","new york","LGA","40.777","-73.872","2023-01-15"
"531500","1945-11-21","F","true","false","usa","dallas","DAL","32.847","-96.852","2023-01-15"
"531511","1979-06-12","F","false","false","usa","tulsa","TUL","36.198","-95.888","2023-01-15"
"531512","1985-05-22","F","false","false","usa","minneapolis","MSP","44.88","-93.217","2023-01-15"
"531557","1974-10-11","F","true","false","canada","winnipeg","YAV","50.056","-97.032","2023-01-15"
"531562","2001-01-05","F","false","true","usa","baton rouge","BTR","30.533","-91.149","2023-01-15"
"531568","1983-03-08","F","false","false","usa","austin","AUS","30.194","-97.67","2023-01-15"
"531615","2003-12-12","F","false","true","usa","oakland","OAK","37.721","-122.221","2023-01-15"
"531620","1953-07-03","F","true","false","usa","new york","LGA","40.777","-73.872","2023-01-15"
"531625","1989-10-16","F","true","false","canada","ottawa","YOW","45.323","-75.669","2023-01-15"
"531650","1988-12-21","F","false","false","canada","calgary","YYC","51.114","-114.02","2023-01-15"
"531654","1977-01-16","F","false","false","usa","honolulu","HNL","21.316","-157.927","2023-01-15"
"531663","1976-01-02","F","false","true","usa","birmingham","BHM","33.563","-86.753","2023-01-15"
"531670","1968-01-20","F","true","false","usa","los angeles","LAX","33.942","-118.408","2023-01-15"
"531682","2002-05-04","F","false","true","usa","las vegas","LSV","36.236","-115.034","2023-01-15"
"531735","2003-01-09","F","false","false","usa","oakland","OAK","37.721","-122.221","2023-01-15"
"531739","1985-06-06","F","false","false","usa","tampa","TPA","27.975","-82.533","2023-01-15"
"531744","1970-09-27","F","true","false","usa","columbus","CMH","39.998","-82.892","2023-01-15"
"531745","2000-12-05","F","false","false","canada","edmonton","YEG","53.31","-113.58","2023-01-15"
"531771","1972-09-11","F","true","true","usa","austin","AUS","30.194","-97.67","2023-01-15"
"531777","1985-03-22","F","false","false","usa","columbus","CMH","39.998","-82.892","2023-01-15"
"531789","1983-03-01","F","true","false","usa","san francisco","SFO","37.619","-122.375","2023-01-15"
"531795","1953-09-18","F","false","false","usa","san francisco","SFO","37.619","-122.375","2023-01-15"
"531803","2000-01-25","F","false","false","usa","detroit","YIP","42.238","-83.53","2023-01-15"
"531807","1986-09-23","F","false","false","usa","phoenix","LUF","33.535","-112.383","2023-01-15"
"531824","1991-10-09","F","false","false","usa","denver","DEN","39.858","-104.667","2023-01-15"
"531834","2005-12-05","F","false","false","usa","los angeles","LAX","33.942","-118.408","2023-01-15"
"531844","1997-06-08","F","false","true","usa","columbus","LCK","39.814","-82.928","2023-01-15"
"531847","1958-07-01","F","true","false","usa","miami","OPF","25.907","-80.278","2023-01-15"
"531857","2003-02-05","F","false","false","usa","philadelphia","PHL","39.872","-75.241","2023-01-15"
"531868","1965-02-09","F","true","true","canada","toronto","YTZ","43.627","-79.396","2023-01-15"
"531884","1973-04-13","F","true","true","usa","chicago","UGN","42.422","-87.868","2023-01-15"
"531921","1978-05-25","F","false","false","canada","saskatoon","YXE","52.171","-106.7","2023-01-15"
"531926","1995-07-28","F","false","false","usa","san diego","NZY","32.699","-117.215","2023-01-15"
"531931","1984-05-26","F","false","false","usa","san jose","SJC","37.362","-121.929","2023-01-15"
"531959","1992-10-02","F","false","false","usa","oakland","OAK","37.721","-122.221","2023-01-15"
"531967","2000-10-05","F","false","false","usa","st. louis","STL","38.748","-90.36","2023-01-15"
"531971","1965-06-05","F","true","true","usa","burlington","BTV","44.472","-73.153","2023-01-15"
"531987","1988-09-23","F","false","false","usa","san antonio","SKF","29.384","-98.581","2023-01-15"
"531989","1969-08-07","F","false","true","usa","san francisco","SFO","37.619","-122.375","2023-01-15"
"531994","1980-08-28","F","true","false","canada","calgary","YYC","51.114","-114.02","2023-01-15"
"532063","1970-08-14","F","true","false","usa","chicago","UGN","42.422","-87.868","2023-01-15"
"532064","1998-08-15","F","false","true","usa","san diego","SAN","32.733","-117.189","2023-01-15"
"532073","1983-10-23","F","false","false","usa","atlanta","ATL","33.64","-84.427","2023-01-15"
"532101","1997-12-25","F","false","false","usa","oakland","OAK","37.721","-122.221","2023-01-15"
"532106","1979-07-03","F","true","true","usa","new york","LGA","40.777","-73.872","2023-01-15"
"532119","1971-11-04","F","true","false","canada","toronto","YTZ","43.627","-79.396","2023-01-15"
"532159","2002-08-08","F","false","false","usa","san antonio","RND","29.529","-98.279","2023-01-15"
"532215","1974-12-06","F","true","false","usa","san francisco","SFO","37.619","-122.375","2023-01-15"
"532225","1969-02-07","F","true","false","usa","new york","JFK","40.64","-73.779","2023-01-15"
"532233","1980-09-07","M","true","false","usa","washington","DCA","38.852","-77.037","2023-01-15"
"532258","1982-10-16","F","false","true","canada","montreal","YUL","45.468","-73.741","2023-01-15"
"532259","1968-10-08","M","true","true","usa","dallas","DAL","32.847","-96.852","2023-01-15"
"532279","2006-08-13","F","false","false","usa","el paso","ELP","31.807","-106.378","2023-01-15"
"532312","1978-11-22","F","true","false","usa","kansas city","MCI","39.297","-94.714","2023-01-15"
"532329","2004-07-22","F","false","true","usa","newark","EWR","40.692","-74.169","2023-01-15"
"532347","1993-03-01","F","false","false","usa","philadelphia","PNE","40.082","-75.011","2023-01-15"
"532361","1978-08-16","F","false","false","canada","montreal","YUL","45.468","-73.741","2023-01-15"
"532365","1974-02-06","M","true","false","usa","omaha","OFF","41.118","-95.913","2023-01-15"
"532381","1972-06-15","F","false","false","usa","omaha","OMA","41.302","-95.894","2023-01-15"
"532387","1985-08-11","F","false","false","usa","denver","DEN","39.858","-104.667","2023-01-15"
"532388","1967-09-17","F","true","false","usa","wichita","IAB","37.623","-97.267","2023-01-15"
"532390","1978-11-05","F","true","true","usa","chicago","ORD","41.979","-87.904","2023-01-15"
"532410","1996-04-19","F","false","false","usa","denver","DEN","39.858","-104.667","2023-01-15"
"532426","1995-02-17","F","false","false","usa","salt lake city","SLC","40.788","-111.978","2023-01-15"
"532432","1955-01-18","F","true","false","usa","houston","IAH","29.98","-95.34","2023-01-15"
"532433","1992-08-27","F","false","true","usa","portland","PDX","45.589","-122.597","2023-01-15"
"532500","1984-08-13","F","false","true","canada","winnipeg","YWG","49.91","-97.234","2023-01-15"
"532519","1974-10-13","F","true","false","usa","tulsa","TUL","36.198","-95.888","2023-01-15"
"532535","1982-09-09","F","false","false","usa","los angeles","LAX","33.942","-118.408","2023-01-15"
"532544","1998-08-12","F","false","false","usa","newark","EWR","40.692","-74.169","2023-01-15"
"532568","1971-09-13","F","false","false","canada","calgary","YYC","51.114","-114.02","2023-01-15"
"532607","1993-02-06","F","false","false","usa","providence","PVD","41.724","-71.428","2023-01-15"
"532622","1974-03-19","F","true","false","usa","kansas city","MCI","39.297","-94.714","2023-01-15"
"532623","1973-06-22","F","false","true","usa","montgomery","MXF","32.379","-86.362","2023-01-15"
"532627","2003-08-20","M","false","true","usa","columbus","LCK","39.814","-82.928","2023-01-15"
"532637","2001-04-28","M","false","false","usa","madison","MSN","43.14","-89.337","2023-01-15"
"532650","1984-07-20","F","false","false","usa","portland","PWM","43.646","-70.309","2023-01-15"
"532651","1989-04-13","F","false","true","canada","toronto","YKZ","43.862","-79.37","2023-01-15"
"532653","1976-02-21","F","false","false","usa","los angeles","LAX","33.942","-118.408","2023-01-15"
"532656","1991-04-04","F","false","false","usa","reno","RNO","39.498","-119.768","2023-01-15"
"532705","1982-02-15","F","true","false","canada","halifax","YHZ","44.881","-63.509","2023-01-15"
"532710","1999-01-26","M","false","false","canada","toronto","YZD","43.742","-79.466","2023-01-15"
"532711","2000-12-12","F","true","false","usa","new york","JFK","40.64","-73.779","2023-01-15"
"532721","1976-09-27","F","false","false","usa","spokane","SKA","47.615","-117.656","2023-01-15"
"532725","1984-11-19","F","false","false","usa","corpus christi","CRP","27.77","-97.501","2023-01-15"
"532730","2006-10-24","F","false","false","usa","detroit","YIP","42.238","-83.53","2023-01-15"
"532742","1982-02-03","F","false","false","usa","new york","JFK","40.64","-73.779","2023-01-15"
"532748","1983-06-01","F","false","true","usa","austin","AUS","30.194","-97.67","2023-01-15"
"532750","1992-12-15","F","false","false","canada","london","YXU","43.036","-81.154","2023-01-15"
"532774","1966-04-25","F","true","false","usa","atlanta","ATL","33.64","-84.427","2023-01-15"
"532810","1973-04-17","F","true","false","usa","san antonio","SAT","29.534","-98.47","2023-01-15"
"532823","1988-07-09","F","false","false","usa","tulsa","TUL","36.198","-95.888","2023-01-15"
"532835","1981-04-28","M","false","true","canada","vancouver","YVR","49.195","-123.182","2023-01-15"
"532843","1983-06-19","F","true","false","canada","windsor","YQG","42.276","-82.956","2023-01-15"
"532863","1968-10-16","M","false","false","usa","phoenix","LUF","33.535","-112.383","2023-01-15"
"532866","1973-03-23","F","true","true","usa","san antonio","SKF","29.384","-98.581","2023-01-15"
"532901","1999-06-05","F","false","false","usa","oklahoma city","OKC","35.393","-97.601","2023-01-15"
"532905","2001-01-23","F","false","false","usa","washington","IAD","38.944","-77.456","2023-01-15"
"532912","1980-06-15","F","true","false","usa","new york","JFK","40.64","-73.779","2023-01-15"
"532941","1993-09-21","F","false","false","canada","toronto","YZD","43.742","-79.466","2023-01-15"
"532989","1972-09-27","F","true","true","usa","seattle","BFI","47.53","-122.302","2023-01-15"
"533048","1975-10-18","M","true","true","usa","chicago","ORD","41.979","-87.904","2023-01-15"
"533093","2002-10-27","F","false","false","usa","new york","JFK","40.64","-73.779","2023-01-15"
"533117","1973-07-26","F","false","false","usa","charlotte","CLT","35.214","-80.943","2023-01-15"
"533123","1982-08-10","M","false","true","canada","edmonton","YED","53.667","-113.467","2023-01-16"
"533129","1985-07-06","F","false","false","usa","new york","LGA","40.777","-73.872","2023-01-16"
"533155","1976-09-02","F","true","false","usa","los angeles","LAX","33.942","-118.408","2023-01-16"
"533187","1954-08-19","F","true","false","usa","denver","DEN","39.858","-104.667","2023-01-16"
"533199","1997-01-15","F","false","false","usa","new york","LGA","40.777","-73.872","2023-01-16"
"533204","2001-10-04","F","false","false","usa","phoenix","LUF","33.535","-112.383","2023-01-16"
"533211","1971-02-04","M","false","true","usa","austin","AUS","30.194","-97.67","2023-01-16"
"533222","1970-01-04","F","true","true","usa","seattle","SEA","47.449","-122.309","2023-01-16"
"533248","1979-09-02","F","true","true","usa","los angeles","LAX","33.942","-118.408","2023-01-16"
"533251","1978-06-12","F","true","true","usa","detroit","DET","42.409","-83.01","2023-01-16"
"533283","1971-08-24","F","false","false","usa","orlando","ORL","28.545","-81.333","2023-01-16"
"533291","1983-04-05","F","true","false","usa","tucson","TUS","32.116","-110.941","2023-01-16"
"533302","1983-03-05","F","false","false","usa","corpus christi","CRP","27.77","-97.501","2023-01-16"
"533327","1964-12-11","F","true","true","usa","winston-salem","INT","36.134","-80.222","2023-01-16"
"533357","1983-05-06","M","false","false","usa","san francisco","SFO","37.619","-122.375","2023-01-16"
"533378","1983-10-26","F","true","true","usa","long beach","LGB","33.818","-118.151","2023-01-16"
"533388","1972-04-20","F","true","true","usa","wichita","ICT","37.65","-97.433","2023-01-16"
"533393","1965-02-20","F","true","true","usa","columbus","LCK","39.814","-82.928","2023-01-16"
"533396","1974-07-04","F","true","false","usa","austin","AUS","30.194","-97.67","2023-01-16"
"533402","1994-08-15","F","false","false","usa","chicago","UGN","42.422","-87.868","2023-01-16"
"533404","1984-09-23","F","true","false","canada","ottawa","YOW","45.323","-75.669","2023-01-16"
"533411","1988-08-21","F","false","false","usa","new york","JFK","40.64","-73.779","2023-01-16"
"533449","2006-04-14","F","false","false","usa","new york","JFK","40.64","-73.779","2023-01-16"
"533464","1967-01-11","F","true","true","usa","washington","DCA","38.852","-77.037","2023-01-16"
"533490","1983-07-24","F","false","false","usa","baltimore","BWI","39.175","-76.668","2023-01-16"
"533492","1978-09-08","F","true","true","usa","chicago","MDW","41.786","-87.752","2023-01-16"
"533497","1987-11-28","F","false","false","usa","madison","MSN","43.14","-89.337","2023-01-16"
"533518","1972-09-04","F","true","false","usa","los angeles","LAX","33.942","-118.408","2023-01-16"
"533527","1998-08-16","F","true","false","usa","los angeles","LAX","33.942","-118.408","2023-01-16"
"533537","1990-06-27","F","false","false","canada","montreal","YMX","45.68","-74.039","2023-01-16"
"533542","1976-09-01","F","true","false","usa","las vegas","LAS","36.08","-115.152","2023-01-16"
"533550","1990-04-03","F","true","true","usa","new york","LGA","40.777","-73.872","2023-01-16"
"533573","1978-11-20","F","false","false","canada","windsor","YQG","42.276","-82.956","2023-01-16"
"533575","1987-12-20","F","false","true","usa","indianapolis","IND","39.717","-86.294","2023-01-16"
"533598","1981-01-22","F","false","false","usa","milwaukee","MKE","42.947","-87.896","2023-01-16"
"533613","1977-01-07","F","true","true","usa","oklahoma city","TIK","35.415","-97.386","2023-01-16"
"533617","1978-01-21","F","true","true","usa","dallas","DAL","32.847","-96.852","2023-01-16"
"533656","1985-10-15","M","false","false","usa","boston","BOS","42.364","-71.005","2023-01-16"
"533716","1974-12-17","F","false","false","usa","tampa","TPA","27.975","-82.533","2023-01-16"
"533742","1991-06-05","M","true","true","usa","el paso","BIF","31.849","-106.38","2023-01-16"
"533755","2003-04-02","F","false","false","canada","toronto","YTZ","43.627","-79.396","2023-01-16"
"533759","1978-08-03","F","true","true","usa","louisville","LOU","38.228","-85.664","2023-01-16"
"533773","1993-09-03","F","false","false","canada","calgary","YYC","51.114","-114.02","2023-01-16"
"533782","1970-10-10","F","true","false","usa","honolulu","HNL","21.316","-157.927","2023-01-16"
"533809","1985-11-06","F","true","true","usa","milwaukee","MKE","42.947","-87.896","2023-01-16"
"533827","1975-01-19","F","false","false","canada","edmonton","YXD","53.573","-113.521","2023-01-16"
"533846","1989-04-24","F","true","false","usa","chicago","UGN","42.422","-87.868","2023-01-16"
"533859","1967-01-05","F","true","false","canada","edmonton","YED","53.667","-113.467","2023-01-16"
"533895","1992-05-05","F","false","false","usa","houston","IAH","29.98","-95.34","2023-01-16"
"533908","1997-10-09","F","false","false","usa","austin","AUS","30.194","-97.67","2023-01-16"
"533932","1990-01-10","F","true","true","usa","corpus christi","CRP","27.77","-97.501","2023-01-16"
"533975","1986-10-22","F","false","true","usa","sacramento","SAC","38.513","-121.493","2023-01-16"
"533985","1991-02-07","F","false","false","usa","los angeles","LAX","33.942","-118.408","2023-01-16"
"533990","1974-05-13","F","false","true","canada","windsor","YQG","42.276","-82.956","2023-01-16"
"534040","1969-03-06","F","true","true","usa","chicago","ORD","41.979","-87.904","2023-01-16"
"534045","1981-07-13","F","true","false","usa","newport news","PHF","37.132","-76.493","2023-01-16"
"534066","1981-05-21","F","true","true","usa","new york","JFK","40.64","-73.779","2023-01-16"
"534082","1963-01-20","F","true","true","usa","nashville","BNA","36.124","-86.678","2023-01-16"
"534088","1996-11-11","M","false","true","usa","kansas city","MCI","39.297","-94.714","2023-01-16"
"534105","1972-11-12","F","false","false","usa","tucson","TUS","32.116","-110.941","2023-01-16"
"534179","1983-08-08","F","true","false","usa","san francisco","SFO","37.619","-122.375","2023-01-16"
"534190","1985-06-23","M","true","true","canada","windsor","YQG","42.276","-82.956","2023-01-16"
"534246","1985-11-15","F","true","false","usa","houston","HOU","29.645","-95.279","2023-01-16"
"534254","2000-10-23","F","false","false","canada","calgary","YYC","51.114","-114.02","2023-01-16"
"534295","1975-08-24","F","false","false","usa","new york","JFK","40.64","-73.779","2023-01-16"
"534333","1974-06-18","F","false","true","usa","houston","IAH","29.98","-95.34","2023-01-16"
"534351","1982-08-28","F","false","false","usa","houston","IAH","29.98","-95.34","2023-01-16"
"534360","1981-10-14","F","false","true","canada","montreal","YUL","45.468","-73.741","2023-01-16"
"534378","1964-01-25","F","true","true","usa","los angeles","LAX","33.942","-118.408","2023-01-16"
"534380","1986-09-04","M","false","true","canada","saskatoon","YXE","52.171","-106.7","2023-01-16"
"534391","1974-08-21","F","true","false","canada","victoria","YYJ","48.647","-123.426","2023-01-16"
"534445","1980-02-28","F","true","false","usa","jacksonville","NZC","30.219","-81.876","2023-01-16"
"534474","1979-10-09","M","false","false","usa","stockton","SCK","37.894","-121.239","2023-01-16"
"534499","1992-05-14","F","true","true","usa","madison","MSN","43.14","-89.337","2023-01-16"
"534564","1974-02-10","F","true","false","usa","miami","MIA","25.793","-80.291","2023-01-16"
"534586","1986-01-10","F","false","true","canada","quebec","YQB","46.788","-71.398","2023-01-16"
"534594","1980-01-15","F","true","false","canada","windsor","YQG","42.276","-82.956","2023-01-16"
"534604","1997-10-01","F","false","false","canada","vancouver","YVR","49.195","-123.182","2023-01-16"
"534607","1988-12-27","F","false","false","usa","milwaukee","MKE","42.947","-87.896","2023-01-16"
"534608","1987-03-20","F","true","false","usa","baton rouge","BTR","30.533","-91.149","2023-01-16"
"534661","2005-07-21","F","false","true","usa","austin","AUS","30.194","-97.67","2023-01-16"
"534688","1986-09-02","F","false","true","usa","louisville","LOU","38.228","-85.664","2023-01-16"
"534697","1974-10-07","F","true","false","usa","omaha","OMA","41.302","-95.894","2023-01-16"
"534703","1990-04-02","F","false","false","usa","tampa","TPA","27.975","-82.533","2023-01-16"
"534742","1953-07-24","F","false","false","usa","dallas","DAL","32.847","-96.852","2023-01-16"
"534747","1987-03-08","F","false","false","usa","san jose","SJC","37.362","-121.929","2023-01-16"
"534782","1997-12-23","F","false","false","usa","kansas city","MCI","39.297","-94.714","2023-01-16"
"534793","2006-09-13","F","false","true","canada","edmonton","YEG","53.31","-113.58","2023-01-16"
"534798","1995-08-19","F","false","false","usa","lubbock","LBB","33.664","-101.823","2023-01-16"
"534825","1995-05-02","F","false","true","canada","toronto","YKZ","43.862","-79.37","2023-01-16"
"534840","1978-05-27","F","false","false","usa","indianapolis","IND","39.717","-86.294","2023-01-16"
"534842","1978-02-25","F","true","false","usa","tulsa","TUL","36.198","-95.888","2023-01-16"
"534858","1970-03-10","F","true","true","usa","new york","LGA","40.777","-73.872","2023-01-16"
"534895","1991-03-22","M","false","true","canada","winnipeg","YWG","49.91","-97.234","2023-01-16"
"534903","1972-11-04","F","false","true","usa","nashville","BNA","36.124","-86.678","2023-01-16"
"534939","1979-12-25","F","false","false","usa","washington","IAD","38.944","-77.456","2023-01-16"
"534948","1984-03-10","F","true","false","usa","colorado springs","COS","38.806","-104.7","2023-01-16"
"534957","1974-08-27","F","true","false","canada","calgary","YYC","51.114","-114.02","2023-01-16"
"534971","1990-09-25","F","false","false","canada","toronto","YTZ","43.627","-79.396","2023-01-16"
"534986","1963-09-11","M","false","false","usa","oakland","OAK","37.721","-122.221","2023-01-16"
"535003","1966-07-07","F","true","false","usa","brownsville","BRO","25.907","-97.426","2023-01-16"
"535007","1981-02-01","F","false","false","canada","toronto","YZD","43.742","-79.466","2023-01-16"
"535024","1987-04-07","F","false","false","usa","san antonio","RND","29.529","-98.279","2023-01-16"
"535035","1972-04-20","F","false","true","usa","new york","LGA","40.777","-73.872","2023-01-16"
"535047","1977-10-01","F","false","true","usa","rochester","ROC","43.119","-77.672","2023-01-16"
"535051","1975-03-04","F","true","false","usa","new york","LGA","40.777","-73.872","2023-01-16"
"535060","1989-08-19","F","false","false","usa","los angeles","LAX","33.942","-118.408","2023-01-16"
"535063","1986-06-11","F","false","false","usa","los angeles","LAX","33.942","-118.408","2023-01-16"
"535081","1985-03-24","F","true","false","usa","knoxville","TYS","35.812","-83.993","2023-01-16"
"535099","1987-01-13","M","false","false","usa","buffalo","BUF","42.94","-78.732","2023-01-16"
"535135","1976-05-15","F","true","false","canada","winnipeg","YAV","50.056","-97.032","2023-01-17"
"535136","1997-09-10","M","false","false","usa","new york","JFK","40.64","-73.779","2023-01-17"
"535149","1968-08-07","F","false","true","usa","baton rouge","BTR","30.533","-91.149","2023-01-17"
"535155","1970-09-02","F","true","false","usa","nashville","BNA","36.124","-86.678","2023-01-17"
"535177","1985-03-17","F","false","false","canada","toronto","YYZ","43.677","-79.631","2023-01-17"
"535189","1975-09-09","M","true","true","usa","memphis","MEM","35.042","-89.977","2023-01-17"
"535229","1983-03-10","M","false","false","usa","new york","LGA","40.777","-73.872","2023-01-17"
"535266","1978-09-15","F","true","true","canada","edmonton","YED","53.667","-113.467","2023-01-17"
"535311","1981-10-09","F","true","true","usa","houston","IAH","29.98","-95.34","2023-01-17"
"535341","1976-11-20","F","true","false","usa","tulsa","TUL","36.198","-95.888","2023-01-17"
"535365","1994-03-03","F","false","true","usa","los angeles","LAX","33.942","-118.408","2023-01-17"
"535398","1983-09-11","M","false","false","usa","omaha","OFF","41.118","-95.913","2023-01-17"
"535441","1977-07-19","M","true","true","canada","calgary","YYC","51.114","-114.02","2023-01-17"
"535447","1971-10-15","F","true","false","canada","ottawa","YOW","45.323","-75.669","2023-01-17"
"535459","1995-11-12","M","false","false","usa","lincoln","LNK","40.851","-96.759","2023-01-17"
"535473","1963-12-09","F","true","false","usa","chicago","MDW","41.786","-87.752","2023-01-17"
"535495","1980-12-13","F","true","true","usa","corpus christi","CRP","27.77","-97.501","2023-01-17"
"535497","1989-08-19","F","false","true","usa","chicago","MDW","41.786","-87.752","2023-01-17"
"535502","1984-09-14","F","false","true","usa","columbus","LCK","39.814","-82.928","2023-01-17"
"535553","1983-11-18","F","false","false","canada","london","YXU","43.036","-81.154","2023-01-17"
"535595","1971-01-02","F","true","true","usa","atlanta","ATL","33.64","-84.427","2023-01-17"
"535600","1986-10-27","F","false","false","usa","los angeles","LAX","33.942","-118.408","2023-01-17"
"535610","1986-10-21","F","true","false","usa","kansas city","MCI","39.297","-94.714","2023-01-17"
"535625","1995-06-11","F","false","true","canada","hamilton","YHM","43.173","-79.935","2023-01-17"
"535637","1992-03-08","F","false","false","canada","calgary","YYC","51.114","-114.02","2023-01-17"
"535644","1976-03-18","F","true","false","usa","nashville","BNA","36.124","-86.678","2023-01-17"
"535682","2005-09-21","F","false","false","usa","los angeles","LAX","33.942","-118.408","2023-01-17"
"535686","1966-07-02","F","true","false","canada","windsor","YQG","42.276","-82.956","2023-01-17"
"535701","1984-12-10","F","false","false","usa","san jose","SJC","37.362","-121.929","2023-01-17"
"535702","1981-11-08","F","true","true","usa","new york","LGA","40.777","-73.872","2023-01-17"
"535706","1969-01-27","F","false","true","usa","los angeles","LAX","33.942","-118.408","2023-01-17"
"535734","1982-12-05","F","false","false","usa","stockton","SCK","37.894","-121.239","2023-01-17"
"535737","2002-04-07","F","false","false","canada","edmonton","YEG","53.31","-113.58","2023-01-17"
"535746","1981-06-14","F","true","false","usa","new orleans","MSY","29.993","-90.258","2023-01-17"
"535747","1997-09-17","F","false","false","usa","new york","JFK","40.64","-73.779","2023-01-17"
"535791","1982-07-08","F","true","false","usa","orlando","MCO","28.429","-81.316","2023-01-17"
"535795","1969-11-21","F","true","true","usa","dallas","DAL","32.847","-96.852","2023-01-17"
"535878","1971-10-06","F","false","false","usa","phoenix","LUF","33.535","-112.383","2023-01-17"
"535879","1984-12-01","F","true","true","usa","new york","LGA","40.777","-73.872","2023-01-17"
"535885","1978-12-19","F","true","false","usa","new york","JFK","40.64","-73.779","2023-01-17"
"535896","1982-11-18","F","true","true","usa","indianapolis","IND","39.717","-86.294","2023-01-17"
"535905","1990-12-23","F","false","false","usa","new york","JFK","40.64","-73.779","2023-01-17"
"535906","1989-02-28","F","false","false","usa","new york","JFK","40.64","-73.779","2023-01-17"
"535912","1983-02-21","F","false","false","usa","austin","AUS","30.194","-97.67","2023-01-17"
"535942","1979-11-22","F","true","true","usa","boston","BOS","42.364","-71.005","2023-01-17"
"535983","1973-02-22","F","false","true","usa","honolulu","HNL","21.316","-157.927","2023-01-17"
"535994","1998-02-07","F","false","true","usa","chicago","MDW","41.786","-87.752","2023-01-17"
"536000","1992-12-07","M","false","false","canada","edmonton","YXD","53.573","-113.521","2023-01-17"
"536016","1988-09-23","F","true","true","usa","oakland","OAK","37.721","-122.221","2023-01-17"
"536034","1968-09-01","F","true","true","canada","halifax","YAW","44.64","-63.499","2023-01-17"
"536035","1995-11-09","M","false","false","usa","new york","LGA","40.777","-73.872","2023-01-17"
"536039","1987-11-07","F","false","true","usa","norfolk","NGU","36.938","-76.289","2023-01-17"
"536050","1994-04-06","F","false","false","canada","toronto","YYZ","43.677","-79.631","2023-01-17"
"536058","1980-02-19","F","true","false","usa","philadelphia","PNE","40.082","-75.011","2023-01-17"
"536066","1981-12-18","F","false","false","usa","rochester","ROC","43.119","-77.672","2023-01-17"
"536086","1969-10-11","F","true","true","usa","miami","OPF","25.907","-80.278","2023-01-17"
"536099","1989-08-23","F","false","true","usa","columbus","CMH","39.998","-82.892","2023-01-17"
"536135","1956-08-16","F","false","false","usa","minneapolis","MSP","44.88","-93.217","2023-01-17"
"536170","1956-07-18","F","true","false","canada","calgary","YYC","51.114","-114.02","2023-01-17"
"536212","1997-04-16","M","false","false","usa","st. louis","STL","38.748","-90.36","2023-01-17"
"536228","2006-09-17","F","false","false","usa","orlando","ORL","28.545","-81.333","2023-01-17"
"536229","1979-10-28","M","false","true","usa","sacramento","MCC","38.667","-121.401","2023-01-17"
"536241","1974-06-06","F","true","true","usa","philadelphia","PHL","39.872","-75.241","2023-01-17"
"536275","1978-05-23","F","true","true","usa","jacksonville","LRF","34.918","-92.146","2023-01-17"
"536278","1985-03-03","F","true","false","usa","tucson","DMA","32.166","-110.883","2023-01-17"
"536313","1995-10-13","F","true","true","usa","houston","IAH","29.98","-95.34","2023-01-17"
"536343","1985-03-19","M","false","false","usa","lubbock","LBB","33.664","-101.823","2023-01-17"
"536387","1972-06-24","F","false","false","usa","chicago","ORD","41.979","-87.904","2023-01-17"
"536431","1980-04-24","F","true","false","usa","baltimore","BWI","39.175","-76.668","2023-01-17"
"536467","1989-02-11","F","true","false","usa","chicago","UGN","42.422","-87.868","2023-01-17"
"536469","1991-06-21","F","false","false","usa","cleveland","CLE","41.412","-81.85","2023-01-17"
"536474","1986-04-09","F","false","false","usa","reno","RNO","39.498","-119.768","2023-01-17"
"536488","2006-08-14","F","false","false","usa","new york","JFK","40.64","-73.779","2023-01-17"
"536489","1977-01-11","F","true","false","usa","oklahoma city","TIK","35.415","-97.386","2023-01-17"
"536490","1992-05-27","F","false","false","usa","boston","BOS","42.364","-71.005","2023-01-17"
"536532","1976-06-14","F","true","true","usa","kansas city","MCI","39.297","-94.714","2023-01-17"
"536566","1972-04-01","F","false","false","usa","phoenix","PHX","33.434","-112.008","2023-01-17"
"536574","1972-04-11","F","true","true","canada","calgary","YYC","51.114","-114.02","2023-01-17"
"536594","1954-10-15","F","false","false","usa","mobile","BFM","30.626","-88.068","2023-01-17"
"536604","1972-04-12","F","false","false","usa","cleveland","CLE","41.412","-81.85","2023-01-17"
"536622","1974-11-17","F","false","false","usa","chicago","ORD","41.979","-87.904","2023-01-17"
"536641","1975-05-24","F","false","false","usa","washington","DCA","38.852","-77.037","2023-01-17"
"536651","1986-12-28","F","false","false","usa","long beach","LGB","33.818","-118.151","2023-01-17"
"536652","1997-07-02","F","false","false","usa","oakland","OAK","37.721","-122.221","2023-01-17"
"536656","1983-03-20","F","false","true","usa","houston","IAH","29.98","-95.34","2023-01-17"
"536658","1969-08-21","F","true","false","usa","new york","LGA","40.777","-73.872","2023-01-17"
"536659","1976-08-22","F","false","false","usa","indianapolis","IND","39.717","-86.294","2023-01-17"
"536672","1990-02-03","F","false","true","usa","boston","BOS","42.364","-71.005","2023-01-17"
"536675","1995-08-12","F","false","false","usa","minneapolis","MSP","44.88","-93.217","2023-01-17"
"536691","1983-12-12","M","false","false","usa","new york","LGA","40.777","-73.872","2023-01-17"
"536695","1983-06-22","F","true","false","canada","toronto","YZD","43.742","-79.466","2023-01-17"
"536763","1983-09-20","F","true","false","usa","new york","LGA","40.777","-73.872","2023-01-17"
"536764","1970-09-01","F","true","false","canada","montreal","YUL","45.468","-73.741","2023-01-17"
"536782","1978-08-08","F","true","true","canada","windsor","YQG","42.276","-82.956","2023-01-17"
"536791","1984-06-27","F","false","false","usa","honolulu","HNL","21.316","-157.927","2023-01-17"
"536810","1982-10-04","F","false","false","usa","jacksonville","NCA","34.708","-77.439","2023-01-17"
"536843","1978-07-13","F","true","false","canada","vancouver","YVR","49.195","-123.182","2023-01-17"
"536876","1993-12-21","F","false","false","usa","minneapolis","MSP","44.88","-93.217","2023-01-17"
"536893","1957-12-24","F","true","false","usa","dallas","DAL","32.847","-96.852","2023-01-17"
"536951","1982-03-23","F","false","false","canada","quebec","YQB","46.788","-71.398","2023-01-17"
"536964","1989-06-17","F","false","true","usa","jacksonville","NIP","30.236","-81.681","2023-01-17"
"536995","1992-05-14","F","false","false","canada","london","YXU","43.036","-81.154","2023-01-17"
"537038","1973-04-14","F","true","true","usa","san jose","SJC","37.362","-121.929","2023-01-17"
"537066","1985-08-07","F","false","false","usa","chicago","UGN","42.422","-87.868","2023-01-17"
"537098","1979-04-06","M","true","false","usa","denver","DEN","39.858","-104.667","2023-01-17"
"537121","1969-08-28","F","true","false","usa","san diego","SAN","32.733","-117.189","2023-01-17"
"537123","1979-08-08","F","false","false","usa","detroit","DET","42.409","-83.01","2023-01-17"
"537177","1967-05-01","M","true","true","canada","edmonton","YED","53.667","-113.467","2023-01-17"
"537181","1979-10-01","F","false","true","usa","los angeles","LAX","33.942","-118.408","2023-01-17"
"537212","2002-05-05","F","false","true","usa","san antonio","SAT","29.534","-98.47","2023-01-18"
"537227","1993-06-18","F","false","true","usa","montgomery","MXF","32.379","-86.362","2023-01-18"
"537289","1975-03-13","F","true","true","usa","el paso","ELP","31.807","-106.378","2023-01-18"
"537317","1991-08-18","F","false","true","canada","winnipeg","YAV","50.056","-97.032","2023-01-18"
"537373","1986-07-11","F","false","true","usa","new york","LGA","40.777","-73.872","2023-01-18"
"537393","1978-06-18","F","false","false","usa","kansas city","MCI","39.297","-94.714","2023-01-18"
"537400","2003-03-03","M","false","true","usa","san antonio","SAT","29.534","-98.47","2023-01-18"
"537412","1971-01-08","M","true","false","usa","new york","JFK","40.64","-73.779","2023-01-18"
"537413","1975-10-12","F","true","false","canada","montreal","YMX","45.68","-74.039","2023-01-18"
"537414","1984-10-19","F","true","false","canada","ottawa","YOW","45.323","-75.669","2023-01-18"
"537470","1999-08-17","F","true","true","usa","omaha","OFF","41.118","-95.913","2023-01-18"
"537481","1954-02-16","F","true","false","usa","atlanta","ATL","33.64","-84.427","2023-01-18"
"537507","1983-08-10","F","false","false","usa","riverside","RIV","33.881","-117.259","2023-01-18"
"537560","1979-05-26","F","true","false","usa","nashville","BNA","36.124","-86.678","2023-01-18"
"537580","2006-09-17","F","false","false","usa","portland","PDX","45.589","-122.597","2023-01-18"
"537586","1977-06-10","F","false","true","usa","tallahassee","TLH","30.396","-84.35","2023-01-18"
"537595","1975-06-09","F","false","false","usa","portland","PDX","45.589","-122.597","2023-01-18"
"537659","1997-06-19","F","false","true","usa","long beach","LGB","33.818","-118.151","2023-01-18"
"537671","1978-10-18","F","true","false","usa","new york","JFK","40.64","-73.779","2023-01-18"
"537676","1975-07-11","F","true","false","usa","birmingham","BHM","33.563","-86.753","2023-01-18"
"537688","1964-03-16","F","false","false","usa","rochester","ROC","43.119","-77.672","2023-01-18"
"537723","2006-07-22","M","false","false","usa","new york","LGA","40.777","-73.872","2023-01-18"
"537725","1992-04-26","F","true","false","usa","columbus","CMH","39.998","-82.892","2023-01-18"
"537748","1987-07-25","F","false","false","usa","oakland","OAK","37.721","-122.221","2023-01-18"
"537770","1983-06-03","F","true","false","usa","philadelphia","PHL","39.872","-75.241","2023-01-18"
"537776","1989-04-22","F","false","false","usa","houston","EFD","29.607","-95.159","2023-01-18"
"537795","2001-01-13","M","false","false","canada","montreal","YUL","45.468","-73.741","2023-01-18"
"537804","2004-04-17","F","false","true","usa","boston","BOS","42.364","-71.005","2023-01-18"
"537818","1992-07-18","F","false","true","usa","minneapolis","MSP","44.88","-93.217","2023-01-18"
"537819","1985-09-01","F","false","false","usa","chicago","ORD","41.979","-87.904","2023-01-18"
"537834","1985-10-04","F","false","false","usa","little rock","LIT","34.729","-92.224","2023-01-18"
"537860","1996-07-03","F","false","false","usa","des moines","DSM","41.534","-93.663","2023-01-18"
"537861","1984-04-28","F","false","true","usa","spokane","SKA","47.615","-117.656","2023-01-18"
"537904","1991-07-11","F","false","true","canada","toronto","YZD","43.742","-79.466","2023-01-18"
"537922","1970-03-20","F","true","false","canada","montreal","YUL","45.468","-73.741","2023-01-18"
"537926","1953-09-24","F","true","false","canada","ottawa","YOW","45.323","-75.669","2023-01-18"
"537975","1997-07-28","M","false","false","usa","santa ana","SNA","33.676","-117.868","2023-01-18"
"538069","1974-05-09","F","false","true","usa","nashville","BNA","36.124","-86.678","2023-01-18"
"538074","1974-12-28","F","false","false","canada","calgary","YYC","51.114","-114.02","2023-01-18"
"538084","1968-01-28","M","false","false","usa","denver","DEN","39.858","-104.667","2023-01-18"
"538108","1994-03-04","F","false","true","canada","toronto","YTZ","43.627","-79.396","2023-01-18"
"538112","1972-10-26","F","true","false","usa","new york","LGA","40.777","-73.872","2023-01-18"
"538131","1974-02-06","O","false","true","usa","kansas city","MCI","39.297","-94.714","2023-01-18"
"538134","1970-04-23","M","true","false","usa","san antonio","SAT","29.534","-98.47","2023-01-18"
"538139","2006-07-13","F","false","false","canada","london","YXU","43.036","-81.154","2023-01-18"
"538147","1973-01-22","F","true","true","usa","los angeles","LAX","33.942","-118.408","2023-01-18"
"538167","1971-08-14","F","false","true","canada","toronto","YKZ","43.862","-79.37","2023-01-18"
"538188","1978-09-10","F","true","true","canada","hamilton","YHM","43.173","-79.935","2023-01-18"
"538197","1979-03-02","F","false","false","canada","calgary","YYC","51.114","-114.02","2023-01-18"
"538214","1973-10-27","F","false","true","usa","oakland","OAK","37.721","-122.221","2023-01-18"
"538216","1960-03-17","F","false","false","canada","calgary","YYC","51.114","-114.02","2023-01-18"
"538260","1973-12-20","F","false","false","usa","louisville","LOU","38.228","-85.664","2023-01-18"
"538270","1990-01-23","F","false","false","usa","fort worth","FTW","32.82","-97.362","2023-01-18"
"538274","1964-03-01","F","true","false","usa","boston","BOS","42.364","-71.005","2023-01-18"
"538279","1975-01-17","O","false","false","usa","dallas","DAL","32.847","-96.852","2023-01-18"
"538306","1968-11-17","F","true","true","usa","tucson","DMA","32.166","-110.883","2023-01-18"
"538319","1985-10-11","F","false","false","usa","los angeles","LAX","33.942","-118.408","2023-01-18"
"538321","1996-01-19","F","false","true","usa","san antonio","SKF","29.384","-98.581","2023-01-18"
"538331","1983-10-04","F","false","true","usa","portland","PDX","45.589","-122.597","2023-01-18"
"538349","1968-05-20","F","true","false","usa","birmingham","BHM","33.563","-86.753","2023-01-18"
"538350","1988-01-01","F","false","true","usa","lincoln","LNK","40.851","-96.759","2023-01-18"
"538388","1979-06-19","M","true","false","usa","san diego","NZY","32.699","-117.215","2023-01-18"
"538413","1965-03-02","F","true","true","usa","new york","JFK","40.64","-73.779","2023-01-18"
"538426","1972-03-15","F","true","true","usa","washington","IAD","38.944","-77.456","2023-01-18"
"538432","1975-10-03","F","true","false","usa","fort worth","FTW","32.82","-97.362","2023-01-18"
"538438","1975-01-21","F","false","false","usa","milwaukee","MKE","42.947","-87.896","2023-01-18"
"538441","1983-06-13","F","true","false","canada","montreal","YHU","45.517","-73.417","2023-01-18"
"538454","1967-11-22","F","true","false","usa","baltimore","BWI","39.175","-76.668","2023-01-18"
"538457","1995-01-16","F","false","false","usa","philadelphia","PHL","39.872","-75.241","2023-01-18"
"538458","1971-10-09","F","true","true","usa","cincinnati","LUK","39.103","-84.419","2023-01-18"
"538463","2001-10-23","F","false","true","usa","jacksonville","JAX","30.494","-81.688","2023-01-18"
"538489","1989-02-21","F","false","true","usa","omaha","OFF","41.118","-95.913","2023-01-18"
"538511","2001-01-22","F","false","true","usa","dallas","DAL","32.847","-96.852","2023-01-18"
"538522","1990-09-01","F","false","false","canada","montreal","YMX","45.68","-74.039","2023-01-18"
"538529","1983-06-02","F","false","false","usa","philadelphia","PHL","39.872","-75.241","2023-01-18"
"538538","1971-11-13","F","true","false","usa","spokane","SKA","47.615","-117.656","2023-01-18"
"538608","1982-07-12","F","false","true","usa","riverside","RAL","33.952","-117.445","2023-01-18"
"538638","1985-03-04","F","true","false","canada","toronto","YKZ","43.862","-79.37","2023-01-18"
"538641","1987-05-21","M","true","false","canada","toronto","YYZ","43.677","-79.631","2023-01-18"
"538666","1991-01-13","M","true","false","usa","new york","LGA","40.777","-73.872","2023-01-18"
"538677","1966-05-26","F","true","false","usa","knoxville","TYS","35.812","-83.993","2023-01-18"
"538680","1983-06-13","F","true","false","usa","tulsa","TUL","36.198","-95.888","2023-01-18"
"538681","2006-01-04","F","false","false","usa","new york","LGA","40.777","-73.872","2023-01-18"
"538691","1972-06-25","F","true","false","canada","montreal","YMX","45.68","-74.039","2023-01-18"
"538696","1999-04-04","F","false","true","usa","shreveport","BAD","32.502","-93.663","2023-01-18"
"538703","1971-01-11","M","true","true","usa","el paso","BIF","31.849","-106.38","2023-01-18"
"538714","1985-01-10","F","true","false","usa","norfolk","ORF","36.894","-76.201","2023-01-18"
"538780","1976-11-14","F","true","true","usa","los angeles","LAX","33.942","-118.408","2023-01-18"
"538788","1997-04-08","F","false","false","usa","st. louis","STL","38.748","-90.36","2023-01-18"
"538814","1977-08-14","F","true","true","usa","st. petersburg","SPG","27.765","-82.627","2023-01-18"
"538883","1986-05-27","F","true","false","usa","new york","JFK","40.64","-73.779","2023-01-18"
"538915","1983-07-22","F","true","false","usa","indianapolis","IND","39.717","-86.294","2023-01-18"
"538919","1999-11-03","F","true","true","usa","riverside","RIV","33.881","-117.259","2023-01-18"
"538944","1972-06-13","F","true","false","usa","houston","HOU","29.645","-95.279","2023-01-18"
"538976","1975-01-21","F","false","false","usa","phoenix","PHX","33.434","-112.008","2023-01-18"
"539008","1983-10-28","M","false","false","usa","philadelphia","PHL","39.872","-75.241","2023-01-18"
"539010","1983-05-10","F","true","true","usa","san francisco","SFO","37.619","-122.375","2023-01-18"
"539012","1978-07-18","F","true","true","usa","new york","LGA","40.777","-73.872","2023-01-18"
"539093","1970-11-18","F","true","false","usa","miami","TNT","25.862","-80.897","2023-01-18"
"539105","1978-07-08","M","true","true","usa","los angeles","LAX","33.942","-118.408","2023-01-18"
"539135","1967-06-14","M","false","false","usa","indianapolis","IND","39.717","-86.294","2023-01-19"
"539140","1987-12-21","F","true","false","usa","riverside","RIV","33.881","-117.259","2023-01-19"
"539146","1987-11-19","F","false","true","usa","tacoma","TCM","47.138","-122.476","2023-01-19"
"539209","1975-06-24","M","true","false","usa","houston","IAH","29.98","-95.34","2023-01-19"
"539221","1970-06-26","F","true","true","usa","new york","JFK","40.64","-73.779","2023-01-19"
"539243","2003-07-18","F","false","false","usa","dallas","DAL","32.847","-96.852","2023-01-19"
"539267","1982-01-26","F","true","false","usa","philadelphia","PHL","39.872","-75.241","2023-01-19"
"539283","1971-02-18","F","true","false","usa","las vegas","LSV","36.236","-115.034","2023-01-19"
"539300","1983-08-13","F","false","false","usa","new york","JFK","40.64","-73.779","2023-01-19"
"539304","2006-05-01","F","false","false","usa","san jose","SJC","37.362","-121.929","2023-01-19"
"539307","1985-10-08","F","false","true","usa","new york","LGA","40.777","-73.872","2023-01-19"
"539315","1969-08-15","F","true","true","canada","vancouver","YVR","49.195","-123.182","2023-01-19"
"539317","1985-02-13","F","false","true","usa","wichita","ICT","37.65","-97.433","2023-01-19"
"539320","1983-03-12","F","false","false","usa","birmingham","BHM","33.563","-86.753","2023-01-19"
"539337","1995-08-20","F","false","true","usa","los angeles","LAX","33.942","-118.408","2023-01-19"
"539338","1986-01-06","F","false","false","usa","new york","LGA","40.777","-73.872","2023-01-19"
"539384","1992-01-10","F","false","false","usa","new york","JFK","40.64","-73.779","2023-01-19"
"539414","1987-10-26","F","true","true","usa","fort worth","FTW","32.82","-97.362","2023-01-19"
"539426","1955-07-09","F","true","false","canada","toronto","YKZ","43.862","-79.37","2023-01-19"
"539453","2005-08-01","F","false","true","usa","philadelphia","PNE","40.082","-75.011","2023-01-19"
"539460","1975-07-18","M","false","false","canada","toronto","YTZ","43.627","-79.396","2023-01-19"
"539493","2006-09-15","F","false","false","usa","richmond","RIC","37.505","-77.319","2023-01-19"
"539510","1979-08-08","F","false","true","usa","tulsa","TUL","36.198","-95.888","2023-01-19"
"539519","1983-04-08","F","true","false","usa","corpus christi","CRP","27.77","-97.501","2023-01-19"
"539528","1987-08-04","F","true","true","usa","boston","BOS","42.364","-71.005","2023-01-19"
"539542","1942-01-26","F","false","false","usa","san antonio","SKF","29.384","-98.581","2023-01-19"
"539558","1985-02-28","M","false","true","usa","new york","LGA","40.777","-73.872","2023-01-19"
"539566","1958-06-15","F","true","false","canada","quebec","YQB","46.788","-71.398","2023-01-19"
"539611","1985-08-26","F","true","false","usa","new york","JFK","40.64","-73.779","2023-01-19"
"539625","1977-08-01","F","true","false","usa","winston-salem","INT","36.134","-80.222","2023-01-19"
"539627","1973-06-24","F","false","false","usa","new york","JFK","40.64","-73.779","2023-01-19"
"539637","1964-08-07","M","true","false","usa","indianapolis","IND","39.717","-86.294","2023-01-19"
"539648","1980-08-28","F","false","false","usa","new york","LGA","40.777","-73.872","2023-01-19"
"539656","1957-09-06","F","true","false","usa","new orleans","NBG","29.825","-90.035","2023-01-19"
"539669","2005-12-05","F","false","false","canada","montreal","YMX","45.68","-74.039","2023-01-19"
"539671","1978-08-25","F","true","false","canada","calgary","YYC","51.114","-114.02","2023-01-19"
"539710","1972-08-20","F","false","false","usa","los angeles","LAX","33.942","-118.408","2023-01-19"
"539729","1989-04-22","F","false","false","usa","new orleans","MSY","29.993","-90.258","2023-01-19"
"539782","1986-07-07","F","true","false","usa","phoenix","LUF","33.535","-112.383","2023-01-19"
"539794","1981-07-26","M","true","true","usa","new york","LGA","40.777","-73.872","2023-01-19"
"539855","1982-04-26","F","false","false","usa","chicago","MDW","41.786","-87.752","2023-01-19"
"539864","1977-06-12","F","false","false","usa","little rock","LIT","34.729","-92.224","2023-01-19"
"539866","2000-07-17","F","true","false","usa","chicago","MDW","41.786","-87.752","2023-01-19"
"539868","1987-09-08","F","false","true","canada","victoria","YYJ","48.647","-123.426","2023-01-19"
"539883","1977-04-16","F","false","false","usa","new york","JFK","40.64","-73.779","2023-01-19"
"539888","1999-01-12","F","false","false","usa","philadelphia","PNE","40.082","-75.011","2023-01-19"
"539899","2003-02-11","M","false","false","usa","new york","LGA","40.777","-73.872","2023-01-19"
"539912","1968-02-17","F","true","false","usa","fresno","FAT","36.776","-119.718","2023-01-19"
"539916","1985-08-21","F","false","false","usa","jacksonville","LRF","34.918","-92.146","2023-01-19"
"539917","1978-07-07","F","false","false","usa","new york","JFK","40.64","-73.779","2023-01-19"
"539919","1943-07-09","F","true","false","canada","vancouver","YVR","49.195","-123.182","2023-01-19"
"539936","1970-08-01","F","false","false","usa","seattle","BFI","47.53","-122.302","2023-01-19"
"539953","1988-06-01","M","true","true","usa","new york","LGA","40.777","-73.872","2023-01-19"
"539962","2006-12-24","M","false","false","canada","windsor","YQG","42.276","-82.956","2023-01-19"
"540014","1980-12-27","F","false","true","usa","honolulu","HNL","21.316","-157.927","2023-01-19"
"540029","1960-09-26","F","true","true","usa","columbus","LCK","39.814","-82.928","2023-01-19"
"540043","1991-10-14","M","false","false","usa","austin","AUS","30.194","-97.67","2023-01-19"
"540094","1978-08-11","F","true","true","usa","chicago","MDW","41.786","-87.752","2023-01-19"
"540138","1976-02-26","M","true","true","usa","miami","TNT","25.862","-80.897","2023-01-19"
"540147","1981-01-18","M","false","true","usa","el paso","ELP","31.807","-106.378","2023-01-19"
"540150","1989-04-06","F","false","true","usa","phoenix","PHX","33.434","-112.008","2023-01-19"
"540180","1971-05-12","F","true","false","usa","los angeles","LAX","33.942","-118.408","2023-01-19"
"540199","1971-08-16","F","false","false","usa","shreveport","SHV","32.446","-93.826","2023-01-19"
"540226","1946-09-02","F","true","false","usa","washington","IAD","38.944","-77.456","2023-01-19"
"540244","1985-10-03","F","false","false","canada","montreal","YMX","45.68","-74.039","2023-01-19"
"540252","1985-07-07","F","false","false","usa","baltimore","BWI","39.175","-76.668","2023-01-19"
"540253","1976-02-22","F","true","false","usa","san francisco","SFO","37.619","-122.375","2023-01-19"
"540260","1980-12-22","F","true","false","usa","milwaukee","MKE","42.947","-87.896","2023-01-19"
"540302","1968-03-28","F","true","false","usa","louisville","LOU","38.228","-85.664","2023-01-19"
"540306","1993-10-25","F","false","false","canada","toronto","YTZ","43.627","-79.396","2023-01-19"
"540308","1969-04-21","M","false","false","usa","nashville","BNA","36.124","-86.678","2023-01-19"
"540319","1972-07-07","F","true","true","usa","anchorage","MRI","61.214","-149.846","2023-01-19"
"540347","1996-11-26","F","false","true","usa","san antonio","SKF","29.384","-98.581","2023-01-19"
"540348","1985-12-13","F","true","true","usa","philadelphia","PHL","39.872","-75.241","2023-01-19"
"540413","1993-02-11","F","false","false","usa","nashville","BNA","36.124","-86.678","2023-01-19"
"540415","1971-03-07","F","false","false","usa","new york","LGA","40.777","-73.872","2023-01-19"
"540444","1976-05-28","F","true","false","usa","burlington","BTV","44.472","-73.153","2023-01-19"
"540455","1990-03-13","F","false","false","usa","los angeles","LAX","33.942","-118.408","2023-01-19"
"540475","1988-02-03","F","false","false","usa","new york","LGA","40.777","-73.872","2023-01-19"
"540502","1984-11-20","F","true","false","usa","denver","DEN","39.858","-104.667","2023-01-19"
"540527","1981-04-15","F","false","false","usa","san diego","SAN","32.733","-117.189","2023-01-19"
"540557","1971-04-12","M","true","true","usa","detroit","DTW","42.212","-83.353","2023-01-19"
"540572","1974-03-03","F","true","true","usa","phoenix","LUF","33.535","-112.383","2023-01-19"
"540580","1977-10-06","F","true","true","usa","san antonio","SAT","29.534","-98.47","2023-01-19"
"540597","1971-12-04","F","true","false","usa","cincinnati","LUK","39.103","-84.419","2023-01-19"
"540605","2001-01-25","F","false","false","usa","los angeles","LAX","33.942","-118.408","2023-01-19"
"540614","1992-07-05","F","false","false","usa","new york","JFK","40.64","-73.779","2023-01-19"
"540622","1976-10-10","F","false","false","usa","chicago","ORD","41.979","-87.904","2023-01-19"
"540642","1952-01-27","F","true","false","usa","new york","LGA","40.777","-73.872","2023-01-19"
"540652","1968-10-06","F","true","true","usa","boston","BOS","42.364","-71.005","2023-01-19"
"540653","1983-03-03","F","true","true","canada","london","YXU","43.036","-81.154","2023-01-19"
"540654","1974-08-20","F","false","true","usa","san antonio","SKF","29.384","-98.581","2023-01-19"
"540656","1984-07-15","F","true","false","canada","calgary","YYC","51.114","-114.02","2023-01-19"
"540664","1990-01-25","F","true","true","canada","windsor","YQG","42.276","-82.956","2023-01-19"
"540666","1994-08-16","M","false","true","usa","san francisco","SFO","37.619","-122.375","2023-01-19"
"540698","1972-11-27","F","true","false","usa","los angeles","LAX","33.942","-118.408","2023-01-19"
"540708","1988-07-28","F","true","false","usa","boston","BOS","42.364","-71.005","2023-01-19"
"540718","1983-04-08","F","true","false","usa","los angeles","LAX","33.942","-118.408","2023-01-19"
"540733","1989-01-09","F","false","false","canada","montreal","YMX","45.68","-74.039","2023-01-19"
"540777","1957-05-09","F","true","false","usa","new york","LGA","40.777","-73.872","2023-01-19"
"540819","1981-05-10","M","false","false","usa","cincinnati","LUK","39.103","-84.419","2023-01-19"
"540837","1974-05-18","F","true","true","canada","toronto","YZD","43.742","-79.466","2023-01-19"
"540857","1987-04-08","F","true","false","usa","lubbock","LBB","33.664","-101.823","2023-01-19"
"540863","1976-10-22","F","true","true","usa","los angeles","LAX","33.942","-118.408","2023-01-19"
"540924","1976-06-08","F","false","false","canada","ottawa","YOW","45.323","-75.669","2023-01-19"
"540941","2002-06-21","F","false","true","usa","los angeles","LAX","33.942","-118.408","2023-01-19"
"540966","1966-08-07","F","true","false","canada","montreal","YUL","45.468","-73.741","2023-01-19"
"540973","1991-11-16","F","false","false","usa","portland","PDX","45.589","-122.597","2023-01-19"
"540974","1990-11-20","M","false","false","usa","baton rouge","BTR","30.533","-91.149","2023-01-19"
"541001","1982-10-26","F","false","true","canada","victoria","YYJ","48.647","-123.426","2023-01-19"
"541034","2006-05-15","F","false","false","usa","san antonio","SAT","29.534","-98.47","2023-01-19"
"541040","1995-10-13","F","false","false","usa","los angeles","LAX","33.942","-118.408","2023-01-19"
"541041","2005-04-14","F","false","false","canada","montreal","YMX","45.68","-74.039","2023-01-19"
"541047","1951-07-09","F","true","false","usa","madison","MSN","43.14","-89.337","2023-01-19"
"541061","1984-11-14","F","false","true","usa","milwaukee","MKE","42.947","-87.896","2023-01-19"
"541083","1955-02-03","F","true","false","usa","san jose","SJC","37.362","-121.929","2023-01-19"
"541084","1972-05-16","F","false","false","usa","memphis","MEM","35.042","-89.977","2023-01-19"
"541112","1979-12-01","F","false","false","usa","detroit","DTW","42.212","-83.353","2023-01-19"
"541132","1991-12-27","M","true","true","usa","los angeles","LAX","33.942","-118.408","2023-01-19"
"541150","1990-01-27","F","false","false","usa","akron","AKR","41.038","-81.467","2023-01-19"
"541162","1980-07-28","M","false","true","usa","houston","IAH","29.98","-95.34","2023-01-19"
"541168","1984-10-06","F","true","false","usa","los angeles","LAX","33.942","-118.408","2023-01-19"
"541176","1984-04-16","F","false","true","usa","new york","LGA","40.777","-73.872","2023-01-19"
"541193","1999-05-10","F","true","true","canada","london","YXU","43.036","-81.154","2023-01-19"
"541216","1998-09-01","F","false","false","usa","charlotte","CLT","35.214","-80.943","2023-01-19"
"541224","1973-08-14","F","false","true","canada","montreal","YMX","45.68","-74.039","2023-01-19"
"541235","1975-07-18","F","true","false","usa","san diego","SAN","32.733","-117.189","2023-01-19"
"541236","1977-01-04","M","false","true","usa","burlington","BTV","44.472","-73.153","2023-01-19"
"541240","1997-07-13","F","true","false","usa","lincoln","LNK","40.851","-96.759","2023-01-19"
"541249","1968-02-19","F","true","false","usa","charlotte","CLT","35.214","-80.943","2023-01-19"
"541259","1979-04-16","F","false","false","canada","edmonton","YXD","53.573","-113.521","2023-01-19"
"541262","1986-01-01","F","true","true","canada","calgary","YYC","51.114","-114.02","2023-01-19"
"541282","1977-08-27","F","true","false","usa","honolulu","HNL","21.316","-157.927","2023-01-19"
"541289","1979-03-11","F","true","false","usa","orlando","ORL","28.545","-81.333","2023-01-19"
"541326","1978-12-05","F","true","false","canada","london","YXU","43.036","-81.154","2023-01-20"
"541352","1980-04-22","F","true","true","usa","portland","PWM","43.646","-70.309","2023-01-20"
"541357","1981-07-10","F","false","false","usa","buffalo","BUF","42.94","-78.732","2023-01-20"
"541382","1984-05-20","F","true","true","usa","new york","JFK","40.64","-73.779","2023-01-20"
"541389","1994-11-17","F","false","false","usa","detroit","YIP","42.238","-83.53","2023-01-20"
"541438","1987-11-02","F","true","false","usa","new york","LGA","40.777","-73.872","2023-01-20"
"541454","1968-03-28","F","false","true","usa","boston","BOS","42.364","-71.005","2023-01-20"
"541497","1997-09-19","F","false","false","usa","los angeles","LAX","33.942","-118.408","2023-01-20"
"541505","1981-05-05","F","false","false","usa","los angeles","LAX","33.942","-118.408","2023-01-20"
"541516","1970-08-20","M","false","false","usa","bakersfield","BFL","35.433","-119.057","2023-01-20"
"541539","2006-06-15","F","false","false","usa","washington","IAD","38.944","-77.456","2023-01-20"
"541540","1972-02-18","M","true","true","usa","san diego","NZY","32.699","-117.215","2023-01-20"
"541612","1985-09-27","F","false","true","usa","san jose","SJC","37.362","-121.929","2023-01-20"
"541649","1986-07-24","F","false","false","usa","houston","HOU","29.645","-95.279","2023-01-20"
"541672","1979-12-14","F","true","false","usa","austin","AUS","30.194","-97.67","2023-01-20"
"541699","1977-06-20","F","true","false","usa","modesto","MOD","37.626","-120.954","2023-01-20"
"541700","1978-08-27","M","true","false","usa","san diego","SAN","32.733","-117.189","2023-01-20"
"541734","1985-06-22","F","false","false","usa","los angeles","LAX","33.942","-118.408","2023-01-20"
"541735","1980-08-18","F","true","false","usa","charlotte","CLT","35.214","-80.943","2023-01-20"
"541752","1985-06-09","F","false","false","usa","charlotte","CLT","35.214","-80.943","2023-01-20"
"541764","1976-10-28","F","true","false","usa","baton rouge","BTR","30.533","-91.149","2023-01-20"
"541812","1976-07-07","F","true","true","canada","toronto","YZD","43.742","-79.466","2023-01-20"
"541878","1997-08-14","F","true","false","usa","milwaukee","MKE","42.947","-87.896","2023-01-20"
"541901","1980-11-23","F","false","false","canada","toronto","YZD","43.742","-79.466","2023-01-20"
"541906","1972-08-02","F","true","false","usa","san jose","SJC","37.362","-121.929","2023-01-20"
"541921","1968-12-21","F","false","false","usa","san antonio","SAT","29.534","-98.47","2023-01-20"
"541923","1976-06-19","F","false","false","usa","oakland","OAK","37.721","-122.221","2023-01-20"
"541931","1984-07-16","F","false","false","usa","omaha","OFF","41.118","-95.913","2023-01-20"
"541939","1970-10-12","F","true","true","usa","charlotte","CLT","35.214","-80.943","2023-01-20"
"541967","1982-03-01","F","true","false","usa","new york","JFK","40.64","-73.779","2023-01-20"
"541972","1969-07-10","F","true","true","usa","chicago","ORD","41.979","-87.904","2023-01-20"
"541980","1960-09-02","F","true","false","usa","jacksonville","NIP","30.236","-81.681","2023-01-20"
"541988","2006-03-04","F","false","false","usa","newport news","PHF","37.132","-76.493","2023-01-20"
"541998","1982-04-27","F","false","false","canada","ottawa","YOW","45.323","-75.669","2023-01-20"
"541999","1951-08-10","F","true","false","usa","denver","DEN","39.858","-104.667","2023-01-20"
"542012","1978-06-24","F","false","false","usa","nashville","BNA","36.124","-86.678","2023-01-20"
"542015","1981-07-16","F","true","false","usa","new york","LGA","40.777","-73.872","2023-01-20"
"542027","1986-01-07","F","false","true","usa","lubbock","LBB","33.664","-101.823","2023-01-20"
"542036","1982-11-19","F","true","true","usa","long beach","LGB","33.818","-118.151","2023-01-20"
"542056","1995-12-10","F","false","true","usa","long beach","LGB","33.818","-118.151","2023-01-20"
"542059","1973-05-02","F","true","false","canada","calgary","YYC","51.114","-114.02","2023-01-20"
"542065","1976-03-19","M","true","false","canada","toronto","YZD","43.742","-79.466","2023-01-20"
"542080","1967-06-15","F","false","false","usa","lubbock","LBB","33.664","-101.823","2023-01-20"
"542095","1973-05-10","F","true","true","usa","minneapolis","MSP","44.88","-93.217","2023-01-20"
"542142","1980-07-14","M","true","true","usa","long beach","LGB","33.818","-118.151","2023-01-20"
"542153","1975-08-04","F","false","false","usa","san jose","SJC","37.362","-121.929","2023-01-20"
"542189","2000-01-03","F","false","false","canada","winnipeg","YAV","50.056","-97.032","2023-01-20"
"542194","1987-05-09","F","true","true","usa","el paso","ELP","31.807","-106.378","2023-01-20"
"542196","1965-07-04","F","true","false","usa","burlington","BTV","44.472","-73.153","2023-01-20"
"542208","1985-07-11","F","true","true","usa","san diego","SAN","32.733","-117.189","2023-01-20"
"542230","1975-09-02","F","true","false","usa","philadelphia","PNE","40.082","-75.011","2023-01-20"
"542254","1979-10-26","F","true","false","usa","montgomery","MXF","32.379","-86.362","2023-01-20"
"542267","1999-12-27","F","true","false","usa","seattle","BFI","47.53","-122.302","2023-01-20"
"542270","1981-06-25","F","false","false","usa","tulsa","TUL","36.198","-95.888","2023-01-20"
"542277","1988-07-17","F","false","false","canada","london","YXU","43.036","-81.154","2023-01-20"
"542282","1975-11-01","F","false","false","usa","san jose","SJC","37.362","-121.929","2023-01-20"
"542303","1982-02-27","F","true","true","usa","cleveland","CLE","41.412","-81.85","2023-01-20"
"542316","2001-04-05","F","false","false","usa","phoenix","LUF","33.535","-112.383","2023-01-20"
"542326","1987-03-14","F","true","true","canada","quebec","YQB","46.788","-71.398","2023-01-20"
"542334","1969-02-13","F","true","true","canada","gatineau","YND","45.521","-75.564","2023-01-20"
"542358","1986-02-02","M","true","false","usa","columbus","CMH","39.998","-82.892","2023-01-20"
"542366","1976-06-12","F","true","false","usa","atlanta","ATL","33.64","-84.427","2023-01-20"
"542383","1981-01-11","M","false","false","usa","dallas","DAL","32.847","-96.852","2023-01-20"
"542418","1975-02-25","M","false","false","usa","new york","LGA","40.777","-73.872","2023-01-20"
"542451","1988-07-22","F","true","false","usa","new york","LGA","40.777","-73.872","2023-01-20"
"542471","1982-12-22","F","true","true","usa","san francisco","SFO","37.619","-122.375","2023-01-20"
"542482","1967-02-26","F","true","false","usa","san diego","SAN","32.733","-117.189","2023-01-20"
"542570","1967-02-15","F","true","false","usa","austin","AUS","30.194","-97.67","2023-01-20"
"542585","1972-08-15","F","true","true","usa","cleveland","CLE","41.412","-81.85","2023-01-20"
"542605","1984-11-24","F","true","true","usa","wichita","ICT","37.65","-97.433","2023-01-20"
"542638","2005-04-11","F","true","true","usa","chicago","ORD","41.979","-87.904","2023-01-20"
"542657","1982-09-24","M","true","false","usa","new york","LGA","40.777","-73.872","2023-01-20"
"542658","1998-01-21","F","false","false","usa","phoenix","PHX","33.434","-112.008","2023-01-20"
"542663","1992-03-01","F","false","true","usa","las vegas","LAS","36.08","-115.152","2023-01-20"
"542670","1968-03-22","F","false","false","usa","new york","LGA","40.777","-73.872","2023-01-20"
"542706","2006-06-05","F","false","false","canada","calgary","YYC","51.114","-114.02","2023-01-20"
"542752","1981-01-07","F","true","false","usa","san diego","NZY","32.699","-117.215","2023-01-20"
"542760","1985-12-05","F","false","false","usa","los angeles","LAX","33.942","-118.408","2023-01-20"
"542767","1983-03-04","F","false","false","usa","phoenix","LUF","33.535","-112.383","2023-01-20"
"542795","1975-01-20","F","true","true","canada","gatineau","YND","45.521","-75.564","2023-01-20"
"542796","1975-12-13","M","false","false","usa","long beach","LGB","33.818","-118.151","2023-01-20"
"542805","1991-09-10","F","false","false","usa","new york","JFK","40.64","-73.779","2023-01-20"
"542812","1998-11-14","F","false","false","usa","new york","JFK","40.64","-73.779","2023-01-20"
"542815","2006-10-01","F","false","false","usa","riverside","RIV","33.881","-117.259","2023-01-20"
"542825","1987-07-18","F","false","false","canada","winnipeg","YAV","50.056","-97.032","2023-01-20"
"542843","1969-03-13","F","true","true","usa","mobile","BFM","30.626","-88.068","2023-01-20"
"542850","1989-09-20","F","false","false","usa","columbus","LCK","39.814","-82.928","2023-01-20"
"542857","2002-11-12","M","false","false","canada","montreal","YUL","45.468","-73.741","2023-01-20"
"542874","1939-10-23","F","true","false","usa","milwaukee","MKE","42.947","-87.896","2023-01-20"
"542914","1985-11-24","F","false","false","usa","seattle","BFI","47.53","-122.302","2023-01-20"
"542918","1988-01-16","F","true","true","canada","toronto","YYZ","43.677","-79.631","2023-01-20"
"542937","1987-05-22","M","false","false","usa","houston","EFD","29.607","-95.159","2023-01-20"
"542965","2000-02-08","F","false","false","canada","quebec","YQB","46.788","-71.398","2023-01-20"
"542976","1980-05-05","F","true","true","usa","san diego","NZY","32.699","-117.215","2023-01-20"
"543008","1975-03-22","F","true","true","usa","buffalo","BUF","42.94","-78.732","2023-01-20"
"543038","1976-03-02","F","false","false","usa","memphis","MEM","35.042","-89.977","2023-01-20"
"543052","1983-08-11","F","true","false","usa","seattle","SEA","47.449","-122.309","2023-01-20"
"543074","1970-07-10","F","true","false","usa","jacksonville","NZC","30.219","-81.876","2023-01-20"
"543075","1972-07-22","M","true","true","usa","newark","EWR","40.692","-74.169","2023-01-20"
"543081","1969-08-06","F","true","false","usa","louisville","LOU","38.228","-85.664","2023-01-20"
"543114","1971-06-08","F","true","false","usa","new york","JFK","40.64","-73.779","2023-01-20"
"543126","2006-08-02","F","false","false","canada","toronto","YKZ","43.862","-79.37","2023-01-20"
"543165","1977-02-27","F","true","false","usa","washington","DCA","38.852","-77.037","2023-01-21"
"543222","1985-05-05","F","true","false","usa","bakersfield","BFL","35.433","-119.057","2023-01-21"
"543237","1960-05-23","F","true","false","usa","denver","DEN","39.858","-104.667","2023-01-21"
"543240","1959-12-28","F","true","false","usa","lubbock","LBB","33.664","-101.823","2023-01-21"
"543271","1983-06-21","F","false","false","usa","honolulu","HNL","21.316","-157.927","2023-01-21"
"543273","1978-08-09","F","true","true","usa","omaha","OFF","41.118","-95.913","2023-01-21"
"543304","1975-04-09","F","false","true","usa","st. louis","STL","38.748","-90.36","2023-01-21"
"543306","1986-07-18","F","false","true","usa","houston","IAH","29.98","-95.34","2023-01-21"
"543327","1982-06-06","M","false","false","usa","houston","HOU","29.645","-95.279","2023-01-21"
"543339","1996-03-26","F","false","false","canada","montreal","YMX","45.68","-74.039","2023-01-21"
"543352","1979-07-25","F","false","false","usa","wichita","ICT","37.65","-97.433","2023-01-21"
"543375","1980-10-06","F","false","false","usa","los angeles","LAX","33.942","-118.408","2023-01-21"
"543385","1983-07-13","F","false","false","usa","new york","JFK","40.64","-73.779","2023-01-21"
"543428","1989-07-11","F","false","true","usa","portland","PWM","43.646","-70.309","2023-01-21"
"543437","1988-09-24","F","false","false","usa","san diego","SAN","32.733","-117.189","2023-01-21"
"543476","1988-10-06","F","true","true","usa","oklahoma city","TIK","35.415","-97.386","2023-01-21"
"543497","1973-01-11","F","true","false","canada","montreal","YMX","45.68","-74.039","2023-01-21"
"543557","1987-12-25","F","false","false","usa","new york","JFK","40.64","-73.779","2023-01-21"
"543559","1977-02-09","M","true","true","usa","new orleans","NBG","29.825","-90.035","2023-01-21"
"543618","1988-02-25","M","false","false","usa","seattle","BFI","47.53","-122.302","2023-01-21"
"543620","1987-02-20","F","false","false","usa","modesto","MOD","37.626","-120.954","2023-01-21"
"543659","1990-02-02","F","false","false","usa","los angeles","LAX","33.942","-118.408","2023-01-21"
"543660","2003-12-23","F","false","false","canada","toronto","YZD","43.742","-79.466","2023-01-21"
"543666","1987-07-11","F","true","false","usa","houston","IAH","29.98","-95.34","2023-01-21"
"543668","1990-06-17","F","false","false","canada","hamilton","YHM","43.173","-79.935","2023-01-21"
"543671","1971-08-13","F","true","true","usa","phoenix","LUF","33.535","-112.383","2023-01-21"
"543694","1965-10-07","F","true","false","usa","houston","EFD","29.607","-95.159","2023-01-21"
"543696","2006-04-16","F","false","false","canada","toronto","YYZ","43.677","-79.631","2023-01-21"
"543713","1988-10-02","M","false","true","usa","omaha","OFF","41.118","-95.913","2023-01-21"
"543716","1983-07-12","F","true","true","usa","philadelphia","PNE","40.082","-75.011","2023-01-21"
"543723","1966-01-13","F","false","false","usa","new york","LGA","40.777","-73.872","2023-01-21"
"543728","1981-07-27","F","false","false","usa","seattle","SEA","47.449","-122.309","2023-01-21"
"543778","1967-10-14","F","true","true","usa","new york","JFK","40.64","-73.779","2023-01-21"
"543810","1991-05-28","F","false","false","usa","new york","JFK","40.64","-73.779","2023-01-21"
"543816","1999-11-04","F","false","false","usa","portland","PWM","43.646","-70.309","2023-01-21"
"543817","2006-01-20","F","false","false","usa","san antonio","RND","29.529","-98.279","2023-01-21"
"543826","1985-01-23","F","false","false","canada","gatineau","YND","45.521","-75.564","2023-01-21"
"543885","1984-03-19","F","true","false","usa","baton rouge","BTR","30.533","-91.149","2023-01-21"
"543900","1985-05-05","F","false","false","usa","colorado springs","COS","38.806","-104.7","2023-01-21"
"543927","1986-10-20","F","false","false","usa","new orleans","MSY","29.993","-90.258","2023-01-21"
"543928","2006-05-11","F","false","false","usa","houston","EFD","29.607","-95.159","2023-01-21"
"543937","1979-06-18","F","false","false","usa","san francisco","SFO","37.619","-122.375","2023-01-21"
"543952","1984-08-01","F","false","false","usa","san jose","SJC","37.362","-121.929","2023-01-21"
"543968","1987-12-28","F","false","false","usa","modesto","MOD","37.626","-120.954","2023-01-21"
"543976","1990-08-25","F","false","false","usa","chicago","MDW","41.786","-87.752","2023-01-21"
"544002","1980-05-14","F","false","true","usa","denver","DEN","39.858","-104.667","2023-01-21"
"544008","1986-01-22","F","false","false","usa","oklahoma city","TIK","35.415","-97.386","2023-01-21"
"544012","1975-09-03","F","false","true","usa","tulsa","TUL","36.198","-95.888","2023-01-21"
"544015","1989-08-25","F","false","false","usa","tampa","MCF","27.849","-82.521","2023-01-21"
"544043","1982-11-24","F","false","true","usa","santa ana","SNA","33.676","-117.868","2023-01-21"
"544163","1978-09-22","F","true","true","usa","new york","LGA","40.777","-73.872","2023-01-21"
"544207","1970-04-24","F","true","false","usa","new york","JFK","40.64","-73.779","2023-01-21"
"544254","1974-10-13","F","true","false","usa","phoenix","PHX","33.434","-112.008","2023-01-21"
"544256","1979-10-08","F","true","false","usa","birmingham","BHM","33.563","-86.753","2023-01-21"
"544271","1967-04-16","F","true","true","usa","knoxville","TYS","35.812","-83.993","2023-01-21"
"544333","1962-05-03","F","true","false","usa","santa ana","SNA","33.676","-117.868","2023-01-21"
"544364","1992-02-23","F","false","false","usa","wichita","ICT","37.65","-97.433","2023-01-21"
"544367","1977-05-02","F","false","false","usa","new orleans","NBG","29.825","-90.035","2023-01-21"
"544391","1980-03-17","M","true","true","usa","phoenix","LUF","33.535","-112.383","2023-01-21"
"544406","1978-04-12","F","true","false","usa","bakersfield","BFL","35.433","-119.057","2023-01-21"
"544414","1968-01-13","F","true","false","usa","el paso","ELP","31.807","-106.378","2023-01-21"
"544425","1989-12-05","F","true","true","usa","winston-salem","INT","36.134","-80.222","2023-01-21"
"544444","1969-11-20","F","false","false","usa","dallas","DAL","32.847","-96.852","2023-01-21"
"544447","1981-07-17","M","true","false","canada","edmonton","YEG","53.31","-113.58","2023-01-21"
"544449","1979-06-17","M","true","true","usa","new york","LGA","40.777","-73.872","2023-01-21"
"544469","1983-08-25","F","false","true","usa","new york","JFK","40.64","-73.779","2023-01-21"
"544472","2006-05-04","F","false","false","usa","oakland","OAK","37.721","-122.221","2023-01-21"
"544476","1976-12-06","M","true","true","usa","minneapolis","MSP","44.88","-93.217","2023-01-21"
"544480","1996-05-06","F","true","false","usa","oklahoma city","TIK","35.415","-97.386","2023-01-21"
"544495","1960-04-06","F","true","false","usa","new york","LGA","40.777","-73.872","2023-01-21"
"544497","2006-11-05","F","false","false","usa","columbus","LCK","39.814","-82.928","2023-01-21"
"544507","2003-02-13","M","false","false","usa","orlando","ORL","28.545","-81.333","2023-01-21"
"544513","1969-08-25","F","true","false","usa","new york","LGA","40.777","-73.872","2023-01-21"
"544536","1987-04-16","F","false","false","usa","chicago","ORD","41.979","-87.904","2023-01-21"
"544549","1984-02-07","F","false","false","usa","houston","HOU","29.645","-95.279","2023-01-21"
"544595","1987-11-18","F","false","false","usa","sacramento","MHR","38.554","-121.297","2023-01-21"
"544604","1971-11-13","M","false","false","usa","lubbock","LBB","33.664","-101.823","2023-01-21"
"544627","1979-08-03","F","false","true","usa","chicago","MDW","41.786","-87.752","2023-01-21"
"544640","1978-05-26","M","false","false","usa","san antonio","RND","29.529","-98.279","2023-01-21"
"544647","1998-06-10","F","false","false","canada","edmonton","YEG","53.31","-113.58","2023-01-21"
"544680","1980-08-28","F","false","false","usa","dallas","DAL","32.847","-96.852","2023-01-21"
"544683","1976-12-21","F","true","false","usa","new york","JFK","40.64","-73.779","2023-01-21"
"544685","1987-05-25","M","false","true","usa","kansas city","MCI","39.297","-94.714","2023-01-21"
"544694","1971-05-11","M","true","false","usa","bakersfield","BFL","35.433","-119.057","2023-01-21"
"544698","1988-01-02","F","true","true","usa","new york","LGA","40.777","-73.872","2023-01-21"
"544747","1990-06-18","M","false","false","usa","phoenix","PHX","33.434","-112.008","2023-01-21"
"544749","1980-03-08","M","false","false","usa","colorado springs","COS","38.806","-104.7","2023-01-21"
"544818","1994-07-26","F","false","false","usa","anchorage","ANC","61.174","-149.996","2023-01-21"
"544839","1979-02-04","F","false","false","usa","houston","IAH","29.98","-95.34","2023-01-21"
"544868","1974-04-06","F","false","false","usa","columbus","CMH","39.998","-82.892","2023-01-21"
"544926","1985-07-21","F","false","true","usa","colorado springs","COS","38.806","-104.7","2023-01-21"
"545010","1967-03-19","F","false","false","usa","omaha","OFF","41.118","-95.913","2023-01-21"
"545011","1969-09-12","F","true","true","usa","memphis","MEM","35.042","-89.977","2023-01-21"
"545012","1986-12-18","F","true","true","usa","oakland","OAK","37.721","-122.221","2023-01-21"
"545063","1941-09-20","M","true","false","usa","mobile","MOB","30.691","-88.243","2023-01-22"
"545070","1989-10-12","F","false","true","canada","toronto","YZD","43.742","-79.466","2023-01-22"
"545089","2006-09-21","F","false","false","usa","louisville","LOU","38.228","-85.664","2023-01-22"
"545109","1991-09-09","F","false","false","usa","chicago","ORD","41.979","-87.904","2023-01-22"
"545115","1980-08-12","F","true","false","usa","new orleans","NBG","29.825","-90.035","2023-01-22"
"545132","1997-06-13","M","true","true","usa","denver","DEN","39.858","-104.667","2023-01-22"
"545208","1968-01-03","F","true","false","usa","atlanta","ATL","33.64","-84.427","2023-01-22"
"545209","1987-04-14","F","false","false","canada","edmonton","YEG","53.31","-113.58","2023-01-22"
"545226","1968-06-12","F","true","false","usa","new york","LGA","40.777","-73.872","2023-01-22"
"545247","2004-09-13","M","false","true","usa","santa ana","SNA","33.676","-117.868","2023-01-22"
"545249","1972-03-04","F","true","true","canada","ottawa","YOW","45.323","-75.669","2023-01-22"
"545264","1998-09-16","M","false","false","usa","wichita","ICT","37.65","-97.433","2023-01-22"
"545272","1970-08-18","M","true","false","usa","phoenix","PHX","33.434","-112.008","2023-01-22"
"545281","2006-10-28","F","false","false","usa","los angeles","LAX","33.942","-118.408","2023-01-22"
"545290","1979-06-08","F","false","true","usa","los angeles","LAX","33.942","-118.408","2023-01-22"
"545300","1990-04-10","F","false","true","usa","detroit","DTW","42.212","-83.353","2023-01-22"
"545317","1983-08-09","F","false","true","usa","austin","AUS","30.194","-97.67","2023-01-22"
"545318","1971-12-06","F","true","true","usa","indianapolis","IND","39.717","-86.294","2023-01-22"
"545327","1995-09-11","F","true","true","usa","milwaukee","MKE","42.947","-87.896","2023-01-22"
"545344","2001-03-25","F","false","true","usa","houston","EFD","29.607","-95.159","2023-01-22"
"545345","1990-09-21","F","false","false","usa","reno","RNO","39.498","-119.768","2023-01-22"
"545360","1986-05-20","M","false","false","usa","oklahoma city","OKC","35.393","-97.601","2023-01-22"
"545375","1990-08-23","F","false","true","usa","detroit","DET","42.409","-83.01","2023-01-22"
"545399","1971-04-15","F","false","false","usa","little rock","LIT","34.729","-92.224","2023-01-22"
"545404","1973-04-02","F","false","false","usa","houston","IAH","29.98","-95.34","2023-01-22"
"545446","1968-08-28","F","true","true","usa","los angeles","LAX","33.942","-118.408","2023-01-22"
"545465","1975-04-01","F","true","true","usa","santa ana","SNA","33.676","-117.868","2023-01-22"
"545510","1978-11-26","F","true","false","usa","lubbock","LBB","33.664","-101.823","2023-01-22"
"545518","1978-09-27","F","false","true","canada","edmonton","YXD","53.573","-113.521","2023-01-22"
"545551","1976-08-15","F","false","true","usa","austin","AUS","30.194","-97.67","2023-01-22"
"545577","1984-09-14","M","false","false","usa","omaha","OMA","41.302","-95.894","2023-01-22"
"545629","1975-09-16","F","false","false","usa","st. petersburg","PIE","27.911","-82.687","2023-01-22"
"545633","1987-12-20","M","false","false","usa","columbus","LCK","39.814","-82.928","2023-01-22"
"545634","1979-04-19","F","false","false","usa","providence","PVD","41.724","-71.428","2023-01-22"
"545652","1980-10-06","F","false","false","usa","fayetteville","FYV","36.005","-94.17","2023-01-22"
"545684","1977-03-28","F","true","true","usa","chicago","ORD","41.979","-87.904","2023-01-22"
"545736","2000-12-19","F","false","false","usa","columbus","LCK","39.814","-82.928","2023-01-22"
"545745","1984-04-07","F","true","false","usa","jacksonville","NCA","34.708","-77.439","2023-01-22"
"545748","1973-07-19","F","true","true","canada","victoria","YYJ","48.647","-123.426","2023-01-22"
"545754","2002-12-14","M","false","true","usa","fayetteville","POB","35.171","-79.014","2023-01-22"
"545755","1985-08-26","F","false","false","canada","montreal","YHU","45.517","-73.417","2023-01-22"
"545758","1993-04-23","M","true","false","canada","edmonton","YED","53.667","-113.467","2023-01-22"
"545763","1949-04-27","F","true","false","usa","philadelphia","PNE","40.082","-75.011","2023-01-22"
"545770","1980-09-20","F","true","false","usa","omaha","OMA","41.302","-95.894","2023-01-22"
"545771","1969-12-04","F","false","false","usa","fayetteville","FYV","36.005","-94.17","2023-01-22"
"545803","1970-07-15","F","false","true","usa","des moines","DSM","41.534","-93.663","2023-01-22"
"545805","1975-02-21","F","true","true","usa","rochester","ROC","43.119","-77.672","2023-01-22"
"545810","2002-01-14","F","false","true","usa","phoenix","LUF","33.535","-112.383","2023-01-22"
"545848","1974-06-20","F","true","true","usa","los angeles","LAX","33.942","-118.408","2023-01-22"
"545865","1982-09-03","F","true","false","usa","newark","EWR","40.692","-74.169","2023-01-22"
"545879","1997-10-25","F","false","false","usa","new york","LGA","40.777","-73.872","2023-01-22"
"545936","1981-01-04","F","false","false","usa","new york","LGA","40.777","-73.872","2023-01-22"
"545939","1979-10-13","F","false","false","usa","newport news","PHF","37.132","-76.493","2023-01-22"
"545958","1966-11-21","F","false","false","usa","houston","IAH","29.98","-95.34","2023-01-22"
"545981","1987-08-14","F","false","false","canada","windsor","YQG","42.276","-82.956","2023-01-22"
"546008","1992-11-03","F","false","false","usa","colorado springs","COS","38.806","-104.7","2023-01-22"
"546050","1971-10-12","F","true","false","canada","gatineau","YND","45.521","-75.564","2023-01-22"
"546061","1977-02-15","F","false","true","usa","new york","JFK","40.64","-73.779","2023-01-22"
"546064","1970-02-20","F","true","true","usa","san jose","SJC","37.362","-121.929","2023-01-22"
"546065","1976-09-03","M","true","true","usa","omaha","OMA","41.302","-95.894","2023-01-22"
"546072","1974-08-01","F","false","false","usa","washington","IAD","38.944","-77.456","2023-01-22"
"546121","2006-07-07","F","false","false","usa","milwaukee","MKE","42.947","-87.896","2023-01-22"
"546127","1969-01-07","F","true","false","usa","new york","LGA","40.777","-73.872","2023-01-22"
"546130","1974-09-07","F","true","true","usa","bakersfield","BFL","35.433","-119.057","2023-01-22"
"546131","1967-07-02","F","false","false","usa","new york","JFK","40.64","-73.779","2023-01-22"
"546161","1967-11-25","F","false","false","canada","saskatoon","YXE","52.171","-106.7","2023-01-22"
"546164","2002-03-19","F","false","false","canada","winnipeg","YAV","50.056","-97.032","2023-01-22"
"546190","1974-04-03","F","true","true","usa","tucson","DMA","32.166","-110.883","2023-01-22"
"546224","1978-12-07","F","true","true","usa","phoenix","PHX","33.434","-112.008","2023-01-22"
"546256","1971-07-26","F","true","true","usa","charlotte","CLT","35.214","-80.943","2023-01-22"
"546280","1982-03-08","F","false","false","usa","los angeles","LAX","33.942","-118.408","2023-01-22"
"546282","1978-12-18","F","false","false","canada","ottawa","YOW","45.323","-75.669","2023-01-22"
"546307","1969-02-16","F","false","false","usa","portland","PWM","43.646","-70.309","2023-01-22"
"546334","1988-12-25","F","true","false","usa","las vegas","LAS","36.08","-115.152","2023-01-22"
"546395","1980-05-22","F","true","true","usa","houston","HOU","29.645","-95.279","2023-01-22"
"546399","1988-05-08","F","false","false","usa","el paso","BIF","31.849","-106.38","2023-01-22"
"546419","1969-09-07","F","false","true","usa","san diego","SAN","32.733","-117.189","2023-01-22"
"546437","1973-05-13","F","false","false","usa","jacksonville","JAX","30.494","-81.688","2023-01-22"
"546462","1951-01-14","F","false","false","usa","los angeles","LAX","33.942","-118.408","2023-01-22"
"546470","1981-09-22","F","true","false","usa","new york","LGA","40.777","-73.872","2023-01-22"
"546485","1980-08-21","M","true","true","canada","winnipeg","YWG","49.91","-97.234","2023-01-22"
"546509","1975-08-24","F","false","false","usa","detroit","YIP","42.238","-83.53","2023-01-22"
"546529","1976-08-06","F","true","false","usa","las vegas","LAS","36.08","-115.152","2023-01-22"
"546587","1983-03-01","F","true","false","usa","new york","LGA","40.777","-73.872","2023-01-22"
"546612","1998-06-02","F","false","true","usa","san antonio","SAT","29.534","-98.47","2023-01-22"
"546648","1985-02-18","F","true","true","usa","san jose","SJC","37.362","-121.929","2023-01-22"
"546664","1991-04-28","F","true","false","usa","shreveport","BAD","32.502","-93.663","2023-01-22"
"546671","1984-04-06","F","true","false","usa","stockton","SCK","37.894","-121.239","2023-01-22"
"546679","1989-02-28","F","true","false","usa","houston","EFD","29.607","-95.159","2023-01-22"
"546688","1972-01-05","F","false","false","usa","new york","JFK","40.64","-73.779","2023-01-22"
"546702","1978-02-17","F","true","false","usa","chicago","ORD","41.979","-87.904","2023-01-22"
"546728","1970-09-11","F","true","false","canada","montreal","YUL","45.468","-73.741","2023-01-22"
"546740","1983-05-07","F","false","false","usa","new york","JFK","40.64","-73.779","2023-01-22"
"546756","1979-04-22","F","false","false","usa","fayetteville","FYV","36.005","-94.17","2023-01-22"
"546774","1966-08-22","F","true","true","usa","new york","JFK","40.64","-73.779","2023-01-22"
"546842","1978-07-02","F","true","false","usa","los angeles","LAX","33.942","-118.408","2023-01-22"
"546844","1978-08-06","F","true","true","canada","edmonton","YED","53.667","-113.467","2023-01-22"
"546847","1969-08-06","F","true","false","usa","los angeles","LAX","33.942","-118.408","2023-01-22"
"546857","1957-07-05","F","true","false","usa","kansas city","MCI","39.297","-94.714","2023-01-22"
"546864","1980-07-27","M","true","false","usa","boston","BOS","42.364","-71.005","2023-01-23"
"546867","1972-06-17","F","false","false","usa","san francisco","SFO","37.619","-122.375","2023-01-23"
"546881","1982-08-22","F","true","true","usa","new york","LGA","40.777","-73.872","2023-01-23"
"546882","1999-04-10","F","false","false","usa","san diego","SAN","32.733","-117.189","2023-01-23"
"546884","2005-07-05","M","false","false","canada","toronto","YKZ","43.862","-79.37","2023-01-23"
"546888","1994-10-04","F","false","false","usa","orlando","MCO","28.429","-81.316","2023-01-23"
"546900","1985-07-08","F","false","false","usa","san antonio","SAT","29.534","-98.47","2023-01-23"
"546937","1956-10-07","F","false","false","usa","chicago","UGN","42.422","-87.868","2023-01-23"
"546964","1979-08-21","F","true","false","usa","new york","JFK","40.64","-73.779","2023-01-23"
"546972","1974-08-03","F","true","true","usa","los angeles","LAX","33.942","-118.408","2023-01-23"
"547006","1951-04-12","F","true","false","usa","new york","JFK","40.64","-73.779","2023-01-23"
"547007","1991-03-16","F","true","false","usa","new york","JFK","40.64","-73.779","2023-01-23"
"547037","1990-03-01","F","false","false","usa","tampa","TPA","27.975","-82.533","2023-01-23"
"547070","1972-12-09","M","true","false","usa","fayetteville","FYV","36.005","-94.17","2023-01-23"
"547100","1974-01-14","F","false","false","canada","toronto","YZD","43.742","-79.466","2023-01-23"
"547130","2004-06-01","F","false","false","usa","new york","LGA","40.777","-73.872","2023-01-23"
"547150","1980-04-28","F","true","true","usa","los angeles","LAX","33.942","-118.408","2023-01-23"
"547164","1993-09-11","F","false","false","canada","montreal","YMX","45.68","-74.039","2023-01-23"
"547175","2005-12-22","F","false","false","canada","toronto","YZD","43.742","-79.466","2023-01-23"
"547180","1978-02-06","F","true","true","usa","new york","LGA","40.777","-73.872","2023-01-23"
"547181","1961-01-21","F","true","false","usa","tucson","TUS","32.116","-110.941","2023-01-23"
"547201","1998-06-15","F","false","false","usa","los angeles","LAX","33.942","-118.408","2023-01-23"
"547266","1968-07-05","F","true","false","canada","winnipeg","YWG","49.91","-97.234","2023-01-23"
"547301","1991-03-24","F","false","true","usa","mobile","BFM","30.626","-88.068","2023-01-23"
"547320","1994-09-07","F","false","false","usa","knoxville","TYS","35.812","-83.993","2023-01-23"
"547325","1980-06-19","F","false","true","usa","oklahoma city","OKC","35.393","-97.601","2023-01-23"
"547336","1981-05-21","F","true","false","usa","madison","MSN","43.14","-89.337","2023-01-23"
"547342","1997-08-05","M","false","false","usa","los angeles","LAX","33.942","-118.408","2023-01-23"
"547412","1971-03-28","M","false","false","usa","new york","LGA","40.777","-73.872","2023-01-23"
"547453","1995-02-11","F","false","true","usa","st. louis","STL","38.748","-90.36","2023-01-23"
"547458","1980-09-16","F","false","false","canada","gatineau","YND","45.521","-75.564","2023-01-23"
"547459","1964-09-28","F","true","false","usa","los angeles","LAX","33.942","-118.408","2023-01-23"
"547483","1989-03-17","F","false","true","usa","new york","LGA","40.777","-73.872","2023-01-23"
"547512","1978-04-17","F","true","false","canada","calgary","YYC","51.114","-114.02","2023-01-23"
"547555","1978-03-10","F","false","false","usa","san antonio","RND","29.529","-98.279","2023-01-23"
"547559","1987-04-14","F","true","false","usa","washington","IAD","38.944","-77.456","2023-01-23"
"547568","1993-10-06","F","false","false","usa","new york","JFK","40.64","-73.779","2023-01-23"
"547594","2006-11-26","F","false","false","canada","calgary","YYC","51.114","-114.02","2023-01-23"
"547606","1968-03-12","F","true","true","usa","little rock","LIT","34.729","-92.224","2023-01-23"
"547613","1983-11-06","F","false","false","usa","phoenix","LUF","33.535","-112.383","2023-01-23"
"547617","1970-08-05","F","true","false","usa","charlotte","CLT","35.214","-80.943","2023-01-23"
"547663","1979-11-24","F","false","false","canada","london","YXU","43.036","-81.154","2023-01-23"
"547664","1983-04-02","F","false","false","canada","winnipeg","YAV","50.056","-97.032","2023-01-23"
"547693","1981-01-17","M","false","true","usa","bakersfield","BFL","35.433","-119.057","2023-01-23"
"547761","1974-12-15","F","false","false","usa","las vegas","LAS","36.08","-115.152","2023-01-23"
"547776","1980-07-05","F","false","false","usa","fort worth","FTW","32.82","-97.362","2023-01-23"
"547779","1982-03-07","F","true","true","usa","los angeles","LAX","33.942","-118.408","2023-01-23"
"547792","1985-08-16","F","false","true","usa","seattle","BFI","47.53","-122.302","2023-01-23"
"547817","1996-12-14","F","false","false","usa","newport news","PHF","37.132","-76.493","2023-01-23"
"547823","1968-11-15","F","true","false","usa","reno","RNO","39.498","-119.768","2023-01-23"
"547825","2002-02-08","F","false","false","usa","colorado springs","COS","38.806","-104.7","2023-01-23"
"547834","1998-01-21","F","false","false","usa","providence","PVD","41.724","-71.428","2023-01-23"
"547836","1976-01-21","F","true","false","usa","los angeles","LAX","33.942","-118.408","2023-01-23"
"547857","1959-05-08","F","true","true","usa","new york","JFK","40.64","-73.779","2023-01-23"
"547862","1977-02-04","M","true","true","usa","houston","EFD","29.607","-95.159","2023-01-23"
"547878","1998-02-11","F","false","false","usa","santa ana","SNA","33.676","-117.868","2023-01-23"
"547911","1984-02-11","F","false","true","usa","san francisco","SFO","37.619","-122.375","2023-01-23"
"547938","1997-11-24","M","false","true","usa","st. louis","STL","38.748","-90.36","2023-01-23"
"547951","1973-03-25","M","false","false","usa","minneapolis","MSP","44.88","-93.217","2023-01-23"
"547966","1980-09-02","F","true","true","usa","wichita","ICT","37.65","-97.433","2023-01-23"
"547997","1965-11-14","F","true","false","usa","los angeles","LAX","33.942","-118.408","2023-01-23"
"548006","1987-07-13","F","false","false","usa","dallas","DAL","32.847","-96.852","2023-01-23"
"548022","1977-01-08","F","true","false","usa","san antonio","SAT","29.534","-98.47","2023-01-23"
"548032","1982-02-23","F","false","false","usa","chicago","ORD","41.979","-87.904","2023-01-23"
"548037","1975-08-22","F","true","false","usa","new york","JFK","40.64","-73.779","2023-01-23"
"548040","1986-10-17","F","true","false","usa","portland","PDX","45.589","-122.597","2023-01-23"
"548093","2002-04-15","F","false","false","usa","charlotte","CLT","35.214","-80.943","2023-01-23"
"548109","1984-06-10","F","false","false","usa","los angeles","LAX","33.942","-118.408","2023-01-23"
"548113","1985-06-26","F","false","false","usa","houston","EFD","29.607","-95.159","2023-01-23"
"548120","1976-11-12","F","false","false","usa","tampa","MCF","27.849","-82.521","2023-01-23"
"548123","1976-06-13","M","true","true","canada","edmonton","YEG","53.31","-113.58","2023-01-23"
"548185","1997-04-11","F","false","false","usa","long beach","LGB","33.818","-118.151","2023-01-23"
"548189","1994-05-03","F","false","false","canada","montreal","YUL","45.468","-73.741","2023-01-23"
"548190","1989-03-13","F","true","false","usa","corpus christi","CRP","27.77","-97.501","2023-01-23"
"548193","2006-09-09","F","false","true","usa","denver","DEN","39.858","-104.667","2023-01-23"
"548222","1971-07-25","F","true","true","canada","calgary","YYC","51.114","-114.02","2023-01-23"
"548228","1957-03-13","F","true","false","canada","calgary","YYC","51.114","-114.02","2023-01-23"
"548230","1964-12-14","F","true","false","usa","akron","AKR","41.038","-81.467","2023-01-23"
"548256","1982-03-03","F","true","true","usa","cleveland","CLE","41.412","-81.85","2023-01-23"
"548258","1979-07-08","M","false","false","usa","louisville","LOU","38.228","-85.664","2023-01-23"
"548272","1981-08-28","F","true","true","usa","chicago","MDW","41.786","-87.752","2023-01-23"
"548307","1973-03-26","F","true","true","usa","denver","DEN","39.858","-104.667","2023-01-23"
"548310","1992-04-11","F","false","false","usa","memphis","MEM","35.042","-89.977","2023-01-23"
"548391","1966-12-23","F","true","true","canada","toronto","YKZ","43.862","-79.37","2023-01-23"
"548408","1988-09-20","F","false","false","usa","new york","JFK","40.64","-73.779","2023-01-23"
"548422","1985-03-11","F","true","false","usa","tulsa","TUL","36.198","-95.888","2023-01-23"
"548434","1981-02-07","F","true","false","usa","indianapolis","IND","39.717","-86.294","2023-01-23"
"548448","1960-11-18","F","false","false","usa","sacramento","SAC","38.513","-121.493","2023-01-23"
"548474","1991-03-08","F","true","true","usa","anchorage","ANC","61.174","-149.996","2023-01-23"
"548488","1987-07-07","F","false","false","usa","new york","JFK","40.64","-73.779","2023-01-23"
"548490","1970-04-22","F","true","true","usa","el paso","BIF","31.849","-106.38","2023-01-23"
"548504","1986-08-03","F","false","false","usa","houston","IAH","29.98","-95.34","2023-01-23"
"548560","1978-09-02","F","true","true","usa","laredo","LRD","27.544","-99.461","2023-01-23"
"548568","1968-03-22","F","true","true","usa","philadelphia","PHL","39.872","-75.241","2023-01-23"
"548587","1989-01-23","F","false","false","usa","sacramento","SMF","38.695","-121.591","2023-01-23"
"548635","1982-06-03","F","true","true","usa","houston","EFD","29.607","-95.159","2023-01-23"
"548651","1980-05-16","F","true","true","usa","milwaukee","MKE","42.947","-87.896","2023-01-23"
"548653","1981-02-10","F","true","true","usa","jacksonville","JAX","30.494","-81.688","2023-01-23"
"548672","1982-10-08","M","false","false","usa","chicago","ORD","41.979","-87.904","2023-01-23"
"548708","1985-07-15","M","true","false","usa","cleveland","CLE","41.412","-81.85","2023-01-23"
"548743","1997-01-23","F","true","false","canada","winnipeg","YWG","49.91","-97.234","2023-01-23"
"548853","1970-07-27","F","true","false","canada","quebec","YQB","46.788","-71.398","2023-01-23"
"548859","1976-01-14","F","true","false","usa","new york","JFK","40.64","-73.779","2023-01-23"
"548872","2003-12-14","F","false","true","usa","chicago","MDW","41.786","-87.752","2023-01-23"
"548961","1984-06-19","F","false","true","usa","san antonio","RND","29.529","-98.279","2023-01-23"
"548967","1985-02-03","F","false","false","canada","toronto","YTZ","43.627","-79.396","2023-01-23"
"548978","1987-03-17","F","true","false","canada","gatineau","YND","45.521","-75.564","2023-01-23"
"548988","1975-09-20","F","true","false","usa","los angeles","LAX","33.942","-118.408","2023-01-23"
"548990","1991-09-13","F","false","false","usa","los angeles","LAX","33.942","-118.408","2023-01-23"
"549058","1994-09-01","F","true","false","canada","toronto","YKZ","43.862","-79.37","2023-01-23"
"549115","1990-10-10","F","false","true","canada","victoria","YYJ","48.647","-123.426","2023-01-24"
"549116","1980-03-13","F","true","true","usa","columbus","LCK","39.814","-82.928","2023-01-24"
"549121","1950-10-11","F","false","false","usa","san antonio","SKF","29.384","-98.581","2023-01-24"
"549141","1995-11-01","F","true","true","usa","santa ana","SNA","33.676","-117.868","2023-01-24"
"549152","1991-03-25","F","false","false","canada","quebec","YQB","46.788","-71.398","2023-01-24"
"549154","1975-05-17","M","true","true","canada","toronto","YKZ","43.862","-79.37","2023-01-24"
"549190","2006-11-16","F","false","false","canada","montreal","YMX","45.68","-74.039","2023-01-24"
"549202","1966-04-01","F","false","false","usa","jacksonville","NZC","30.219","-81.876","2023-01-24"
"549235","1983-05-24","F","true","true","usa","los angeles","LAX","33.942","-118.408","2023-01-24"
"549251","1993-08-14","F","false","true","usa","los angeles","LAX","33.942","-118.408","2023-01-24"
"549274","1973-09-15","F","false","false","usa","st. louis","STL","38.748","-90.36","2023-01-24"
"549281","1996-09-14","F","false","true","usa","new york","JFK","40.64","-73.779","2023-01-24"
"549290","2005-06-13","M","false","false","usa","norfolk","ORF","36.894","-76.201","2023-01-24"
"549292","1978-02-19","F","false","true","canada","edmonton","YED","53.667","-113.467","2023-01-24"
"549293","1978-12-09","F","true","true","usa","cleveland","CLE","41.412","-81.85","2023-01-24"
"549303","1987-03-17","F","false","false","usa","nashville","BNA","36.124","-86.678","2023-01-24"
"549313","1979-05-23","F","false","true","usa","corpus christi","CRP","27.77","-97.501","2023-01-24"
"549320","2006-08-13","F","false","true","usa","long beach","LGB","33.818","-118.151","2023-01-24"
"549357","1978-01-03","F","false","false","usa","new orleans","MSY","29.993","-90.258","2023-01-24"
"549359","1987-10-28","F","false","true","usa","colorado springs","COS","38.806","-104.7","2023-01-24"
"549361","1972-05-03","F","true","true","usa","new york","JFK","40.64","-73.779","2023-01-24"
"549366","1975-11-10","M","true","true","usa","new york","JFK","40.64","-73.779","2023-01-24"
"549367","1982-05-15","F","true","true","usa","new york","LGA","40.777","-73.872","2023-01-24"
"549377","1980-02-04","F","true","false","usa","nashville","BNA","36.124","-86.678","2023-01-24"
"549389","2005-09-25","F","false","true","usa","phoenix","LUF","33.535","-112.383","2023-01-24"
"549390","1998-09-14","F","false","true","usa","spokane","SKA","47.615","-117.656","2023-01-24"
"549450","1979-09-07","F","true","true","usa","richmond","RIC","37.505","-77.319","2023-01-24"
"549466","1976-04-22","F","true","false","usa","philadelphia","PNE","40.082","-75.011","2023-01-24"
"549472","2000-11-07","F","false","false","canada","hamilton","YHM","43.173","-79.935","2023-01-24"
"549482","1981-09-11","F","false","false","canada","vancouver","YVR","49.195","-123.182","2023-01-24"
"549515","1980-07-06","F","false","true","canada","ottawa","YOW","45.323","-75.669","2023-01-24"
"549569","1975-09-22","F","true","false","usa","minneapolis","MSP","44.88","-93.217","2023-01-24"
"549572","1969-07-05","F","false","true","usa","new york","LGA","40.777","-73.872","2023-01-24"
"549579","1981-04-20","F","false","false","usa","st. louis","STL","38.748","-90.36","2023-01-24"
"549580","1977-03-26","F","true","false","usa","dallas","DAL","32.847","-96.852","2023-01-24"
"549584","1980-07-11","F","true","false","usa","san francisco","SFO","37.619","-122.375","2023-01-24"
"549608","1965-04-27","F","true","true","usa","columbus","LCK","39.814","-82.928","2023-01-24"
"549611","1976-05-25","F","false","false","usa","new york","JFK","40.64","-73.779","2023-01-24"
"549623","1985-06-16","M","false","true","usa","louisville","LOU","38.228","-85.664","2023-01-24"
"549631","1974-05-20","F","true","true","usa","las vegas","LAS","36.08","-115.152","2023-01-24"
"549710","1985-11-26","F","true","true","usa","los angeles","LAX","33.942","-118.408","2023-01-24"
"549714","1967-07-12","M","true","true","canada","montreal","YUL","45.468","-73.741","2023-01-24"
"549733","1989-02-07","M","false","false","usa","chicago","ORD","41.979","-87.904","2023-01-24"
"549746","1980-06-24","F","false","false","canada","montreal","YHU","45.517","-73.417","2023-01-24"
"549759","1957-01-05","F","true","false","canada","montreal","YHU","45.517","-73.417","2023-01-24"
"549764","1985-08-18","F","false","false","usa","new york","JFK","40.64","-73.779","2023-01-24"
"549777","1994-08-14","F","true","true","canada","edmonton","YXD","53.573","-113.521","2023-01-24"
"549797","1987-12-13","F","false","true","usa","philadelphia","PNE","40.082","-75.011","2023-01-24"
"549800","1984-04-22","F","true","true","usa","knoxville","TYS","35.812","-83.993","2023-01-24"
"549850","1974-03-23","F","false","false","canada","winnipeg","YAV","50.056","-97.032","2023-01-24"
"549894","1975-04-05","F","true","true","usa","denver","DEN","39.858","-104.667","2023-01-24"
"549938","1985-10-13","F","false","false","usa","los angeles","LAX","33.942","-118.408","2023-01-24"
"549988","1973-12-16","F","true","false","usa","los angeles","LAX","33.942","-118.408","2023-01-24"
"549992","1990-07-06","F","false","false","canada","halifax","YHZ","44.881","-63.509","2023-01-24"
"550017","1984-11-07","F","false","false","usa","los angeles","LAX","33.942","-118.408","2023-01-24"
"550019","1991-08-22","F","false","false","usa","richmond","RIC","37.505","-77.319","2023-01-24"
"550022","2001-05-09","F","false","false","canada","edmonton","YXD","53.573","-113.521","2023-01-24"
"550028","1955-01-12","M","false","false","canada","montreal","YHU","45.517","-73.417","2023-01-24"
"550068","1984-11-18","F","false","true","usa","memphis","MEM","35.042","-89.977","2023-01-24"
"550071","1985-11-01","M","false","false","usa","burlington","BTV","44.472","-73.153","2023-01-24"
"550077","1972-11-16","M","true","false","canada","montreal","YUL","45.468","-73.741","2023-01-24"
"550105","1989-12-28","F","false","false","usa","mobile","MOB","30.691","-88.243","2023-01-24"
"550110","1969-11-07","F","true","false","canada","halifax","YHZ","44.881","-63.509","2023-01-24"
"550134","1979-09-23","F","true","false","usa","fresno","FAT","36.776","-119.718","2023-01-24"
"550193","1963-12-23","F","true","true","usa","riverside","RIV","33.881","-117.259","2023-01-24"
"550200","1980-07-15","F","true","true","usa","corpus christi","CRP","27.77","-97.501","2023-01-24"
"550202","1996-04-08","F","false","false","canada","calgary","YYC","51.114","-114.02","2023-01-24"
"550221","1985-08-07","F","true","false","usa","austin","AUS","30.194","-97.67","2023-01-24"
"550222","1989-07-11","F","false","false","usa","indianapolis","IND","39.717","-86.294","2023-01-24"
"550229","1986-05-11","F","false","false","canada","edmonton","YEG","53.31","-113.58","2023-01-24"
"550233","1984-05-11","F","false","false","usa","fayetteville","POB","35.171","-79.014","2023-01-24"
"550298","2000-05-02","F","false","false","usa","las vegas","LSV","36.236","-115.034","2023-01-24"
"550300","1971-10-07","F","true","false","usa","dallas","DAL","32.847","-96.852","2023-01-24"
"550317","1980-12-22","F","true","true","canada","toronto","YZD","43.742","-79.466","2023-01-24"
"550400","1951-06-09","F","true","false","usa","new york","JFK","40.64","-73.779","2023-01-24"
"550421","1979-02-20","F","true","false","usa","orlando","MCO","28.429","-81.316","2023-01-24"
"550426","1974-08-01","F","true","true","canada","windsor","YQG","42.276","-82.956","2023-01-24"
"550442","1996-08-20","F","false","false","usa","new york","JFK","40.64","-73.779","2023-01-24"
"550455","1973-01-27","F","true","true","usa","jacksonville","NZC","30.219","-81.876","2023-01-24"
"550459","1980-06-27","F","false","false","usa","tulsa","TUL","36.198","-95.888","2023-01-24"
"550460","1979-01-21","F","false","false","usa","las vegas","LAS","36.08","-115.152","2023-01-24"
"550482","2002-04-12","F","false","true","canada","windsor","YQG","42.276","-82.956","2023-01-24"
"550506","1983-11-12","F","true","true","usa","montgomery","MXF","32.379","-86.362","2023-01-24"
"550514","1986-04-06","F","true","true","usa","montgomery","MXF","32.379","-86.362","2023-01-24"
"550572","1966-02-08","F","true","true","usa","new york","LGA","40.777","-73.872","2023-01-24"
"550579","1977-12-25","F","true","true","usa","portland","PDX","45.589","-122.597","2023-01-24"
"550599","1970-04-23","F","true","true","usa","mobile","BFM","30.626","-88.068","2023-01-24"
"550627","1952-12-27","F","true","false","usa","philadelphia","PNE","40.082","-75.011","2023-01-24"
"550703","1955-07-06","F","true","false","usa","san jose","SJC","37.362","-121.929","2023-01-24"
"550711","2006-10-11","F","false","false","usa","new york","LGA","40.777","-73.872","2023-01-24"
"550752","1975-01-19","F","true","true","usa","charlotte","CLT","35.214","-80.943","2023-01-24"
"550754","1971-12-02","F","true","true","usa","tulsa","TUL","36.198","-95.888","2023-01-24"
"550796","1990-02-26","F","false","true","usa","san diego","NZY","32.699","-117.215","2023-01-24"
"550804","1977-08-10","M","true","true","usa","dallas","DAL","32.847","-96.852","2023-01-24"
"550805","1983-12-07","F","false","false","usa","san francisco","SFO","37.619","-122.375","2023-01-24"
"550830","1946-05-11","F","true","false","usa","atlanta","ATL","33.64","-84.427","2023-01-25"
"550868","1976-06-13","F","true","false","usa","jacksonville","NIP","30.236","-81.681","2023-01-25"
"550871","1976-04-22","F","true","true","usa","san antonio","RND","29.529","-98.279","2023-01-25"
"550887","2006-11-20","F","false","true","usa","new york","LGA","40.777","-73.872","2023-01-25"
"550904","1977-04-13","F","true","false","usa","new york","JFK","40.64","-73.779","2023-01-25"
"550973","1980-10-13","F","false","false","usa","detroit","YIP","42.238","-83.53","2023-01-25"
"550985","1976-10-27","F","false","false","usa","laredo","LRD","27.544","-99.461","2023-01-25"
"551023","1967-09-02","F","false","false","usa","denver","DEN","39.858","-104.667","2023-01-25"
"551032","1988-06-18","F","false","false","usa","new york","JFK","40.64","-73.779","2023-01-25"
"551042","1978-10-14","F","true","false","usa","los angeles","LAX","33.942","-118.408","2023-01-25"
"551051","1975-09-15","F","false","true","canada","london","YXU","43.036","-81.154","2023-01-25"
"551088","1977-11-22","F","false","false","usa","san jose","SJC","37.362","-121.929","2023-01-25"
"551116","1984-08-09","F","false","false","canada","ottawa","YOW","45.323","-75.669","2023-01-25"
"551166","1992-10-03","F","true","false","usa","los angeles","LAX","33.942","-118.408","2023-01-25"
"551210","2006-10-21","F","false","true","usa","newport news","PHF","37.132","-76.493","2023-01-25"
"551211","1995-10-12","F","true","true","usa","tulsa","TUL","36.198","-95.888","2023-01-25"
"551217","1986-07-03","F","false","false","usa","dallas","DAL","32.847","-96.852","2023-01-25"
"551237","1980-12-17","F","false","false","usa","tulsa","TUL","36.198","-95.888","2023-01-25"
"551241","1995-05-02","M","false","false","usa","los angeles","LAX","33.942","-118.408","2023-01-25"
"551245","1999-09-05","F","true","true","usa","los angeles","LAX","33.942","-118.408","2023-01-25"
"551278","1982-10-12","F","true","false","usa","austin","AUS","30.194","-97.67","2023-01-25"
"551282","1969-07-11","F","true","false","usa","oakland","OAK","37.721","-122.221","2023-01-25"
"551331","1974-08-09","F","true","true","canada","winnipeg","YWG","49.91","-97.234","2023-01-25"
"551340","1988-09-05","F","true","false","usa","portland","PWM","43.646","-70.309","2023-01-25"
"551359","1979-01-06","F","false","false","usa","denver","DEN","39.858","-104.667","2023-01-25"
"551430","1980-10-03","F","false","true","canada","vancouver","YVR","49.195","-123.182","2023-01-25"
"551431","2002-03-28","F","false","false","usa","san diego","SAN","32.733","-117.189","2023-01-25"
"551448","1976-12-15","F","true","false","usa","grand rapids","GRR","42.881","-85.523","2023-01-25"
"551468","1972-05-19","F","false","false","usa","oakland","OAK","37.721","-122.221","2023-01-25"
"551473","1945-11-11","F","true","false","usa","austin","AUS","30.194","-97.67","2023-01-25"
"551486","2006-05-09","F","false","true","usa","chicago","ORD","41.979","-87.904","2023-01-25"
"551488","1988-05-02","F","false","false","usa","st. louis","STL","38.748","-90.36","2023-01-25"
"551501","1957-07-13","F","true","false","usa","shreveport","BAD","32.502","-93.663","2023-01-25"
"551549","1965-09-09","F","false","true","canada","toronto","YTZ","43.627","-79.396","2023-01-25"
"551560","1987-08-19","F","false","true","usa","minneapolis","MSP","44.88","-93.217","2023-01-25"
"551567","1973-09-25","F","true","false","usa","los angeles","LAX","33.942","-118.408","2023-01-25"
"551576","2006-06-21","F","false","false","usa","tallahassee","TLH","30.396","-84.35","2023-01-25"
"551600","2006-06-10","F","false","false","usa","boston","BOS","42.364","-71.005","2023-01-25"
"551615","1994-06-14","F","true","false","usa","omaha","OFF","41.118","-95.913","2023-01-25"
"551620","1994-08-06","F","false","false","usa","chicago","UGN","42.422","-87.868","2023-01-25"
"551622","1966-05-26","M","true","false","usa","san antonio","SKF","29.384","-98.581","2023-01-25"
"551627","1991-09-24","F","false","false","usa","providence","PVD","41.724","-71.428","2023-01-25"
"551662","1978-06-20","F","false","false","usa","san diego","SAN","32.733","-117.189","2023-01-25"
"551665","1969-01-26","F","false","true","usa","fort worth","FTW","32.82","-97.362","2023-01-25"
"551671","1999-10-06","F","false","true","canada","winnipeg","YAV","50.056","-97.032","2023-01-25"
"551681","1993-01-02","F","false","false","canada","edmonton","YXD","53.573","-113.521","2023-01-25"
"551685","1957-07-19","M","true","false","usa","san antonio","RND","29.529","-98.279","2023-01-25"
"551718","1990-10-10","F","false","true","usa","baltimore","BWI","39.175","-76.668","2023-01-25"
"551729","2006-10-26","F","false","false","canada","vancouver","YVR","49.195","-123.182","2023-01-25"
"551804","1979-02-12","M","true","false","usa","san antonio","SAT","29.534","-98.47","2023-01-25"
"551834","1969-02-15","F","true","false","usa","cleveland","CLE","41.412","-81.85","2023-01-25"
"551847","1987-07-07","F","true","false","usa","washington","DCA","38.852","-77.037","2023-01-25"
"551890","1991-11-19","F","false","false","canada","saskatoon","YXE","52.171","-106.7","2023-01-25"
"551908","2001-04-19","F","false","false","usa","shreveport","BAD","32.502","-93.663","2023-01-25"
"551914","1973-04-12","F","false","false","canada","calgary","YYC","51.114","-114.02","2023-01-25"
"551935","1954-12-06","F","true","false","usa","fort worth","FTW","32.82","-97.362","2023-01-25"
"551963","1986-08-15","F","false","false","usa","fort worth","FTW","32.82","-97.362","2023-01-25"
"551967","1983-08-14","F","true","false","usa","omaha","OFF","41.118","-95.913","2023-01-25"
"551978","2006-12-22","F","false","true","usa","houston","HOU","29.645","-95.279","2023-01-25"
"551990","2006-04-18","F","false","false","usa","washington","IAD","38.944","-77.456","2023-01-25"
"552036","1969-08-01","F","true","true","canada","montreal","YMX","45.68","-74.039","2023-01-25"
"552088","1994-10-12","F","false","false","usa","kansas city","MCI","39.297","-94.714","2023-01-25"
"552165","1967-07-16","F","true","true","usa","bakersfield","BFL","35.433","-119.057","2023-01-25"
"552172","1969-12-06","F","true","true","usa","las vegas","LSV","36.236","-115.034","2023-01-25"
"552192","1986-01-20","F","false","false","usa","los angeles","LAX","33.942","-118.408","2023-01-25"
"552209","1972-09-28","F","false","false","usa","indianapolis","IND","39.717","-86.294","2023-01-25"
"552302","1999-09-28","F","false","false","usa","los angeles","LAX","33.942","-118.408","2023-01-25"
"552303","1968-05-03","F","true","false","usa","oklahoma city","OKC","35.393","-97.601","2023-01-25"
"552313","1979-01-19","F","false","false","usa","los angeles","LAX","33.942","-118.408","2023-01-25"
"552314","1971-08-10","F","true","true","usa","san diego","SAN","32.733","-117.189","2023-01-25"
"552345","1982-12-05","M","true","true","usa","san jose","SJC","37.362","-121.929","2023-01-25"
"552348","1966-09-04","F","true","false","usa","phoenix","LUF","33.535","-112.383","2023-01-25"
"552363","1992-03-15","F","true","false","canada","saskatoon","YXE","52.171","-106.7","2023-01-25"
"552364","1987-05-14","F","true","true","usa","omaha","OMA","41.302","-95.894","2023-01-25"
"552366","1984-12-11","F","false","false","usa","reno","RNO","39.498","-119.768","2023-01-25"
"552372","1974-11-09","F","true","false","canada","ottawa","YOW","45.323","-75.669","2023-01-25"
"552384","1965-08-23","F","false","false","usa","new york","LGA","40.777","-73.872","2023-01-25"
"552414","1992-03-13","F","false","false","usa","las vegas","LSV","36.236","-115.034","2023-01-25"
"552432","1975-08-12","F","true","false","usa","new york","JFK","40.64","-73.779","2023-01-25"
"552440","1968-01-24","F","true","true","usa","san jose","SJC","37.362","-121.929","2023-01-25"
"552473","1985-03-23","F","false","false","canada","montreal","YUL","45.468","-73.741","2023-01-25"
"552487","1973-12-18","F","true","false","usa","new orleans","NBG","29.825","-90.035","2023-01-25"
"552506","1974-07-10","F","true","false","canada","winnipeg","YAV","50.056","-97.032","2023-01-25"
"552532","1970-07-05","F","true","true","usa","los angeles","LAX","33.942","-118.408","2023-01-25"
"552535","1974-09-06","F","true","false","usa","new york","LGA","40.777","-73.872","2023-01-25"
"552558","1971-10-18","F","true","true","canada","vancouver","YVR","49.195","-123.182","2023-01-25"
"552573","1988-06-17","M","true","true","usa","st. petersburg","PIE","27.911","-82.687","2023-01-25"
"552597","1996-03-20","F","false","false","usa","los angeles","LAX","33.942","-118.408","2023-01-25"
"552598","1971-04-11","F","true","true","usa","san diego","SAN","32.733","-117.189","2023-01-25"
"552613","1980-09-18","F","false","true","usa","philadelphia","PNE","40.082","-75.011","2023-01-25"
"552623","2006-07-21","F","false","true","usa","austin","AUS","30.194","-97.67","2023-01-25"
"552642","1980-10-23","F","true","false","usa","phoenix","LUF","33.535","-112.383","2023-01-25"
"552643","1978-10-13","F","true","true","canada","saskatoon","YXE","52.171","-106.7","2023-01-25"
"552649","1997-04-26","F","false","false","usa","philadelphia","PNE","40.082","-75.011","2023-01-25"
"552653","1965-01-25","F","true","false","usa","philadelphia","PHL","39.872","-75.241","2023-01-25"
"552661","1993-10-19","F","false","false","usa","dallas","DAL","32.847","-96.852","2023-01-25"
"552726","1964-02-08","F","true","true","canada","victoria","YYJ","48.647","-123.426","2023-01-25"
"552732","1979-11-23","F","false","false","canada","vancouver","YVR","49.195","-123.182","2023-01-25"
"552734","1972-04-01","F","false","true","usa","nashville","BNA","36.124","-86.678","2023-01-25"
"552760","1971-08-05","F","true","false","usa","new york","LGA","40.777","-73.872","2023-01-25"
"552763","1980-12-16","M","true","false","usa","omaha","OMA","41.302","-95.894","2023-01-25"
"552775","2003-02-25","F","false","false","canada","calgary","YYC","51.114","-114.02","2023-01-25"
"552809","1990-07-19","F","false","false","usa","nashville","BNA","36.124","-86.678","2023-01-25"
"552861","1978-11-28","F","true","false","usa","new york","LGA","40.777","-73.872","2023-01-25"
"552904","1976-03-06","F","false","true","usa","new york","JFK","40.64","-73.779","2023-01-26"
"552929","1993-12-11","F","false","false","usa","memphis","MEM","35.042","-89.977","2023-01-26"
"552944","1971-09-11","M","false","false","usa","atlanta","ATL","33.64","-84.427","2023-01-26"
"552945","1979-07-11","F","false","false","usa","cleveland","CLE","41.412","-81.85","2023-01-26"
"553017","1980-12-24","F","false","false","usa","san jose","SJC","37.362","-121.929","2023-01-26"
"553054","1998-11-22","M","false","false","usa","new york","LGA","40.777","-73.872","2023-01-26"
"553139","1983-03-14","F","false","false","usa","st. louis","STL","38.748","-90.36","2023-01-26"
"553151","1977-04-27","F","true","true","usa","omaha","OFF","41.118","-95.913","2023-01-26"
"553208","1999-06-06","F","false","false","usa","richmond","RIC","37.505","-77.319","2023-01-26"
"553219","1975-12-06","F","true","false","usa","washington","IAD","38.944","-77.456","2023-01-26"
"553220","1966-04-19","F","false","true","usa","bakersfield","BFL","35.433","-119.057","2023-01-26"
"553231","1975-09-20","F","true","true","usa","milwaukee","MKE","42.947","-87.896","2023-01-26"
"553245","1997-12-28","M","false","true","usa","norfolk","ORF","36.894","-76.201","2023-01-26"
"553339","1981-02-09","F","false","false","usa","riverside","RIV","33.881","-117.259","2023-01-26"
"553361","1982-04-04","F","true","false","usa","memphis","MEM","35.042","-89.977","2023-01-26"
"553456","1980-12-22","M","false","false","usa","nashville","BNA","36.124","-86.678","2023-01-26"
"553533","1982-10-07","F","false","true","usa","rochester","ROC","43.119","-77.672","2023-01-26"
"553559","2003-05-18","F","false","true","usa","los angeles","LAX","33.942","-118.408","2023-01-26"
"553568","1981-06-05","F","false","true","usa","los angeles","LAX","33.942","-118.408","2023-01-26"
"553607","1972-03-24","F","true","true","usa","omaha","OFF","41.118","-95.913","2023-01-26"
"553631","1964-12-16","F","true","false","usa","denver","DEN","39.858","-104.667","2023-01-26"
"553633","1955-10-10","F","false","false","usa","birmingham","BHM","33.563","-86.753","2023-01-26"
"553645","1970-09-22","F","true","false","usa","cleveland","CLE","41.412","-81.85","2023-01-26"
"553664","1971-09-11","F","false","false","canada","ottawa","YOW","45.323","-75.669","2023-01-26"
"553690","1956-04-26","F","true","false","usa","los angeles","LAX","33.942","-118.408","2023-01-26"
"553704","1999-08-02","F","false","false","usa","los angeles","LAX","33.942","-118.408","2023-01-26"
"553743","2006-01-28","F","false","true","usa","dallas","DAL","32.847","-96.852","2023-01-26"
"553751","1981-10-24","F","false","false","usa","new york","LGA","40.777","-73.872","2023-01-26"
"553754","1975-11-10","F","true","true","usa","shreveport","SHV","32.446","-93.826","2023-01-26"
"553773","1976-03-19","F","true","true","usa","fort worth","FTW","32.82","-97.362","2023-01-26"
"553783","1990-04-28","F","false","false","usa","los angeles","LAX","33.942","-118.408","2023-01-26"
"553791","1990-04-13","F","false","true","usa","new york","JFK","40.64","-73.779","2023-01-26"
"553805","1974-04-27","F","true","true","usa","minneapolis","MSP","44.88","-93.217","2023-01-26"
"553876","1993-01-06","M","false","false","usa","winston-salem","INT","36.134","-80.222","2023-01-26"
"553901","1968-10-05","F","true","true","usa","omaha","OMA","41.302","-95.894","2023-01-26"
"553904","2004-01-14","F","false","false","canada","montreal","YUL","45.468","-73.741","2023-01-26"
"553938","1980-01-19","F","false","false","usa","oakland","OAK","37.721","-122.221","2023-01-26"
"553943","1977-01-18","F","false","false","usa","tucson","DMA","32.166","-110.883","2023-01-26"
"553955","1975-05-07","F","true","false","usa","san antonio","RND","29.529","-98.279","2023-01-26"
"553967","1983-06-24","F","false","true","usa","phoenix","LUF","33.535","-112.383","2023-01-26"
"553984","1975-11-01","F","true","false","usa","san antonio","SKF","29.384","-98.581","2023-01-26"
"553985","1987-08-12","F","false","false","usa","san jose","SJC","37.362","-121.929","2023-01-26"
"554026","1969-09-01","F","true","true","usa","los angeles","LAX","33.942","-118.408","2023-01-26"
"554079","1986-07-22","F","false","false","usa","san diego","SAN","32.733","-117.189","2023-01-26"
"554141","1984-10-05","F","true","false","usa","new york","JFK","40.64","-73.779","2023-01-26"
"554155","1980-10-05","F","false","false","canada","gatineau","YND","45.521","-75.564","2023-01-26"
"554163","1985-09-06","F","false","true","usa","tucson","DMA","32.166","-110.883","2023-01-26"
"554175","1978-01-03","F","true","false","usa","tallahassee","TLH","30.396","-84.35","2023-01-26"
"554202","2006-05-21","F","false","false","usa","new york","LGA","40.777","-73.872","2023-01-26"
"554213","1994-08-07","F","false","false","usa","memphis","MEM","35.042","-89.977","2023-01-26"
"554217","1999-07-12","F","false","false","usa","boston","BOS","42.364","-71.005","2023-01-26"
"554269","1976-05-26","F","true","true","usa","san diego","SAN","32.733","-117.189","2023-01-26"
"554284","1988-09-18","F","true","true","usa","san antonio","SAT","29.534","-98.47","2023-01-26"
"554289","2002-08-17","F","false","false","usa","newark","EWR","40.692","-74.169","2023-01-26"
"554299","1955-11-19","F","true","false","usa","santa ana","SNA","33.676","-117.868","2023-01-26"
"554357","1961-07-22","M","true","false","usa","st. louis","STL","38.748","-90.36","2023-01-26"
"554413","1981-10-10","F","false","true","usa","santa ana","SNA","33.676","-117.868","2023-01-26"
"554444","1989-11-20","F","false","false","usa","fort worth","FTW","32.82","-97.362","2023-01-26"
"554450","1999-05-17","F","false","false","usa","boston","BOS","42.364","-71.005","2023-01-26"
"554507","1989-04-26","F","true","false","usa","norfolk","ORF","36.894","-76.201","2023-01-26"
"554532","1985-05-27","F","false","false","canada","vancouver","YVR","49.195","-123.182","2023-01-26"
"554560","2004-04-05","F","false","false","canada","calgary","YYC","51.114","-114.02","2023-01-26"
"554609","1981-09-13","F","false","false","usa","baltimore","BWI","39.175","-76.668","2023-01-26"
"554632","2006-08-04","F","false","false","usa","san antonio","RND","29.529","-98.279","2023-01-26"
"554670","1970-03-04","F","true","false","usa","austin","AUS","30.194","-97.67","2023-01-26"
"554681","2000-05-10","F","true","true","usa","columbus","CMH","39.998","-82.892","2023-01-26"
"554724","2003-01-06","F","false","false","usa","norfolk","ORF","36.894","-76.201","2023-01-26"
"554753","1984-05-27","F","false","true","usa","wichita","IAB","37.623","-97.267","2023-01-26"
"554801","1972-04-01","F","false","false","canada","toronto","YYZ","43.677","-79.631","2023-01-26"
"554853","1983-07-04","F","false","false","usa","new york","LGA","40.777","-73.872","2023-01-26"
"554866","2004-11-13","F","false","false","usa","akron","AKR","41.038","-81.467","2023-01-26"
"554885","1986-09-14","F","false","false","usa","phoenix","LUF","33.535","-112.383","2023-01-26"
"554922","1984-04-18","F","true","false","usa","winston-salem","INT","36.134","-80.222","2023-01-26"
"554939","2000-01-08","F","false","false","usa","phoenix","PHX","33.434","-112.008","2023-01-26"
"554949","1998-03-18","F","false","true","usa","new york","LGA","40.777","-73.872","2023-01-26"
"554956","1987-06-07","M","false","false","usa","houston","HOU","29.645","-95.279","2023-01-26"
"554961","1979-06-10","F","true","false","usa","des moines","DSM","41.534","-93.663","2023-01-26"
"555030","2000-04-24","F","false","false","usa","long beach","LGB","33.818","-118.151","2023-01-26"
"555058","2006-07-03","F","false","false","usa","new york","JFK","40.64","-73.779","2023-01-26"
"555075","2006-01-19","F","false","false","usa","memphis","MEM","35.042","-89.977","2023-01-26"
"555083","1965-06-16","F","true","true","usa","louisville","LOU","38.228","-85.664","2023-01-26"
"555108","1985-04-09","F","false","false","usa","fort worth","FTW","32.82","-97.362","2023-01-26"
"555135","1973-12-12","F","false","false","usa","houston","EFD","29.607","-95.159","2023-01-26"
"555147","2006-12-07","F","false","false","usa","denver","DEN","39.858","-104.667","2023-01-26"
"555151","1987-09-09","F","false","false","usa","baton rouge","BTR","30.533","-91.149","2023-01-26"
"555180","1979-10-10","F","true","true","usa","houston","IAH","29.98","-95.34","2023-01-27"
"555186","1984-09-25","F","false","true","usa","portland","PDX","45.589","-122.597","2023-01-27"
"555187","1960-07-21","F","true","false","usa","winston-salem","INT","36.134","-80.222","2023-01-27"
"555191","1970-06-05","F","true","false","usa","new orleans","NBG","29.825","-90.035","2023-01-27"
"555193","1974-02-04","M","true","true","usa","jacksonville","JAX","30.494","-81.688","2023-01-27"
"555203","1960-06-04","F","false","false","usa","boston","BOS","42.364","-71.005","2023-01-27"
"555206","1979-12-24","F","true","false","usa","riverside","RIV","33.881","-117.259","2023-01-27"
"555250","1996-12-13","F","false","false","usa","san diego","NZY","32.699","-117.215","2023-01-27"
"555257","1996-03-15","F","false","true","usa","new york","JFK","40.64","-73.779","2023-01-27"
"555275","1964-09-11","F","false","false","usa","chicago","UGN","42.422","-87.868","2023-01-27"
"555277","1965-04-02","F","true","true","usa","oakland","OAK","37.721","-122.221","2023-01-27"
"555299","1971-09-20","F","true","false","usa","omaha","OMA","41.302","-95.894","2023-01-27"
"555301","1978-10-13","F","true","true","usa","des moines","DSM","41.534","-93.663","2023-01-27"
"555310","1985-04-10","M","true","false","canada","toronto","YYZ","43.677","-79.631","2023-01-27"
"555326","1973-03-15","M","false","false","usa","atlanta","ATL","33.64","-84.427","2023-01-27"
"555334","1998-02-07","F","false","false","usa","new orleans","MSY","29.993","-90.258","2023-01-27"
"555418","1948-07-03","F","true","false","usa","jacksonville","JAX","30.494","-81.688","2023-01-27"
"555428","1970-08-22","F","true","true","usa","new york","LGA","40.777","-73.872","2023-01-27"
"555478","1994-05-14","F","false","false","usa","new york","LGA","40.777","-73.872","2023-01-27"
"555484","1984-08-16","F","false","false","usa","el paso","BIF","31.849","-106.38","2023-01-27"
"555492","1973-08-05","F","false","false","usa","atlanta","ATL","33.64","-84.427","2023-01-27"
"555499","1981-01-23","F","true","true","canada","montreal","YMX","45.68","-74.039","2023-01-27"
"555521","1974-08-09","F","true","false","usa","tulsa","TUL","36.198","-95.888","2023-01-27"
"555563","1974-05-08","F","true","true","usa","stockton","SCK","37.894","-121.239","2023-01-27"
"555587","1988-02-14","F","true","false","usa","miami","OPF","25.907","-80.278","2023-01-27"
"555600","1981-01-14","F","true","false","usa","nashville","BNA","36.124","-86.678","2023-01-27"
"555648","1983-05-21","M","false","false","usa","austin","AUS","30.194","-97.67","2023-01-27"
"555656","1993-06-04","F","false","false","usa","new york","JFK","40.64","-73.779","2023-01-27"
"555698","1972-08-19","M","false","false","usa","new york","LGA","40.777","-73.872","2023-01-27"
"555710","1977-01-14","F","true","false","canada","toronto","YZD","43.742","-79.466","2023-01-27"
"555712","1954-01-12","F","true","false","usa","fresno","FAT","36.776","-119.718","2023-01-27"
"555751","1984-05-12","F","true","false","canada","toronto","YZD","43.742","-79.466","2023-01-27"
"555770","1978-10-06","F","true","true","usa","boston","BOS","42.364","-71.005","2023-01-27"
"555773","2001-10-19","F","false","false","usa","minneapolis","MSP","44.88","-93.217","2023-01-27"
"555782","1967-11-07","F","true","true","usa","jacksonville","NZC","30.219","-81.876","2023-01-27"
"555784","1989-04-09","M","true","true","usa","oklahoma city","TIK","35.415","-97.386","2023-01-27"
"555796","1969-05-26","F","true","false","usa","houston","HOU","29.645","-95.279","2023-01-27"
"555818","2000-08-01","F","false","false","usa","cleveland","CLE","41.412","-81.85","2023-01-27"
"555850","1974-03-09","F","true","true","usa","memphis","MEM","35.042","-89.977","2023-01-27"
"555852","1978-09-18","F","true","false","usa","dallas","DAL","32.847","-96.852","2023-01-27"
"555894","1977-11-12","F","true","false","usa","birmingham","BHM","33.563","-86.753","2023-01-27"
"555934","1989-01-17","M","false","false","canada","quebec","YQB","46.788","-71.398","2023-01-27"
"555960","1955-07-18","F","true","false","usa","colorado springs","COS","38.806","-104.7","2023-01-27"
"555990","1949-11-23","F","true","false","usa","san francisco","SFO","37.619","-122.375","2023-01-27"
"555997","1982-06-08","F","false","false","canada","montreal","YUL","45.468","-73.741","2023-01-27"
"556015","1970-03-10","F","false","false","canada","toronto","YYZ","43.677","-79.631","2023-01-27"
"556019","1966-08-28","F","true","false","usa","indianapolis","IND","39.717","-86.294","2023-01-27"
"556043","2006-01-21","F","false","false","usa","fort worth","FTW","32.82","-97.362","2023-01-27"
"556052","1987-05-14","F","false","false","canada","edmonton","YXD","53.573","-113.521","2023-01-27"
"556067","1984-04-20","F","true","true","canada","toronto","YZD","43.742","-79.466","2023-01-27"
"556111","1974-07-01","M","false","true","usa","san antonio","RND","29.529","-98.279","2023-01-27"
"556119","1983-07-27","F","false","false","usa","salt lake city","SLC","40.788","-111.978","2023-01-27"
"556127","1989-09-18","F","false","false","usa","los angeles","LAX","33.942","-118.408","2023-01-27"
"556138","1987-03-21","F","false","false","usa","tulsa","TUL","36.198","-95.888","2023-01-27"
"556199","2006-06-09","M","false","true","usa","detroit","YIP","42.238","-83.53","2023-01-27"
"556214","1976-11-01","F","false","false","usa","houston","HOU","29.645","-95.279","2023-01-27"
"556215","1966-12-12","F","false","false","usa","houston","IAH","29.98","-95.34","2023-01-27"
"556268","1976-05-08","F","false","false","usa","colorado springs","COS","38.806","-104.7","2023-01-27"
"556274","2006-07-26","M","false","false","usa","bakersfield","BFL","35.433","-119.057","2023-01-27"
"556314","1984-10-25","F","true","false","usa","baton rouge","BTR","30.533","-91.149","2023-01-27"
"556347","1982-10-19","F","false","false","usa","los angeles","LAX","33.942","-118.408","2023-01-27"
"556391","1980-12-03","F","true","true","usa","chicago","ORD","41.979","-87.904","2023-01-27"
"556395","2006-01-05","F","false","false","canada","edmonton","YED","53.667","-113.467","2023-01-27"
"556417","1994-01-16","M","true","true","usa","dallas","DAL","32.847","-96.852","2023-01-27"
"556533","1981-08-15","F","true","true","usa","winston-salem","INT","36.134","-80.222","2023-01-27"
"556579","1976-06-15","F","true","false","usa","long beach","LGB","33.818","-118.151","2023-01-27"
"556621","1966-12-19","F","false","false","canada","toronto","YKZ","43.862","-79.37","2023-01-27"
"556622","1971-01-27","F","true","false","usa","los angeles","LAX","33.942","-118.408","2023-01-27"
"556623","1984-10-15","F","true","false","usa","newark","EWR","40.692","-74.169","2023-01-27"
"556647","1978-03-17","F","false","false","canada","ottawa","YOW","45.323","-75.669","2023-01-27"
"556673","1958-02-14","F","true","false","usa","houston","IAH","29.98","-95.34","2023-01-27"
"556714","1985-11-11","F","false","false","usa","memphis","MEM","35.042","-89.977","2023-01-27"
"556744","1977-11-25","F","false","false","usa","dallas","DAL","32.847","-96.852","2023-01-27"
"556824","1980-12-07","F","false","false","usa","new york","JFK","40.64","-73.779","2023-01-27"
"556827","1959-06-01","F","true","false","usa","phoenix","PHX","33.434","-112.008","2023-01-27"
"556830","1973-01-08","F","true","false","usa","new york","JFK","40.64","-73.779","2023-01-27"
"556841","1990-03-18","F","false","true","canada","toronto","YKZ","43.862","-79.37","2023-01-27"
"556887","1976-09-13","F","true","true","usa","phoenix","PHX","33.434","-112.008","2023-01-27"
"556900","2006-04-08","F","false","false","usa","new york","JFK","40.64","-73.779","2023-01-27"
"556904","1965-07-23","F","true","false","usa","los angeles","LAX","33.942","-118.408","2023-01-27"
"556906","1983-12-20","F","false","false","usa","portland","PDX","45.589","-122.597","2023-01-27"
"557005","1974-01-22","M","false","true","canada","hamilton","YHM","43.173","-79.935","2023-01-27"
"557010","2006-02-14","F","false","false","usa","salt lake city","SLC","40.788","-111.978","2023-01-27"
"557033","1967-12-21","F","true","false","usa","milwaukee","MKE","42.947","-87.896","2023-01-27"
"557036","1977-06-04","M","false","false","usa","columbus","CMH","39.998","-82.892","2023-01-27"
"557055","1975-05-23","F","false","false","usa","tulsa","TUL","36.198","-95.888","2023-01-27"
"557107","1979-07-20","F","false","false","canada","winnipeg","YWG","49.91","-97.234","2023-01-27"
"557108","1998-01-10","M","false","false","usa","houston","HOU","29.645","-95.279","2023-01-27"
"557118","1984-02-17","F","false","false","usa","dallas","DAL","32.847","-96.852","2023-01-28"
"557134","1967-05-02","F","true","false","usa","washington","IAD","38.944","-77.456","2023-01-28"
"557236","1970-05-18","F","true","false","usa","los angeles","LAX","33.942","-118.408","2023-01-28"
"557248","1988-04-16","F","false","false","usa","wichita","ICT","37.65","-97.433","2023-01-28"
"557262","1997-08-23","F","true","true","usa","los angeles","LAX","33.942","-118.408","2023-01-28"
"557282","1983-11-27","F","true","false","canada","toronto","YTZ","43.627","-79.396","2023-01-28"
"557298","1977-11-01","F","false","false","canada","calgary","YYC","51.114","-114.02","2023-01-28"
"557307","1975-11-04","O","true","true","usa","st. louis","STL","38.748","-90.36","2023-01-28"
"557314","1977-07-21","F","true","false","usa","houston","IAH","29.98","-95.34","2023-01-28"
"557343","1981-09-15","F","false","false","usa","new york","LGA","40.777","-73.872","2023-01-28"
"557402","1968-05-28","F","true","true","usa","los angeles","LAX","33.942","-118.408","2023-01-28"
"557449","1985-11-15","F","false","false","usa","san antonio","SAT","29.534","-98.47","2023-01-28"
"557476","1976-07-05","M","false","false","usa","seattle","SEA","47.449","-122.309","2023-01-28"
"557492","1998-07-21","M","false","true","usa","chicago","MDW","41.786","-87.752","2023-01-28"
"557496","1966-09-16","F","false","true","canada","toronto","YTZ","43.627","-79.396","2023-01-28"
"557508","1989-06-26","F","false","false","usa","san jose","SJC","37.362","-121.929","2023-01-28"
"557525","1981-12-22","M","false","true","canada","toronto","YYZ","43.677","-79.631","2023-01-28"
"557562","1985-07-11","F","true","false","usa","new york","JFK","40.64","-73.779","2023-01-28"
"557569","1984-06-20","F","true","true","usa","los angeles","LAX","33.942","-118.408","2023-01-28"
"557643","1978-03-07","F","false","false","canada","vancouver","YVR","49.195","-123.182","2023-01-28"
"557672","1990-04-13","F","false","false","usa","new york","JFK","40.64","-73.779","2023-01-28"
"557692","1981-09-23","F","false","true","usa","seattle","BFI","47.53","-122.302","2023-01-28"
"557726","1974-05-09","F","true","false","usa","des moines","DSM","41.534","-93.663","2023-01-28"
"557762","1954-11-16","F","false","false","usa","san diego","NZY","32.699","-117.215","2023-01-28"
"557794","1978-02-17","F","false","true","usa","new york","JFK","40.64","-73.779","2023-01-28"
"557799","1948-05-03","F","false","false","usa","dallas","DAL","32.847","-96.852","2023-01-28"
"557815","1975-05-14","F","true","false","usa","louisville","LOU","38.228","-85.664","2023-01-28"
"557834","2006-09-03","F","false","false","usa","los angeles","LAX","33.942","-118.408","2023-01-28"
"557851","1977-07-24","F","true","false","usa","philadelphia","PHL","39.872","-75.241","2023-01-28"
"557875","1968-08-19","F","true","true","canada","calgary","YYC","51.114","-114.02","2023-01-28"
"557876","1985-03-23","F","false","false","usa","grand rapids","GRR","42.881","-85.523","2023-01-28"
"557879","2006-01-15","F","false","false","usa","burlington","BTV","44.472","-73.153","2023-01-28"
"557887","1999-08-06","F","false","false","usa","detroit","YIP","42.238","-83.53","2023-01-28"
"557921","1981-11-27","F","true","false","usa","tucson","DMA","32.166","-110.883","2023-01-28"
"557932","1993-11-08","F","false","true","usa","new york","LGA","40.777","-73.872","2023-01-28"
"557956","1959-08-18","F","true","true","usa","shreveport","SHV","32.446","-93.826","2023-01-28"
"557957","1976-04-09","F","true","false","canada","montreal","YHU","45.517","-73.417","2023-01-28"
"557963","1978-04-22","F","true","false","usa","newport news","PHF","37.132","-76.493","2023-01-28"
"557986","2006-08-05","F","false","false","usa","san jose","SJC","37.362","-121.929","2023-01-28"
"557992","1965-08-21","F","true","false","usa","sacramento","SAC","38.513","-121.493","2023-01-28"
"558018","1976-01-11","F","true","false","usa","memphis","MEM","35.042","-89.977","2023-01-28"
"558019","1985-08-16","F","true","false","canada","london","YXU","43.036","-81.154","2023-01-28"
"558081","1974-04-02","M","true","false","usa","austin","AUS","30.194","-97.67","2023-01-28"
"558114","1976-01-21","F","true","false","usa","omaha","OFF","41.118","-95.913","2023-01-28"
"558138","1988-06-27","F","false","false","usa","dallas","DAL","32.847","-96.852","2023-01-28"
"558147","1949-02-03","F","true","false","usa","cleveland","CLE","41.412","-81.85","2023-01-28"
"558202","2006-08-17","F","false","false","usa","san diego","SAN","32.733","-117.189","2023-01-28"
"558204","1964-05-22","F","false","false","usa","denver","DEN","39.858","-104.667","2023-01-28"
"558251","1974-11-03","F","true","true","usa","san antonio","SAT","29.534","-98.47","2023-01-28"
"558270","1979-08-26","M","true","false","usa","denver","DEN","39.858","-104.667","2023-01-28"
"558277","1974-05-27","M","false","false","usa","houston","HOU","29.645","-95.279","2023-01-28"
"558294","1991-07-19","F","true","false","usa","memphis","MEM","35.042","-89.977","2023-01-28"
"558300","1984-09-19","F","false","true","usa","san diego","SAN","32.733","-117.189","2023-01-28"
"558362","1973-03-04","M","true","true","usa","new york","LGA","40.777","-73.872","2023-01-28"
"558388","1984-06-14","F","true","true","usa","houston","HOU","29.645","-95.279","2023-01-28"
"558394","1967-09-01","F","true","false","usa","memphis","MEM","35.042","-89.977","2023-01-28"
"558395","1988-06-03","F","false","true","usa","houston","IAH","29.98","-95.34","2023-01-28"
"558437","1980-02-09","F","true","true","usa","louisville","LOU","38.228","-85.664","2023-01-28"
"558466","1984-05-26","F","false","false","canada","ottawa","YOW","45.323","-75.669","2023-01-28"
"558489","1999-02-13","F","false","false","usa","new york","JFK","40.64","-73.779","2023-01-28"
"558506","1968-11-15","F","true","true","usa","new york","LGA","40.777","-73.872","2023-01-28"
"558513","1978-07-25","F","false","true","canada","quebec","YQB","46.788","-71.398","2023-01-28"
"558651","1979-07-03","F","true","true","usa","philadelphia","PNE","40.082","-75.011","2023-01-28"
"558659","1980-05-09","F","true","false","usa","winston-salem","INT","36.134","-80.222","2023-01-28"
"558682","1980-10-09","F","true","true","usa","laredo","LRD","27.544","-99.461","2023-01-28"
"558774","1979-07-11","F","true","false","canada","london","YXU","43.036","-81.154","2023-01-28"
"558786","1985-05-04","F","true","true","usa","houston","EFD","29.607","-95.159","2023-01-28"
"558838","1985-02-12","F","false","false","usa","orlando","ORL","28.545","-81.333","2023-01-28"
"558851","1990-09-17","F","true","false","usa","memphis","MEM","35.042","-89.977","2023-01-28"
"558852","1965-07-07","F","false","true","usa","austin","AUS","30.194","-97.67","2023-01-28"
"558919","2006-05-03","F","false","true","usa","orlando","MCO","28.429","-81.316","2023-01-28"
"558920","1979-08-07","F","false","false","usa","houston","IAH","29.98","-95.34","2023-01-28"
"558966","1980-03-22","F","true","true","usa","austin","AUS","30.194","-97.67","2023-01-28"
"558987","1977-02-24","M","false","false","canada","montreal","YMX","45.68","-74.039","2023-01-28"
"558988","1961-06-10","F","true","false","canada","calgary","YYC","51.114","-114.02","2023-01-28"
"559068","1987-03-10","F","true","false","canada","ottawa","YOW","45.323","-75.669","2023-01-28"
"559071","1984-01-06","F","false","true","usa","los angeles","LAX","33.942","-118.408","2023-01-28"
"559093","1981-03-28","M","true","false","usa","new york","LGA","40.777","-73.872","2023-01-28"
"559094","1972-02-21","F","true","true","canada","vancouver","YVR","49.195","-123.182","2023-01-28"
"559107","1973-06-08","M","true","true","usa","san antonio","SKF","29.384","-98.581","2023-01-28"
"559112","1980-04-12","F","false","true","canada","toronto","YTZ","43.627","-79.396","2023-01-28"
"559146","1989-07-25","F","true","true","canada","montreal","YHU","45.517","-73.417","2023-01-28"
"559148","1971-09-18","F","true","false","usa","chicago","UGN","42.422","-87.868","2023-01-28"
"559164","1980-07-07","M","false","false","usa","new york","LGA","40.777","-73.872","2023-01-28"
"559176","1959-12-08","F","true","true","usa","columbus","LCK","39.814","-82.928","2023-01-28"
"559194","1964-11-05","F","true","false","canada","victoria","YYJ","48.647","-123.426","2023-01-28"
"559211","1981-04-22","F","true","true","usa","columbus","LCK","39.814","-82.928","2023-01-28"
"559226","1985-07-02","F","true","true","usa","rochester","ROC","43.119","-77.672","2023-01-28"
"559228","1966-06-14","M","false","false","usa","chicago","ORD","41.979","-87.904","2023-01-28"
"559266","1974-01-10","F","false","false","usa","new york","JFK","40.64","-73.779","2023-01-28"
"559277","1994-03-17","F","false","false","canada","edmonton","YEG","53.31","-113.58","2023-01-29"
"559324","1973-06-24","F","false","false","usa","shreveport","BAD","32.502","-93.663","2023-01-29"
"559345","1985-10-14","F","false","false","canada","toronto","YKZ","43.862","-79.37","2023-01-29"
"559368","1976-02-12","F","false","true","usa","atlanta","ATL","33.64","-84.427","2023-01-29"
"559407","1970-07-17","F","true","false","usa","chicago","UGN","42.422","-87.868","2023-01-29"
"559432","2006-07-21","F","false","true","usa","knoxville","TYS","35.812","-83.993","2023-01-29"
"559441","1957-08-12","F","true","false","usa","montgomery","MXF","32.379","-86.362","2023-01-29"
"559461","1999-01-23","F","true","true","usa","new york","JFK","40.64","-73.779","2023-01-29"
"559464","1987-09-02","F","false","false","usa","orlando","MCO","28.429","-81.316","2023-01-29"
"559465","2006-08-09","F","false","false","usa","los angeles","LAX","33.942","-118.408","2023-01-29"
"559468","1994-05-03","F","false","false","usa","des moines","DSM","41.534","-93.663","2023-01-29"
"559469","1981-06-14","F","false","true","canada","montreal","YMX","45.68","-74.039","2023-01-29"
"559473","1982-06-11","F","false","false","usa","new york","LGA","40.777","-73.872","2023-01-29"
"559520","1993-07-06","F","false","false","usa","riverside","RAL","33.952","-117.445","2023-01-29"
"559537","1969-10-25","M","true","true","usa","los angeles","LAX","33.942","-118.408","2023-01-29"
"559547","1955-10-10","F","true","false","usa","dallas","DAL","32.847","-96.852","2023-01-29"
"559661","2002-03-14","F","false","false","canada","toronto","YZD","43.742","-79.466","2023-01-29"
"559695","1968-02-01","F","true","true","usa","san antonio","RND","29.529","-98.279","2023-01-29"
"559712","1983-09-17","F","false","false","canada","toronto","YZD","43.742","-79.466","2023-01-29"
"559758","1976-03-24","F","true","true","usa","chicago","ORD","41.979","-87.904","2023-01-29"
"559772","1977-09-16","F","false","false","usa","houston","EFD","29.607","-95.159","2023-01-29"
"559775","1977-05-04","F","true","false","usa","san antonio","RND","29.529","-98.279","2023-01-29"
"559782","1984-07-13","F","false","false","usa","lubbock","LBB","33.664","-101.823","2023-01-29"
"559787","1972-03-14","F","true","false","usa","los angeles","LAX","33.942","-118.408","2023-01-29"
"559794","1985-10-21","F","true","false","usa","los angeles","LAX","33.942","-118.408","2023-01-29"
"559832","2004-02-13","F","false","false","usa","philadelphia","PNE","40.082","-75.011","2023-01-29"
"559834","1973-02-10","F","true","true","usa","laredo","LRD","27.544","-99.461","2023-01-29"
"559846","1966-10-20","F","true","true","usa","los angeles","LAX","33.942","-118.408","2023-01-29"
"559863","1990-05-05","F","false","false","usa","indianapolis","IND","39.717","-86.294","2023-01-29"
"559901","1987-06-04","F","false","false","canada","montreal","YHU","45.517","-73.417","2023-01-29"
"559918","1981-11-24","F","false","false","canada","calgary","YYC","51.114","-114.02","2023-01-29"
"559936","1968-12-02","F","true","false","usa","kansas city","MCI","39.297","-94.714","2023-01-29"
"559981","1979-02-08","F","false","false","usa","columbus","LCK","39.814","-82.928","2023-01-29"
"559995","1973-02-28","F","true","false","usa","oklahoma city","TIK","35.415","-97.386","2023-01-29"
"560015","2006-09-01","F","false","false","usa","boston","BOS","42.364","-71.005","2023-01-29"
"560035","1973-03-13","F","false","false","usa","san diego","NZY","32.699","-117.215","2023-01-29"
"560065","1974-02-18","F","true","false","usa","san jose","SJC","37.362","-121.929","2023-01-29"
"560078","1968-03-10","F","true","false","usa","nashville","BNA","36.124","-86.678","2023-01-29"
"560085","1977-06-17","F","true","true","usa","fresno","FAT","36.776","-119.718","2023-01-29"
"560090","1994-03-06","F","false","false","usa","new york","LGA","40.777","-73.872","2023-01-29"
"560125","1981-12-26","M","false","false","canada","toronto","YZD","43.742","-79.466","2023-01-29"
"560175","1991-05-22","F","false","false","canada","toronto","YTZ","43.627","-79.396","2023-01-29"
"560195","1981-04-10","F","false","false","usa","miami","OPF","25.907","-80.278","2023-01-29"
"560213","1974-08-21","F","true","true","usa","houston","HOU","29.645","-95.279","2023-01-29"
"560245","1980-10-26","F","false","true","usa","san jose","SJC","37.362","-121.929","2023-01-29"
"560257","1968-09-16","F","true","true","usa","bakersfield","BFL","35.433","-119.057","2023-01-29"
"560273","1966-05-08","M","true","false","usa","fresno","FAT","36.776","-119.718","2023-01-29"
"560279","1957-10-25","F","false","false","usa","el paso","ELP","31.807","-106.378","2023-01-29"
"560291","1977-12-19","F","true","false","usa","el paso","BIF","31.849","-106.38","2023-01-29"
"560341","1976-09-05","F","true","true","usa","omaha","OMA","41.302","-95.894","2023-01-29"
"560362","1979-06-04","F","false","false","usa","new york","LGA","40.777","-73.872","2023-01-29"
"560367","1981-10-18","F","false","false","usa","houston","EFD","29.607","-95.159","2023-01-29"
"560374","1979-02-10","F","true","false","usa","new york","LGA","40.777","-73.872","2023-01-29"
"560433","1997-04-14","F","false","false","canada","toronto","YYZ","43.677","-79.631","2023-01-29"
"560468","1982-11-21","F","true","true","canada","toronto","YTZ","43.627","-79.396","2023-01-29"
"560478","1982-05-13","F","true","false","usa","modesto","MOD","37.626","-120.954","2023-01-29"
"560495","1956-12-21","F","true","false","usa","los angeles","LAX","33.942","-118.408","2023-01-29"
"560497","1981-11-25","F","true","false","usa","baton rouge","BTR","30.533","-91.149","2023-01-29"
"560508","1970-07-15","F","false","false","usa","minneapolis","MSP","44.88","-93.217","2023-01-29"
"560511","1985-08-12","F","true","false","usa","new york","JFK","40.64","-73.779","2023-01-29"
"560519","1972-09-24","F","false","false","usa","riverside","RAL","33.952","-117.445","2023-01-29"
"560529","2006-09-08","F","false","false","usa","san diego","NZY","32.699","-117.215","2023-01-29"
"560627","1982-12-26","F","false","false","usa","bakersfield","BFL","35.433","-119.057","2023-01-29"
"560672","1991-11-07","F","false","false","usa","los angeles","LAX","33.942","-118.408","2023-01-29"
"560680","1975-10-23","F","true","true","usa","washington","IAD","38.944","-77.456","2023-01-29"
"560723","1976-11-08","F","true","false","usa","nashville","BNA","36.124","-86.678","2023-01-29"
"560733","1971-07-02","F","true","false","usa","indianapolis","IND","39.717","-86.294","2023-01-29"
"560739","1987-03-08","F","true","true","usa","columbus","LCK","39.814","-82.928","2023-01-29"
"560747","1981-07-11","F","true","false","usa","chicago","MDW","41.786","-87.752","2023-01-29"
"560796","1985-09-16","F","true","false","canada","calgary","YYC","51.114","-114.02","2023-01-29"
"560803","1979-06-25","F","true","false","usa","boston","BOS","42.364","-71.005","2023-01-29"
"560854","1986-04-19","F","true","true","usa","new york","JFK","40.64","-73.779","2023-01-29"
"560870","1969-12-04","M","true","false","usa","spokane","SFF","47.683","-117.322","2023-01-29"
"560888","1974-11-22","F","false","false","usa","cleveland","CLE","41.412","-81.85","2023-01-29"
"560897","1970-08-12","F","false","false","usa","los angeles","LAX","33.942","-118.408","2023-01-29"
"560915","2006-01-22","F","false","false","usa","fort worth","FTW","32.82","-97.362","2023-01-29"
"560929","1995-09-17","F","true","true","usa","seattle","SEA","47.449","-122.309","2023-01-29"
"560948","1999-10-05","F","false","false","usa","san diego","NZY","32.699","-117.215","2023-01-29"
"560949","1985-02-16","F","false","false","usa","lubbock","LBB","33.664","-101.823","2023-01-29"
"560978","2006-07-13","F","false","true","usa","los angeles","LAX","33.942","-118.408","2023-01-29"
"560991","1970-10-16","F","true","true","usa","philadelphia","PNE","40.082","-75.011","2023-01-29"
"561013","1981-05-16","F","true","false","usa","washington","DCA","38.852","-77.037","2023-01-29"
"561031","1988-03-28","F","false","false","canada","winnipeg","YWG","49.91","-97.234","2023-01-29"
"561033","1970-04-22","F","true","true","canada","toronto","YTZ","43.627","-79.396","2023-01-29"
"561037","1985-10-05","F","false","false","usa","san antonio","RND","29.529","-98.279","2023-01-29"
"561044","1956-10-12","F","false","false","usa","cleveland","CLE","41.412","-81.85","2023-01-29"
"561054","1998-07-27","M","false","false","canada","winnipeg","YAV","50.056","-97.032","2023-01-29"
"561156","1946-01-07","F","true","false","usa","seattle","BFI","47.53","-122.302","2023-01-30"
"561201","1964-08-22","F","true","true","canada","montreal","YUL","45.468","-73.741","2023-01-30"
"561243","1979-09-28","F","false","false","usa","san diego","NZY","32.699","-117.215","2023-01-30"
"561288","1976-06-28","F","false","true","usa","laredo","LRD","27.544","-99.461","2023-01-30"
"561326","1986-07-11","F","false","false","usa","new orleans","MSY","29.993","-90.258","2023-01-30"
"561331","1982-10-02","F","false","true","usa","sacramento","SMF","38.695","-121.591","2023-01-30"
"561333","1991-07-17","F","false","false","usa","dallas","DAL","32.847","-96.852","2023-01-30"
"561339","1981-06-14","M","true","true","usa","chicago","MDW","41.786","-87.752","2023-01-30"
"561353","1983-10-21","F","false","false","usa","milwaukee","MKE","42.947","-87.896","2023-01-30"
"561367","1982-06-07","F","true","false","usa","san diego","NZY","32.699","-117.215","2023-01-30"
"561386","1975-07-23","F","false","true","usa","chicago","MDW","41.786","-87.752","2023-01-30"
"561503","1984-12-09","F","false","false","canada","toronto","YYZ","43.677","-79.631","2023-01-30"
"561519","1963-08-24","F","true","false","canada","quebec","YQB","46.788","-71.398","2023-01-30"
"561642","1971-04-02","F","false","true","usa","houston","EFD","29.607","-95.159","2023-01-30"
"561652","1984-07-15","M","false","false","usa","lincoln","LNK","40.851","-96.759","2023-01-30"
"561653","1963-10-04","F","true","false","usa","charlotte","CLT","35.214","-80.943","2023-01-30"
"561665","1978-10-12","F","false","false","canada","victoria","YYJ","48.647","-123.426","2023-01-30"
"561687","2003-05-14","F","false","false","canada","edmonton","YXD","53.573","-113.521","2023-01-30"
"561699","2006-03-16","F","false","false","usa","new york","JFK","40.64","-73.779","2023-01-30"
"561707","1982-05-22","F","true","true","usa","san jose","SJC","37.362","-121.929","2023-01-30"
"561710","1982-11-05","F","false","false","usa","los angeles","LAX","33.942","-118.408","2023-01-30"
"561798","1974-10-19","F","true","false","usa","new york","LGA","40.777","-73.872","2023-01-30"
"561837","1979-09-10","F","true","false","usa","philadelphia","PNE","40.082","-75.011","2023-01-30"
"561846","1983-12-04","F","true","false","usa","new york","JFK","40.64","-73.779","2023-01-30"
"561864","1984-10-08","F","false","false","usa","long beach","LGB","33.818","-118.151","2023-01-30"
"561896","1976-07-17","F","true","true","usa","new york","JFK","40.64","-73.779","2023-01-30"
"561908","1989-08-05","F","false","false","canada","ottawa","YOW","45.323","-75.669","2023-01-30"
"561945","1997-02-23","F","false","false","canada","toronto","YKZ","43.862","-79.37","2023-01-30"
"561950","1981-12-02","M","false","false","usa","chicago","UGN","42.422","-87.868","2023-01-30"
"561992","1980-07-21","M","true","true","canada","montreal","YMX","45.68","-74.039","2023-01-30"
"561994","1974-10-17","F","true","false","usa","laredo","LRD","27.544","-99.461","2023-01-30"
"562010","1982-09-13","M","false","true","usa","new york","LGA","40.777","-73.872","2023-01-30"
"562032","2001-09-28","F","false","false","usa","minneapolis","MSP","44.88","-93.217","2023-01-30"
"562042","1980-10-07","M","true","true","canada","edmonton","YED","53.667","-113.467","2023-01-30"
"562108","1979-02-12","F","false","false","usa","chicago","MDW","41.786","-87.752","2023-01-30"
"562148","1985-08-02","F","true","false","usa","oklahoma city","TIK","35.415","-97.386","2023-01-30"
"562161","1991-11-02","F","false","false","canada","vancouver","YVR","49.195","-123.182","2023-01-30"
"562192","1981-11-02","F","true","true","usa","las vegas","LSV","36.236","-115.034","2023-01-30"
"562209","1987-10-18","F","false","false","usa","winston-salem","INT","36.134","-80.222","2023-01-30"
"562238","1976-06-02","F","true","true","usa","new york","LGA","40.777","-73.872","2023-01-30"
"562275","1968-06-28","M","false","false","usa","chicago","UGN","42.422","-87.868","2023-01-30"
"562283","1997-08-27","F","false","true","usa","anchorage","ANC","61.174","-149.996","2023-01-30"
"562315","1977-05-10","F","true","false","usa","new york","LGA","40.777","-73.872","2023-01-30"
"562334","1981-07-12","F","false","false","usa","mobile","BFM","30.626","-88.068","2023-01-30"
"562338","1979-03-22","F","true","false","usa","houston","EFD","29.607","-95.159","2023-01-30"
"562362","1994-11-28","F","false","true","usa","fort worth","FTW","32.82","-97.362","2023-01-30"
"562398","1984-12-05","F","false","false","usa","tacoma","TCM","47.138","-122.476","2023-01-30"
"562416","1989-03-18","F","true","false","usa","dallas","DAL","32.847","-96.852","2023-01-30"
"562417","1967-12-26","F","true","false","usa","dallas","DAL","32.847","-96.852","2023-01-30"
"562428","1979-07-14","F","false","false","usa","colorado springs","COS","38.806","-104.7","2023-01-30"
"562490","1971-08-15","F","true","false","usa","new york","JFK","40.64","-73.779","2023-01-30"
"562516","2006-08-25","F","false","false","usa","phoenix","LUF","33.535","-112.383","2023-01-30"
"562529","1983-08-25","F","true","true","usa","oklahoma city","TIK","35.415","-97.386","2023-01-30"
"562576","1975-08-16","F","true","false","usa","chicago","UGN","42.422","-87.868","2023-01-30"
"562585","1979-11-26","F","false","false","usa","san diego","SAN","32.733","-117.189","2023-01-30"
"562587","1993-10-16","F","false","true","usa","little rock","LIT","34.729","-92.224","2023-01-30"
"562612","1981-10-23","F","false","false","usa","chicago","MDW","41.786","-87.752","2023-01-30"
"562641","1983-03-16","F","false","true","usa","anchorage","EDF","61.251","-149.806","2023-01-30"
"562648","1980-12-28","F","false","true","usa","oklahoma city","OKC","35.393","-97.601","2023-01-30"
"562708","1976-11-15","F","true","false","usa","louisville","LOU","38.228","-85.664","2023-01-30"
"562814","2006-12-12","M","false","false","usa","new york","JFK","40.64","-73.779","2023-01-30"
"562832","1990-04-23","F","true","true","usa","bakersfield","BFL","35.433","-119.057","2023-01-30"
"562843","1969-05-25","M","true","false","usa","san jose","SJC","37.362","-121.929","2023-01-30"
"562869","1974-07-20","F","true","false","usa","new york","JFK","40.64","-73.779","2023-01-30"
"562886","1977-03-16","F","true","false","usa","san francisco","SFO","37.619","-122.375","2023-01-30"
"562888","1995-07-22","F","true","false","usa","louisville","LOU","38.228","-85.664","2023-01-30"
"562894","1985-03-03","M","false","true","usa","miami","MIA","25.793","-80.291","2023-01-30"
"563012","1999-08-05","F","false","false","usa","chicago","ORD","41.979","-87.904","2023-01-30"
"563021","1973-10-18","F","true","true","usa","corpus christi","CRP","27.77","-97.501","2023-01-30"
"563052","1999-02-09","F","false","false","usa","houston","HOU","29.645","-95.279","2023-01-30"
"563059","1983-05-21","M","false","true","usa","cleveland","CLE","41.412","-81.85","2023-01-30"
"563100","2003-12-21","F","false","false","usa","memphis","MEM","35.042","-89.977","2023-01-31"
"563148","1993-04-26","F","false","false","usa","new york","JFK","40.64","-73.779","2023-01-31"
"563162","1989-08-17","F","false","true","canada","toronto","YKZ","43.862","-79.37","2023-01-31"
"563165","1970-02-04","M","false","false","usa","colorado springs","COS","38.806","-104.7","2023-01-31"
"563201","1996-10-15","F","false","false","usa","los angeles","LAX","33.942","-118.408","2023-01-31"
"563221","1984-11-06","F","false","true","usa","riverside","RAL","33.952","-117.445","2023-01-31"
"563253","1992-01-11","F","false","false","usa","new york","JFK","40.64","-73.779","2023-01-31"
"563254","2006-01-07","F","false","false","usa","phoenix","PHX","33.434","-112.008","2023-01-31"
"563266","2004-03-05","F","false","false","canada","montreal","YMX","45.68","-74.039","2023-01-31"
"563315","1975-10-09","F","true","false","canada","calgary","YYC","51.114","-114.02","2023-01-31"
"563335","1964-04-04","M","true","false","canada","quebec","YQB","46.788","-71.398","2023-01-31"
"563340","1982-04-24","F","true","false","usa","jacksonville","NCA","34.708","-77.439","2023-01-31"
"563342","1992-06-20","F","false","false","usa","tulsa","TUL","36.198","-95.888","2023-01-31"
"563343","1957-11-08","F","true","false","usa","riverside","RIV","33.881","-117.259","2023-01-31"
"563375","1959-02-24","F","true","true","usa","los angeles","LAX","33.942","-118.408","2023-01-31"
"563410","1963-11-27","F","true","true","canada","winnipeg","YWG","49.91","-97.234","2023-01-31"
"563425","1960-09-21","F","true","true","usa","el paso","BIF","31.849","-106.38","2023-01-31"
"563482","1969-07-13","F","false","false","usa","new york","JFK","40.64","-73.779","2023-01-31"
"563483","1987-08-11","F","true","false","usa","akron","AKR","41.038","-81.467","2023-01-31"
"563489","1979-08-04","F","false","false","usa","denver","DEN","39.858","-104.667","2023-01-31"
"563507","1986-03-17","F","true","false","usa","san francisco","SFO","37.619","-122.375","2023-01-31"
"563544","1974-05-08","F","true","true","usa","new york","LGA","40.777","-73.872","2023-01-31"
"563588","1981-08-25","F","true","true","usa","houston","EFD","29.607","-95.159","2023-01-31"
"563592","1986-10-14","M","false","false","usa","newark","EWR","40.692","-74.169","2023-01-31"
"563598","2003-06-13","F","false","true","usa","fort worth","FTW","32.82","-97.362","2023-01-31"
"563679","2002-08-10","F","false","true","usa","san diego","SAN","32.733","-117.189","2023-01-31"
"563691","2006-06-05","F","false","true","usa","san diego","SAN","32.733","-117.189","2023-01-31"
"563711","1978-11-25","F","true","false","usa","riverside","RIV","33.881","-117.259","2023-01-31"
"563731","1974-12-14","F","true","false","usa","washington","IAD","38.944","-77.456","2023-01-31"
"563735","1975-01-06","F","false","false","canada","vancouver","YVR","49.195","-123.182","2023-01-31"
"563736","1983-11-11","F","true","true","usa","san jose","SJC","37.362","-121.929","2023-01-31"
"563740","1994-08-17","F","false","false","canada","winnipeg","YAV","50.056","-97.032","2023-01-31"
"563773","1994-02-12","M","false","false","usa","mobile","MOB","30.691","-88.243","2023-01-31"
"563787","1983-01-15","F","false","false","usa","dallas","DAL","32.847","-96.852","2023-01-31"
"563831","1945-03-09","F","true","false","usa","providence","PVD","41.724","-71.428","2023-01-31"
"563853","1995-09-01","F","false","false","usa","chicago","UGN","42.422","-87.868","2023-01-31"
"563882","1991-03-21","F","false","false","usa","portland","PDX","45.589","-122.597","2023-01-31"
"563896","1980-04-07","M","false","true","usa","jacksonville","NCA","34.708","-77.439","2023-01-31"
"563956","1977-06-22","F","false","false","usa","minneapolis","MSP","44.88","-93.217","2023-01-31"
"563974","1967-03-07","F","true","true","usa","miami","MIA","25.793","-80.291","2023-01-31"
"563995","1997-05-08","M","false","true","usa","sacramento","MHR","38.554","-121.297","2023-01-31"
"564052","1974-02-22","F","false","true","usa","wichita","ICT","37.65","-97.433","2023-01-31"
"564100","1985-08-11","F","true","false","usa","las vegas","LSV","36.236","-115.034","2023-01-31"
"564101","2006-10-22","F","false","false","usa","oklahoma city","OKC","35.393","-97.601","2023-01-31"
"564112","1987-06-27","F","false","false","usa","san diego","NZY","32.699","-117.215","2023-01-31"
"564182","1984-05-23","M","false","false","usa","dallas","DAL","32.847","-96.852","2023-01-31"
"564204","1969-08-01","F","true","false","canada","toronto","YKZ","43.862","-79.37","2023-01-31"
"564219","1981-09-28","F","false","true","usa","baltimore","BWI","39.175","-76.668","2023-01-31"
"564234","1978-10-19","F","false","false","usa","grand rapids","GRR","42.881","-85.523","2023-01-31"
"564252","1982-04-26","F","false","false","canada","calgary","YYC","51.114","-114.02","2023-01-31"
"564258","2006-10-16","F","false","false","usa","rochester","ROC","43.119","-77.672","2023-01-31"
"564306","1982-03-21","F","false","false","usa","shreveport","SHV","32.446","-93.826","2023-01-31"
"564312","1980-05-17","F","true","false","usa","new york","LGA","40.777","-73.872","2023-01-31"
"564364","1969-02-04","F","false","true","usa","omaha","OFF","41.118","-95.913","2023-01-31"
"564369","1970-08-11","F","true","true","usa","oakland","OAK","37.721","-122.221","2023-01-31"
"564377","1986-10-06","F","false","false","usa","new york","LGA","40.777","-73.872","2023-01-31"
"564430","1981-09-09","F","false","true","canada","hamilton","YHM","43.173","-79.935","2023-01-31"
"564434","1988-04-05","F","true","true","canada","hamilton","YHM","43.173","-79.935","2023-01-31"
"564495","1974-06-20","F","false","true","usa","fresno","FAT","36.776","-119.718","2023-01-31"
"564498","2002-08-13","F","false","false","canada","edmonton","YEG","53.31","-113.58","2023-01-31"
"564517","1967-02-11","F","true","false","usa","fort worth","FTW","32.82","-97.362","2023-01-31"
"564534","1978-06-23","F","true","false","usa","new york","LGA","40.777","-73.872","2023-01-31"
"564588","2006-01-28","F","false","true","usa","indianapolis","IND","39.717","-86.294","2023-01-31"
"564593","1996-04-28","F","false","false","usa","las vegas","LAS","36.08","-115.152","2023-01-31"
"564596","1991-06-24","F","false","true","usa","austin","AUS","30.194","-97.67","2023-01-31"
"564604","1985-10-20","F","true","false","usa","reno","RNO","39.498","-119.768","2023-01-31"
"564606","1987-08-09","F","false","false","usa","los angeles","LAX","33.942","-118.408","2023-01-31"
"564616","1969-05-24","F","true","false","usa","houston","IAH","29.98","-95.34","2023-01-31"
"564620","1981-09-06","F","false","false","usa","fresno","FAT","36.776","-119.718","2023-01-31"
"564699","1995-01-06","F","false","true","usa","new york","LGA","40.777","-73.872","2023-01-31"
"564713","1984-01-16","F","true","true","usa","los angeles","LAX","33.942","-118.408","2023-01-31"
"564736","1974-05-07","M","false","false","usa","denver","DEN","39.858","-104.667","2023-01-31"
"564737","1977-09-27","F","false","false","usa","charlotte","CLT","35.214","-80.943","2023-01-31"
"564792","1979-01-01","F","true","true","usa","new york","LGA","40.777","-73.872","2023-01-31"
"564822","2000-08-03","F","false","false","usa","miami","OPF","25.907","-80.278","2023-01-31"
"564842","2002-12-11","M","false","true","usa","indianapolis","IND","39.717","-86.294","2023-01-31"
"564854","1984-02-08","F","false","false","usa","new york","LGA","40.777","-73.872","2023-01-31"
"564962","1971-03-20","F","true","false","usa","long beach","LGB","33.818","-118.151","2023-01-31"
"565056","2006-01-24","F","false","false","usa","houston","IAH","29.98","-95.34","2023-01-31"
"565070","1957-04-16","F","false","false","canada","quebec","YQB","46.788","-71.398","2023-01-31"
"565076","1999-06-21","F","false","false","usa","stockton","SCK","37.894","-121.239","2023-01-31"
"565109","1994-08-05","F","false","false","usa","chicago","UGN","42.422","-87.868","2023-01-31"
"565114","1990-03-12","F","false","false","usa","philadelphia","PNE","40.082","-75.011","2023-01-31"
"565131","1985-11-18","F","true","false","canada","winnipeg","YAV","50.056","-97.032","2023-01-31"
"565212","1973-12-12","F","false","false","usa","nashville","BNA","36.124","-86.678","2023-01-31"
"565240","1984-08-14","F","false","false","canada","vancouver","YVR","49.195","-123.182","2023-01-31"
"565251","1990-02-05","F","false","false","canada","calgary","YYC","51.114","-114.02","2023-01-31"
"565265","1997-04-12","M","false","false","canada","quebec","YQB","46.788","-71.398","2023-01-31"
"565275","1966-08-18","F","true","true","usa","philadelphia","PNE","40.082","-75.011","2023-02-01"
"565280","2003-07-28","F","false","false","usa","new york","JFK","40.64","-73.779","2023-02-01"
"565294","1977-12-01","F","false","false","usa","el paso","ELP","31.807","-106.378","2023-02-01"
"565301","1985-06-09","F","false","true","usa","new orleans","MSY","29.993","-90.258","2023-02-01"
"565348","1967-12-10","F","true","false","usa","colorado springs","COS","38.806","-104.7","2023-02-01"
"565365","1972-10-09","M","false","true","usa","memphis","MEM","35.042","-89.977","2023-02-01"
"565377","1981-05-07","F","false","false","usa","orlando","ORL","28.545","-81.333","2023-02-01"
"565387","2002-10-06","F","false","false","usa","new york","JFK","40.64","-73.779","2023-02-01"
"565419","1977-06-26","F","false","false","usa","new york","JFK","40.64","-73.779","2023-02-01"
"565459","1995-01-10","F","false","false","usa","new york","LGA","40.777","-73.872","2023-02-01"
"565460","1985-10-01","F","false","true","usa","chicago","ORD","41.979","-87.904","2023-02-01"
"565464","1977-06-22","F","true","false","usa","san francisco","SFO","37.619","-122.375","2023-02-01"
"565467","1997-01-11","F","false","false","usa","las vegas","LAS","36.08","-115.152","2023-02-01"
"565487","2006-02-26","F","false","false","canada","halifax","YHZ","44.881","-63.509","2023-02-01"
"565508","1978-05-18","F","false","true","usa","dallas","DAL","32.847","-96.852","2023-02-01"
"565510","1958-09-06","F","true","false","usa","houston","EFD","29.607","-95.159","2023-02-01"
"565511","2006-01-15","F","false","false","usa","st. louis","STL","38.748","-90.36","2023-02-01"
"565514","1976-03-12","F","false","false","canada","hamilton","YHM","43.173","-79.935","2023-02-01"
"565565","1964-08-12","F","true","true","usa","chicago","MDW","41.786","-87.752","2023-02-01"
"565573","1985-09-17","F","false","false","usa","fort worth","FTW","32.82","-97.362","2023-02-01"
"565582","1997-05-06","F","true","true","usa","anchorage","ANC","61.174","-149.996","2023-02-01"
"565601","1974-02-16","M","true","true","usa","austin","AUS","30.194","-97.67","2023-02-01"
"565718","1973-01-22","F","false","false","usa","san antonio","RND","29.529","-98.279","2023-02-01"
"565755","1991-08-16","M","false","false","usa","newark","EWR","40.692","-74.169","2023-02-01"
"565764","1992-11-15","F","false","true","canada","montreal","YUL","45.468","-73.741","2023-02-01"
"565768","1992-01-13","F","false","false","canada","calgary","YYC","51.114","-114.02","2023-02-01"
"565791","1973-03-01","F","false","false","usa","dallas","DAL","32.847","-96.852","2023-02-01"
"565826","1999-02-12","F","false","true","usa","providence","PVD","41.724","-71.428","2023-02-01"
"565827","1998-10-28","F","true","false","usa","nashville","BNA","36.124","-86.678","2023-02-01"
"565841","1980-10-07","F","true","true","canada","toronto","YYZ","43.677","-79.631","2023-02-01"
"565902","2001-06-19","F","false","true","usa","nashville","BNA","36.124","-86.678","2023-02-01"
"565910","1994-07-24","F","false","false","canada","edmonton","YXD","53.573","-113.521","2023-02-01"
"565912","1969-12-04","F","false","false","usa","philadelphia","PNE","40.082","-75.011","2023-02-01"
"565915","2006-10-22","F","false","true","usa","new york","LGA","40.777","-73.872","2023-02-01"
"565935","1970-09-04","F","true","false","usa","new york","LGA","40.777","-73.872","2023-02-01"
"565949","1986-09-21","F","false","true","usa","los angeles","LAX","33.942","-118.408","2023-02-01"
"566002","1955-08-02","F","true","false","usa","new york","JFK","40.64","-73.779","2023-02-01"
"566008","1986-04-23","F","false","false","usa","chicago","ORD","41.979","-87.904","2023-02-01"
"566032","1970-05-19","M","true","false","usa","san antonio","SAT","29.534","-98.47","2023-02-01"
"566044","1965-04-05","M","true","true","usa","dallas","DAL","32.847","-96.852","2023-02-01"
"566059","1995-07-03","F","true","true","usa","baltimore","BWI","39.175","-76.668","2023-02-01"
"566061","1971-06-22","M","true","true","canada","toronto","YZD","43.742","-79.466","2023-02-01"
"566096","1984-10-02","F","false","true","usa","memphis","MEM","35.042","-89.977","2023-02-01"
"566097","1957-11-07","F","true","false","usa","long beach","LGB","33.818","-118.151","2023-02-01"
"566152","1983-09-27","F","false","false","usa","phoenix","LUF","33.535","-112.383","2023-02-01"
"566173","1978-07-22","F","false","true","usa","san francisco","SFO","37.619","-122.375","2023-02-01"
"566174","1976-09-17","M","true","true","usa","new york","LGA","40.777","-73.872","2023-02-01"
"566196","1974-03-28","M","true","false","usa","shreveport","SHV","32.446","-93.826","2023-02-01"
"566275","1991-06-27","F","false","false","usa","reno","RNO","39.498","-119.768","2023-02-01"
"566279","1981-09-15","F","true","false","usa","los angeles","LAX","33.942","-118.408","2023-02-01"
"566312","2006-02-11","F","false","false","canada","vancouver","YVR","49.195","-123.182","2023-02-01"
"566336","1974-07-27","F","true","false","canada","edmonton","YED","53.667","-113.467","2023-02-01"
"566338","1980-10-04","F","true","false","usa","phoenix","LUF","33.535","-112.383","2023-02-01"
"566366","1986-07-04","M","false","false","usa","grand rapids","GRR","42.881","-85.523","2023-02-01"
"566424","1986-04-02","F","true","false","usa","los angeles","LAX","33.942","-118.408","2023-02-01"
"566432","1960-07-16","F","true","true","usa","el paso","ELP","31.807","-106.378","2023-02-01"
"566455","1980-07-02","F","false","true","usa","new york","LGA","40.777","-73.872","2023-02-01"
"566456","1990-11-18","M","false","true","usa","new york","LGA","40.777","-73.872","2023-02-01"
"566489","1974-09-14","M","false","false","usa","phoenix","LUF","33.535","-112.383","2023-02-01"
"566533","2003-03-16","F","false","false","usa","los angeles","LAX","33.942","-118.408","2023-02-01"
"566547","1981-10-15","F","false","false","usa","richmond","RIC","37.505","-77.319","2023-02-01"
"566592","1961-11-04","F","true","false","usa","birmingham","BHM","33.563","-86.753","2023-02-01"
"566614","1995-06-05","F","false","false","usa","new york","JFK","40.64","-73.779","2023-02-01"
"566625","1975-06-24","F","true","true","usa","austin","AUS","30.194","-97.67","2023-02-01"
"566626","1974-05-08","F","true","false","usa","san diego","SAN","32.733","-117.189","2023-02-01"
"566650","1973-07-06","F","false","false","usa","new york","LGA","40.777","-73.872","2023-02-01"
"566682","1972-03-11","F","false","true","usa","spokane","GEG","47.62","-117.534","2023-02-01"
"566702","1977-02-09","F","false","true","usa","minneapolis","MSP","44.88","-93.217","2023-02-01"
"566726","1969-04-19","F","true","true","usa","portland","PDX","45.589","-122.597","2023-02-01"
"566735","1968-10-11","F","false","true","usa","boston","BOS","42.364","-71.005","2023-02-01"
"566749","2003-03-21","F","false","false","usa","chicago","MDW","41.786","-87.752","2023-02-01"
"566762","1983-09-21","F","true","true","usa","mobile","MOB","30.691","-88.243","2023-02-01"
"566770","1991-10-21","F","true","true","canada","calgary","YYC","51.114","-114.02","2023-02-01"
"566787","1981-06-27","F","false","false","usa","san antonio","SKF","29.384","-98.581","2023-02-01"
"566815","1981-10-09","F","true","false","usa","new york","LGA","40.777","-73.872","2023-02-01"
"566861","1976-11-22","F","true","true","usa","indianapolis","IND","39.717","-86.294","2023-02-01"
"566875","1971-04-13","F","false","false","canada","toronto","YZD","43.742","-79.466","2023-02-01"
"566881","1970-10-10","M","true","true","usa","new york","LGA","40.777","-73.872","2023-02-01"
"566953","1993-04-28","F","false","true","canada","edmonton","YEG","53.31","-113.58","2023-02-01"
"566964","1985-12-09","M","false","false","usa","new york","JFK","40.64","-73.779","2023-02-01"
"566992","1987-05-10","F","false","false","canada","ottawa","YOW","45.323","-75.669","2023-02-01"
"566996","1994-02-23","F","true","true","usa","dallas","DAL","32.847","-96.852","2023-02-01"
"566998","1985-08-18","F","false","true","usa","philadelphia","PHL","39.872","-75.241","2023-02-01"
"566999","1977-08-12","F","false","false","usa","las vegas","LSV","36.236","-115.034","2023-02-01"
"567052","2006-07-20","M","false","false","usa","dallas","DAL","32.847","-96.852","2023-02-01"
"567061","1990-08-20","F","true","true","usa","chicago","UGN","42.422","-87.868","2023-02-01"
"567114","1972-10-02","F","true","false","canada","ottawa","YOW","45.323","-75.669","2023-02-01"
"567172","1969-06-03","F","true","false","canada","hamilton","YHM","43.173","-79.935","2023-02-01"
"567195","1980-09-03","F","true","false","usa","corpus christi","CRP","27.77","-97.501","2023-02-01"
"567211","1978-12-21","F","false","false","usa","tampa","MCF","27.849","-82.521","2023-02-01"
"567219","1986-10-23","F","false","false","usa","washington","IAD","38.944","-77.456","2023-02-01"
"567243","1991-05-15","F","false","true","usa","houston","IAH","29.98","-95.34","2023-02-01"
"567245","1953-01-26","M","false","false","usa","wichita","ICT","37.65","-97.433","2023-02-01"
"567256","1978-07-03","F","true","false","canada","montreal","YMX","45.68","-74.039","2023-02-01"
"567342","1994-07-22","F","false","true","usa","chicago","MDW","41.786","-87.752","2023-02-01"
"567390","1999-11-10","F","false","false","usa","los angeles","LAX","33.942","-118.408","2023-02-02"
"567431","1984-04-21","F","false","false","usa","new york","JFK","40.64","-73.779","2023-02-02"
"567432","1979-05-12","F","false","true","canada","montreal","YMX","45.68","-74.039","2023-02-02"
"567448","1978-08-23","F","true","true","usa","portland","PWM","43.646","-70.309","2023-02-02"
"567458","2006-04-18","F","false","false","usa","san antonio","RND","29.529","-98.279","2023-02-02"
"567478","1987-05-22","F","false","false","usa","tacoma","TCM","47.138","-122.476","2023-02-02"
"567518","1968-05-04","F","false","false","usa","new york","JFK","40.64","-73.779","2023-02-02"
"567547","1990-05-06","F","false","false","usa","san jose","SJC","37.362","-121.929","2023-02-02"
"567548","1978-04-02","F","true","false","usa","tucson","TUS","32.116","-110.941","2023-02-02"
"567558","1987-10-13","F","false","true","usa","honolulu","HNL","21.316","-157.927","2023-02-02"
"567563","1979-01-13","F","true","false","usa","new york","LGA","40.777","-73.872","2023-02-02"
"567589","1996-06-20","F","false","false","usa","chicago","ORD","41.979","-87.904","2023-02-02"
"567643","1983-07-02","F","true","false","usa","chicago","MDW","41.786","-87.752","2023-02-02"
"567651","1986-07-26","F","false","false","usa","laredo","LRD","27.544","-99.461","2023-02-02"
"567682","1986-12-22","F","false","false","canada","calgary","YYC","51.114","-114.02","2023-02-02"
"567778","1980-07-11","F","false","true","usa","san diego","SAN","32.733","-117.189","2023-02-02"
"567824","1989-04-08","F","false","true","canada","ottawa","YOW","45.323","-75.669","2023-02-02"
"567849","1983-01-12","F","true","false","usa","washington","IAD","38.944","-77.456","2023-02-02"
"567885","1984-12-22","F","false","true","canada","toronto","YZD","43.742","-79.466","2023-02-02"
"567906","1983-12-13","F","false","false","usa","new york","JFK","40.64","-73.779","2023-02-02"
"567943","1990-06-18","F","false","true","usa","los angeles","LAX","33.942","-118.408","2023-02-02"
"567950","1970-12-08","F","true","false","usa","houston","IAH","29.98","-95.34","2023-02-02"
"567961","1997-02-20","F","false","false","usa","philadelphia","PHL","39.872","-75.241","2023-02-02"
"568004","1969-11-03","F","true","true","canada","winnipeg","YWG","49.91","-97.234","2023-02-02"
"568013","1983-02-27","F","true","false","usa","nashville","BNA","36.124","-86.678","2023-02-02"
"568060","1982-08-12","F","false","true","usa","laredo","LRD","27.544","-99.461","2023-02-02"
"568064","1977-10-16","F","true","false","usa","santa ana","SNA","33.676","-117.868","2023-02-02"
"568078","1987-01-12","F","true","true","usa","san jose","SJC","37.362","-121.929","2023-02-02"
"568086","1964-09-15","F","false","false","usa","phoenix","LUF","33.535","-112.383","2023-02-02"
"568093","1984-10-06","F","false","false","canada","toronto","YYZ","43.677","-79.631","2023-02-02"
"568101","1970-08-02","F","true","true","canada","montreal","YUL","45.468","-73.741","2023-02-02"
"568105","1984-01-01","F","false","true","usa","new york","LGA","40.777","-73.872","2023-02-02"
"568121","1983-03-20","M","true","true","usa","chicago","MDW","41.786","-87.752","2023-02-02"
"568155","2002-02-03","F","false","true","usa","san jose","SJC","37.362","-121.929","2023-02-02"
"568167","1990-09-26","F","false","false","usa","san diego","SAN","32.733","-117.189","2023-02-02"
"568182","1985-12-07","F","false","true","usa","jacksonville","JAX","30.494","-81.688","2023-02-02"
"568258","2000-03-05","F","false","false","usa","houston","IAH","29.98","-95.34","2023-02-02"
"568325","1957-02-02","F","true","false","usa","houston","HOU","29.645","-95.279","2023-02-02"
"568371","1991-02-22","F","false","false","usa","akron","AKR","41.038","-81.467","2023-02-02"
"568385","1977-10-10","F","true","false","usa","jacksonville","NZC","30.219","-81.876","2023-02-02"
"568416","1992-07-28","M","false","true","canada","saskatoon","YXE","52.171","-106.7","2023-02-02"
"568463","1970-09-03","F","false","false","usa","tampa","MCF","27.849","-82.521","2023-02-02"
"568486","1964-07-20","F","true","false","canada","calgary","YYC","51.114","-114.02","2023-02-02"
"568513","1998-08-12","F","false","true","usa","new york","LGA","40.777","-73.872","2023-02-02"
"568536","1947-05-17","F","true","false","usa","los angeles","LAX","33.942","-118.408","2023-02-02"
"568602","1988-07-08","F","false","true","usa","baton rouge","BTR","30.533","-91.149","2023-02-02"
"568605","2000-04-13","F","false","false","usa","new york","LGA","40.777","-73.872","2023-02-02"
"568641","1978-11-13","F","true","false","usa","sacramento","SAC","38.513","-121.493","2023-02-02"
"568696","1975-05-03","F","true","true","usa","tulsa","TUL","36.198","-95.888","2023-02-02"
"568713","1975-06-22","M","false","false","usa","burlington","BTV","44.472","-73.153","2023-02-02"
"568716","1981-12-21","F","false","false","usa","kansas city","MCI","39.297","-94.714","2023-02-02"
"568773","1978-12-08","F","true","true","usa","dallas","DAL","32.847","-96.852","2023-02-02"
"568790","1971-08-21","M","false","false","usa","new orleans","MSY","29.993","-90.258","2023-02-02"
"568917","2001-02-16","F","false","false","usa","new york","LGA","40.777","-73.872","2023-02-02"
"568931","1980-04-25","F","true","true","usa","detroit","DTW","42.212","-83.353","2023-02-02"
"568970","1978-11-06","F","false","true","usa","las vegas","LAS","36.08","-115.152","2023-02-02"
"568984","1956-05-13","F","true","false","canada","montreal","YMX","45.68","-74.039","2023-02-02"
"569031","1991-06-03","F","false","false","canada","montreal","YMX","45.68","-74.039","2023-02-02"
"569082","1976-02-11","F","true","false","canada","montreal","YUL","45.468","-73.741","2023-02-02"
"569107","2004-07-06","F","false","false","usa","indianapolis","IND","39.717","-86.294","2023-02-02"
"569150","1983-10-18","F","false","false","usa","washington","IAD","38.944","-77.456","2023-02-02"
"569170","1982-08-19","F","false","false","usa","des moines","DSM","41.534","-93.663","2023-02-02"
"569180","1979-07-14","F","false","true","usa","washington","IAD","38.944","-77.456","2023-02-02"
"569203","1983-11-19","M","false","false","usa","jacksonville","NIP","30.236","-81.681","2023-02-02"
"569236","1967-12-19","F","true","false","usa","philadelphia","PNE","40.082","-75.011","2023-02-02"
"569239","1979-12-26","F","false","false","usa","phoenix","LUF","33.535","-112.383","2023-02-02"
"569243","1986-05-02","F","false","true","usa","louisville","LOU","38.228","-85.664","2023-02-02"
"569300","1957-02-25","F","false","false","usa","washington","DCA","38.852","-77.037","2023-02-02"
"569335","1988-05-14","F","true","true","usa","chicago","UGN","42.422","-87.868","2023-02-02"
"569342","1987-08-03","F","true","true","canada","ottawa","YOW","45.323","-75.669","2023-02-02"
"569364","1984-05-27","F","true","true","usa","fort worth","FTW","32.82","-97.362","2023-02-02"
"569458","1991-12-15","F","false","false","canada","toronto","YYZ","43.677","-79.631","2023-02-03"
"569466","1982-10-04","F","true","true","usa","portland","PWM","43.646","-70.309","2023-02-03"
"569472","1981-03-09","F","true","false","usa","oklahoma city","TIK","35.415","-97.386","2023-02-03"
"569530","1977-12-23","F","true","false","usa","charlotte","CLT","35.214","-80.943","2023-02-03"
"569534","1975-03-24","F","true","false","canada","ottawa","YOW","45.323","-75.669","2023-02-03"
"569572","1982-03-12","F","true","true","usa","new york","LGA","40.777","-73.872","2023-02-03"
"569643","1954-12-22","F","true","false","usa","philadelphia","PHL","39.872","-75.241","2023-02-03"
"569733","1975-05-05","F","false","false","usa","dallas","DAL","32.847","-96.852","2023-02-03"
"569754","1985-07-21","F","true","false","usa","akron","AKR","41.038","-81.467","2023-02-03"
"569779","1979-11-09","F","true","false","usa","columbus","CMH","39.998","-82.892","2023-02-03"
"569788","1986-04-02","M","false","false","usa","atlanta","ATL","33.64","-84.427","2023-02-03"
"569792","1988-01-19","F","false","false","usa","tulsa","TUL","36.198","-95.888","2023-02-03"
"569817","1987-12-08","M","true","false","usa","houston","IAH","29.98","-95.34","2023-02-03"
"569829","1984-10-05","F","true","false","usa","chicago","ORD","41.979","-87.904","2023-02-03"
"569832","1990-09-04","F","true","false","usa","tacoma","TCM","47.138","-122.476","2023-02-03"
"569863","1984-07-27","F","false","false","usa","new york","LGA","40.777","-73.872","2023-02-03"
"569883","1973-01-05","F","true","false","usa","nashville","BNA","36.124","-86.678","2023-02-03"
"569920","1990-01-10","F","true","false","usa","new york","LGA","40.777","-73.872","2023-02-03"
"569923","2000-05-11","M","false","false","usa","san diego","SAN","32.733","-117.189","2023-02-03"
"570021","1986-07-11","F","false","true","usa","tucson","DMA","32.166","-110.883","2023-02-03"
"570076","1994-03-08","F","false","false","usa","miami","TNT","25.862","-80.897","2023-02-03"
"570144","1981-06-01","F","true","true","usa","indianapolis","IND","39.717","-86.294","2023-02-03"
"570162","1987-06-07","F","false","true","usa","nashville","BNA","36.124","-86.678","2023-02-03"
"570215","1977-11-24","F","false","false","usa","honolulu","HNL","21.316","-157.927","2023-02-03"
"570219","1985-10-04","F","false","false","usa","houston","HOU","29.645","-95.279","2023-02-03"
"570224","1986-07-11","F","false","false","usa","st. petersburg","SPG","27.765","-82.627","2023-02-03"
"570226","1992-09-06","F","false","false","canada","london","YXU","43.036","-81.154","2023-02-03"
"570242","2004-11-17","F","false","false","usa","memphis","MEM","35.042","-89.977","2023-02-03"
"570279","1998-08-21","F","false","false","usa","newark","EWR","40.692","-74.169","2023-02-03"
"570291","1969-06-18","F","true","true","usa","jacksonville","LRF","34.918","-92.146","2023-02-03"
"570329","1998-04-06","M","false","true","usa","jacksonville","LRF","34.918","-92.146","2023-02-03"
"570330","1969-01-13","F","true","false","usa","new york","LGA","40.777","-73.872","2023-02-03"
"570346","1987-03-17","F","false","false","usa","mobile","BFM","30.626","-88.068","2023-02-03"
"570369","1987-05-08","F","true","false","usa","nashville","BNA","36.124","-86.678","2023-02-03"
"570418","1984-08-01","F","false","false","canada","toronto","YKZ","43.862","-79.37","2023-02-03"
"570436","1979-09-18","F","true","false","usa","san diego","SAN","32.733","-117.189","2023-02-03"
"570439","1985-10-02","F","false","false","usa","san antonio","RND","29.529","-98.279","2023-02-03"
"570600","1957-05-21","F","true","false","usa","richmond","RIC","37.505","-77.319","2023-02-03"
"570601","1986-05-22","M","true","true","usa","baltimore","BWI","39.175","-76.668","2023-02-03"
"570625","2001-07-01","F","false","true","usa","new york","LGA","40.777","-73.872","2023-02-03"
"570626","1975-03-12","F","true","false","usa","new york","LGA","40.777","-73.872","2023-02-03"
"570631","1977-03-26","F","true","true","usa","portland","PDX","45.589","-122.597","2023-02-03"
"570639","1991-09-20","F","false","false","usa","new york","JFK","40.64","-73.779","2023-02-03"
"570654","1990-08-25","F","false","false","usa","el paso","BIF","31.849","-106.38","2023-02-03"
"570666","1989-05-11","F","true","false","canada","winnipeg","YAV","50.056","-97.032","2023-02-03"
"570683","1975-12-28","F","false","false","usa","new york","LGA","40.777","-73.872","2023-02-03"
"570692","1989-05-20","F","false","false","usa","washington","IAD","38.944","-77.456","2023-02-03"
"570693","1967-03-13","F","false","false","canada","toronto","YTZ","43.627","-79.396","2023-02-03"
"570697","2006-10-20","M","false","false","canada","calgary","YYC","51.114","-114.02","2023-02-03"
"570713","1973-09-09","F","false","false","usa","new york","JFK","40.64","-73.779","2023-02-03"
"570746","1981-11-04","F","false","false","usa","new york","JFK","40.64","-73.779","2023-02-03"
"570750","1955-09-11","F","false","false","canada","ottawa","YOW","45.323","-75.669","2023-02-03"
"570782","1981-02-05","F","true","false","usa","portland","PDX","45.589","-122.597","2023-02-03"
"570821","1983-02-07","F","true","true","usa","miami","TNT","25.862","-80.897","2023-02-03"
"570829","1978-06-15","M","true","false","usa","baltimore","BWI","39.175","-76.668","2023-02-03"
"570837","1985-08-04","F","false","false","canada","gatineau","YND","45.521","-75.564","2023-02-03"
"570862","1946-04-25","F","true","false","usa","houston","IAH","29.98","-95.34","2023-02-03"
"570928","1976-04-24","F","false","false","usa","fresno","FAT","36.776","-119.718","2023-02-03"
"570930","2006-03-24","F","false","false","usa","new york","JFK","40.64","-73.779","2023-02-03"
"570945","1968-07-02","F","true","false","usa","phoenix","PHX","33.434","-112.008","2023-02-03"
"570961","1947-07-20","F","true","false","usa","columbus","LCK","39.814","-82.928","2023-02-03"
"570988","1957-09-04","F","true","false","usa","oklahoma city","OKC","35.393","-97.601","2023-02-03"
"571001","2006-10-09","M","false","false","usa","richmond","RIC","37.505","-77.319","2023-02-03"
"571015","1994-06-01","F","true","false","usa","austin","AUS","30.194","-97.67","2023-02-03"
"571084","1963-12-21","F","true","false","usa","san diego","NZY","32.699","-117.215","2023-02-03"
"571200","1976-11-09","F","false","false","canada","halifax","YAW","44.64","-63.499","2023-02-03"
"571208","1989-09-04","F","true","true","usa","new york","JFK","40.64","-73.779","2023-02-03"
"571233","1979-07-03","F","false","false","usa","houston","HOU","29.645","-95.279","2023-02-03"
"571243","1977-06-09","F","false","true","usa","portland","PDX","45.589","-122.597","2023-02-03"
"571251","1964-05-17","F","false","false","usa","portland","PDX","45.589","-122.597","2023-02-03"
"571300","1975-09-09","M","true","false","usa","new york","JFK","40.64","-73.779","2023-02-03"
"571348","1970-06-19","F","true","false","usa","philadelphia","PNE","40.082","-75.011","2023-02-03"
"571363","1977-08-02","F","false","false","usa","sacramento","MCC","38.667","-121.401","2023-02-03"
"571429","1982-05-22","F","true","true","usa","new york","LGA","40.777","-73.872","2023-02-03"
"571454","1986-11-15","F","true","false","usa","los angeles","LAX","33.942","-118.408","2023-02-03"
"571523","1978-05-19","F","true","false","usa","dallas","DAL","32.847","-96.852","2023-02-04"
"571525","1992-05-03","F","false","false","usa","charlotte","CLT","35.214","-80.943","2023-02-04"
"571553","1974-04-11","M","true","true","usa","tucson","TUS","32.116","-110.941","2023-02-04"
"571560","1972-10-09","F","false","false","usa","tulsa","TUL","36.198","-95.888","2023-02-04"
"571561","1992-03-15","F","false","false","usa","des moines","DSM","41.534","-93.663","2023-02-04"
"571566","1967-08-01","F","false","false","canada","montreal","YUL","45.468","-73.741","2023-02-04"
"571580","1995-05-07","F","false","false","usa","omaha","OMA","41.302","-95.894","2023-02-04"
"571610","2006-07-11","F","false","false","usa","los angeles","LAX","33.942","-118.408","2023-02-04"
"571637","1983-04-07","F","false","true","usa","seattle","BFI","47.53","-122.302","2023-02-04"
"571639","1983-02-24","F","true","true","usa","san francisco","SFO","37.619","-122.375","2023-02-04"
"571643","1987-12-03","F","false","false","usa","houston","EFD","29.607","-95.159","2023-02-04"
"571757","1995-02-02","F","false","false","usa","orlando","ORL","28.545","-81.333","2023-02-04"
"571819","1974-06-01","F","true","false","usa","los angeles","LAX","33.942","-118.408","2023-02-04"
"571864","1986-12-03","F","false","false","usa","madison","MSN","43.14","-89.337","2023-02-04"
"571876","1967-02-20","F","true","false","usa","houston","HOU","29.645","-95.279","2023-02-04"
"571888","1984-02-11","F","false","false","usa","el paso","BIF","31.849","-106.38","2023-02-04"
"571913","2001-11-20","F","false","false","canada","montreal","YUL","45.468","-73.741","2023-02-04"
"571940","1988-05-01","F","false","true","usa","richmond","RIC","37.505","-77.319","2023-02-04"
"572106","1968-09-11","F","true","false","usa","newark","EWR","40.692","-74.169","2023-02-04"
"572133","1950-12-27","F","true","false","usa","montgomery","MXF","32.379","-86.362","2023-02-04"
"572154","1976-11-22","F","true","true","usa","omaha","OFF","41.118","-95.913","2023-02-04"
"572176","1952-04-28","M","false","false","usa","boston","BOS","42.364","-71.005","2023-02-04"
"572214","1954-12-14","F","true","false","usa","oakland","OAK","37.721","-122.221","2023-02-04"
"572290","1981-07-14","F","false","false","usa","chicago","ORD","41.979","-87.904","2023-02-04"
"572396","1975-07-17","F","false","true","usa","madison","MSN","43.14","-89.337","2023-02-04"
"572397","1970-11-04","F","true","true","usa","bakersfield","BFL","35.433","-119.057","2023-02-04"
"572428","1983-02-15","F","true","true","usa","omaha","OFF","41.118","-95.913","2023-02-04"
"572479","1976-08-27","F","true","false","usa","portland","PWM","43.646","-70.309","2023-02-04"
"572489","1978-10-04","F","true","true","usa","los angeles","LAX","33.942","-118.408","2023-02-04"
"572502","1966-02-08","F","true","false","usa","fresno","FAT","36.776","-119.718","2023-02-04"
"572529","1960-09-13","F","true","false","usa","los angeles","LAX","33.942","-118.408","2023-02-04"
"572538","1970-08-07","M","true","false","usa","madison","MSN","43.14","-89.337","2023-02-04"
"572554","1970-03-04","F","false","false","usa","norfolk","NGU","36.938","-76.289","2023-02-04"
"572578","1983-12-27","F","false","false","canada","montreal","YUL","45.468","-73.741","2023-02-04"
"572591","1981-05-05","F","true","false","usa","wichita","ICT","37.65","-97.433","2023-02-04"
"572609","1983-02-09","F","true","false","usa","kansas city","MCI","39.297","-94.714","2023-02-04"
"572632","1979-05-09","F","true","true","usa","lubbock","LBB","33.664","-101.823","2023-02-04"
"572669","1972-12-13","F","true","false","canada","winnipeg","YWG","49.91","-97.234","2023-02-04"
"572728","1968-03-06","F","false","true","usa","jacksonville","LRF","34.918","-92.146","2023-02-04"
"572744","1992-10-25","F","true","false","canada","ottawa","YOW","45.323","-75.669","2023-02-04"
"572826","1981-03-02","F","true","true","usa","houston","IAH","29.98","-95.34","2023-02-04"
"572870","2003-04-15","F","false","false","usa","stockton","SCK","37.894","-121.239","2023-02-04"
"572898","1974-06-02","F","true","true","usa","norfolk","NGU","36.938","-76.289","2023-02-04"
"572908","1972-08-03","F","true","true","usa","new york","JFK","40.64","-73.779","2023-02-04"
"572932","1948-03-22","F","true","false","usa","omaha","OMA","41.302","-95.894","2023-02-04"
"572992","1976-06-23","F","false","false","usa","phoenix","PHX","33.434","-112.008","2023-02-04"
"573010","1978-08-21","F","false","true","usa","new york","JFK","40.64","-73.779","2023-02-04"
"573011","1981-05-14","F","true","false","usa","san antonio","SKF","29.384","-98.581","2023-02-04"
"573040","1976-12-01","M","false","false","usa","portland","PDX","45.589","-122.597","2023-02-04"
"573086","1979-03-27","F","false","true","usa","new york","LGA","40.777","-73.872","2023-02-04"
"573122","1973-04-16","F","true","false","usa","new orleans","MSY","29.993","-90.258","2023-02-04"
"573147","1982-01-13","F","true","false","usa","chicago","ORD","41.979","-87.904","2023-02-04"
"573153","1981-03-20","M","false","false","usa","los angeles","LAX","33.942","-118.408","2023-02-04"
"573189","1972-08-06","F","true","false","usa","santa ana","SNA","33.676","-117.868","2023-02-04"
"573191","1986-02-21","M","false","false","usa","cleveland","CLE","41.412","-81.85","2023-02-04"
"573237","1987-09-08","F","false","true","canada","calgary","YYC","51.114","-114.02","2023-02-04"
"573244","1986-04-16","F","false","false","usa","tacoma","TCM","47.138","-122.476","2023-02-04"
"573249","1975-12-27","M","false","false","canada","edmonton","YED","53.667","-113.467","2023-02-04"
"573291","1967-03-18","F","true","false","canada","winnipeg","YWG","49.91","-97.234","2023-02-04"
"573365","2003-10-23","F","false","false","canada","toronto","YZD","43.742","-79.466","2023-02-04"
"573373","1975-05-24","F","false","false","usa","madison","MSN","43.14","-89.337","2023-02-04"
"573378","1979-01-24","F","true","true","usa","new york","LGA","40.777","-73.872","2023-02-04"
"573379","1978-07-18","F","true","false","canada","edmonton","YED","53.667","-113.467","2023-02-04"
"573420","1987-02-09","F","false","false","usa","dallas","DAL","32.847","-96.852","2023-02-04"
"573423","2002-11-17","F","false","false","usa","omaha","OMA","41.302","-95.894","2023-02-04"
"573427","1969-01-14","F","true","false","usa","winston-salem","INT","36.134","-80.222","2023-02-04"
"573493","1975-08-06","F","true","true","usa","el paso","BIF","31.849","-106.38","2023-02-04"
"573518","1980-08-06","F","true","false","usa","los angeles","LAX","33.942","-118.408","2023-02-04"
"573564","1996-10-11","F","false","false","usa","cleveland","CLE","41.412","-81.85","2023-02-04"
"573584","1986-01-02","M","true","false","usa","oklahoma city","OKC","35.393","-97.601","2023-02-04"
"573588","1984-05-12","F","false","false","canada","vancouver","YVR","49.195","-123.182","2023-02-04"
"573621","1974-06-27","F","true","true","usa","knoxville","TYS","35.812","-83.993","2023-02-05"
"573648","1985-04-02","F","false","false","usa","charlotte","CLT","35.214","-80.943","2023-02-05"
"573670","1992-02-24","F","false","false","usa","phoenix","LUF","33.535","-112.383","2023-02-05"
"573698","1992-10-14","F","false","false","usa","laredo","LRD","27.544","-99.461","2023-02-05"
"573704","1976-08-20","F","true","false","usa","new york","LGA","40.777","-73.872","2023-02-05"
"573719","1975-10-02","F","true","true","canada","saskatoon","YXE","52.171","-106.7","2023-02-05"
"573720","1977-12-12","F","false","false","canada","vancouver","YVR","49.195","-123.182","2023-02-05"
"573792","1978-09-07","F","false","false","usa","denver","DEN","39.858","-104.667","2023-02-05"
"573807","1988-05-09","F","true","true","usa","milwaukee","MKE","42.947","-87.896","2023-02-05"
"573841","1979-11-06","F","true","true","usa","sacramento","MCC","38.667","-121.401","2023-02-05"
"573922","1982-12-13","F","true","true","usa","tulsa","TUL","36.198","-95.888","2023-02-05"
"573926","1999-12-18","F","false","true","usa","colorado springs","COS","38.806","-104.7","2023-02-05"
"573931","2006-10-25","F","false","false","canada","toronto","YZD","43.742","-79.466","2023-02-05"
"573939","1972-05-27","F","true","false","usa","chicago","MDW","41.786","-87.752","2023-02-05"
"573946","1974-05-04","F","false","false","usa","tucson","TUS","32.116","-110.941","2023-02-05"
"573988","1975-12-13","F","true","true","usa","houston","HOU","29.645","-95.279","2023-02-05"
"574003","1981-09-17","M","false","false","usa","new york","JFK","40.64","-73.779","2023-02-05"
"574071","1978-11-17","F","true","false","canada","winnipeg","YWG","49.91","-97.234","2023-02-05"
"574104","1969-09-24","F","false","false","canada","toronto","YTZ","43.627","-79.396","2023-02-05"
"574116","1978-06-26","F","true","true","usa","stockton","SCK","37.894","-121.239","2023-02-05"
"574134","1981-02-22","F","true","false","usa","houston","HOU","29.645","-95.279","2023-02-05"
"574150","1969-02-25","M","true","false","usa","columbus","LCK","39.814","-82.928","2023-02-05"
"574206","1988-05-06","F","true","true","usa","phoenix","PHX","33.434","-112.008","2023-02-05"
"574279","1976-05-17","F","true","false","usa","new orleans","NBG","29.825","-90.035","2023-02-05"
"574362","2000-12-15","F","false","false","usa","dallas","DAL","32.847","-96.852","2023-02-05"
"574409","1984-07-20","M","false","true","usa","long beach","LGB","33.818","-118.151","2023-02-05"
"574419","1990-03-27","M","false","false","usa","louisville","LOU","38.228","-85.664","2023-02-05"
"574440","1974-05-24","F","true","true","usa","san francisco","SFO","37.619","-122.375","2023-02-05"
"574465","1991-09-19","F","true","false","usa","chicago","MDW","41.786","-87.752","2023-02-05"
"574467","1978-07-21","M","true","true","usa","san antonio","RND","29.529","-98.279","2023-02-05"
"574489","1972-03-02","F","true","true","usa","rochester","ROC","43.119","-77.672","2023-02-05"
"574493","1986-11-23","F","true","false","usa","indianapolis","IND","39.717","-86.294","2023-02-05"
"574513","1979-01-09","F","false","false","usa","houston","HOU","29.645","-95.279","2023-02-05"
"574603","1981-11-08","F","true","true","usa","indianapolis","IND","39.717","-86.294","2023-02-05"
"574625","1972-10-06","F","true","false","usa","las vegas","LAS","36.08","-115.152","2023-02-05"
"574680","1982-11-19","F","false","false","canada","toronto","YYZ","43.677","-79.631","2023-02-05"
"574794","1980-10-17","F","false","false","usa","colorado springs","COS","38.806","-104.7","2023-02-05"
"574840","1985-03-05","F","false","true","usa","new york","JFK","40.64","-73.779","2023-02-05"
"574885","1987-04-22","F","false","false","usa","las vegas","LSV","36.236","-115.034","2023-02-05"
"574909","1980-07-06","F","true","true","usa","orlando","MCO","28.429","-81.316","2023-02-05"
"574987","1981-12-27","F","true","true","usa","new york","LGA","40.777","-73.872","2023-02-05"
"575051","1974-07-28","F","false","false","usa","washington","DCA","38.852","-77.037","2023-02-05"
"575055","1984-12-21","F","false","false","usa","new york","LGA","40.777","-73.872","2023-02-05"
"575092","1998-10-21","F","false","false","canada","london","YXU","43.036","-81.154","2023-02-05"
"575131","1985-11-17","F","false","false","canada","windsor","YQG","42.276","-82.956","2023-02-05"
"575208","1984-06-08","F","false","false","usa","san diego","NZY","32.699","-117.215","2023-02-05"
"575233","1976-03-10","F","true","false","usa","los angeles","LAX","33.942","-118.408","2023-02-05"
"575253","1980-05-11","M","true","true","canada","ottawa","YOW","45.323","-75.669","2023-02-05"
"575299","1980-02-07","F","true","false","usa","oklahoma city","OKC","35.393","-97.601","2023-02-05"
"575419","1981-08-08","F","false","false","usa","new york","LGA","40.777","-73.872","2023-02-05"
"575433","1967-10-10","F","true","false","usa","los angeles","LAX","33.942","-118.408","2023-02-05"
"575459","1968-09-02","F","false","false","usa","laredo","LRD","27.544","-99.461","2023-02-05"
"575500","1971-12-18","M","false","false","usa","san diego","NZY","32.699","-117.215","2023-02-05"
"575528","1969-11-20","F","true","false","usa","phoenix","PHX","33.434","-112.008","2023-02-05"
"575554","1979-06-02","F","true","false","usa","oklahoma city","OKC","35.393","-97.601","2023-02-05"
"575561","1978-05-16","F","true","false","usa","el paso","BIF","31.849","-106.38","2023-02-05"
"575576","1971-10-17","M","false","false","canada","toronto","YZD","43.742","-79.466","2023-02-05"
"575677","1980-09-25","F","true","false","canada","toronto","YYZ","43.677","-79.631","2023-02-05"
"575692","1999-05-13","F","false","true","usa","washington","IAD","38.944","-77.456","2023-02-05"
"575711","1975-04-04","F","true","true","usa","santa ana","SNA","33.676","-117.868","2023-02-06"
"575733","1976-12-26","F","true","false","usa","tallahassee","TLH","30.396","-84.35","2023-02-06"
"575756","1985-07-11","F","false","false","usa","colorado springs","COS","38.806","-104.7","2023-02-06"
"575774","1982-08-07","F","true","false","usa","oakland","OAK","37.721","-122.221","2023-02-06"
"575809","1975-03-03","F","true","false","usa","los angeles","LAX","33.942","-118.408","2023-02-06"
"575823","1981-12-26","F","true","false","usa","new york","JFK","40.64","-73.779","2023-02-06"
"575868","1957-10-13","F","true","false","usa","dallas","DAL","32.847","-96.852","2023-02-06"
"575908","1994-02-21","F","false","true","usa","san jose","SJC","37.362","-121.929","2023-02-06"
"575923","1984-06-09","F","true","true","usa","washington","DCA","38.852","-77.037","2023-02-06"
"575964","1965-08-02","F","true","false","usa","kansas city","MCI","39.297","-94.714","2023-02-06"
"575971","1972-04-08","F","false","false","usa","chicago","MDW","41.786","-87.752","2023-02-06"
"576040","1996-02-15","M","false","false","usa","riverside","RIV","33.881","-117.259","2023-02-06"
"576103","1972-10-28","F","true","true","usa","sacramento","MCC","38.667","-121.401","2023-02-06"
"576136","1972-08-17","F","false","false","usa","tulsa","TUL","36.198","-95.888","2023-02-06"
"576159","1995-10-25","F","true","true","usa","new york","LGA","40.777","-73.872","2023-02-06"
"576169","1985-03-19","F","false","false","usa","dallas","DAL","32.847","-96.852","2023-02-06"
"576231","1993-05-16","F","true","true","canada","toronto","YYZ","43.677","-79.631","2023-02-06"
"576272","1983-09-20","F","false","true","usa","charlotte","CLT","35.214","-80.943","2023-02-06"
"576357","1990-08-14","F","true","false","usa","seattle","BFI","47.53","-122.302","2023-02-06"
"576366","1978-10-25","F","false","false","canada","toronto","YTZ","43.627","-79.396","2023-02-06"
"576369","1976-05-25","F","true","false","usa","tulsa","TUL","36.198","-95.888","2023-02-06"
"576370","1989-04-16","M","false","false","canada","edmonton","YXD","53.573","-113.521","2023-02-06"
"576373","1976-02-03","F","false","false","canada","halifax","YHZ","44.881","-63.509","2023-02-06"
"576541","1978-12-21","F","true","true","usa","houston","IAH","29.98","-95.34","2023-02-06"
"576612","1986-02-13","F","false","false","usa","austin","AUS","30.194","-97.67","2023-02-06"
"576663","1980-10-18","F","true","true","usa","new york","JFK","40.64","-73.779","2023-02-06"
"576668","2006-06-05","F","false","false","usa","baton rouge","BTR","30.533","-91.149","2023-02-06"
"576677","1971-07-26","F","true","false","canada","toronto","YZD","43.742","-79.466","2023-02-06"
"576691","1980-10-06","F","true","true","canada","winnipeg","YWG","49.91","-97.234","2023-02-06"
"576712","1954-05-22","F","false","false","canada","toronto","YKZ","43.862","-79.37","2023-02-06"
"576765","2002-10-16","F","false","false","canada","calgary","YYC","51.114","-114.02","2023-02-06"
"576785","1991-07-01","M","true","true","usa","cincinnati","CVG","39.046","-84.662","2023-02-06"
"576833","1983-05-09","F","false","true","usa","san antonio","SAT","29.534","-98.47","2023-02-06"
"576846","2003-12-17","F","false","true","usa","grand rapids","GRR","42.881","-85.523","2023-02-06"
"576849","1985-10-27","F","true","false","usa","houston","EFD","29.607","-95.159","2023-02-06"
"576879","1986-07-09","F","true","true","usa","baton rouge","BTR","30.533","-91.149","2023-02-06"
"576922","2006-09-24","F","false","false","usa","new york","LGA","40.777","-73.872","2023-02-06"
"576945","1974-07-17","M","true","true","usa","orlando","MCO","28.429","-81.316","2023-02-06"
"576962","1979-02-25","F","false","false","usa","chicago","UGN","42.422","-87.868","2023-02-06"
"576966","1968-11-22","F","false","false","usa","memphis","MEM","35.042","-89.977","2023-02-06"
"576985","1984-06-03","F","true","false","usa","austin","AUS","30.194","-97.67","2023-02-06"
"577007","1984-08-25","F","true","false","usa","minneapolis","MSP","44.88","-93.217","2023-02-06"
"577044","1969-07-26","F","true","true","usa","chicago","UGN","42.422","-87.868","2023-02-06"
"577046","1981-07-14","F","true","true","usa","new york","JFK","40.64","-73.779","2023-02-06"
"577074","1971-01-16","F","true","false","usa","chicago","ORD","41.979","-87.904","2023-02-06"
"577089","1960-06-09","F","true","true","usa","new york","JFK","40.64","-73.779","2023-02-06"
"577115","1993-03-04","F","false","false","usa","indianapolis","IND","39.717","-86.294","2023-02-06"
"577145","1981-02-02","F","false","false","usa","wichita","IAB","37.623","-97.267","2023-02-06"
"577180","1975-01-02","F","true","false","usa","new york","JFK","40.64","-73.779","2023-02-06"
"577208","1979-11-01","F","false","true","usa","tallahassee","TLH","30.396","-84.35","2023-02-06"
"577215","1992-07-11","F","false","false","usa","jacksonville","NIP","30.236","-81.681","2023-02-06"
"577216","1977-01-27","F","true","true","usa","tucson","TUS","32.116","-110.941","2023-02-06"
"577225","1977-10-24","F","true","false","usa","amarillo","AMA","35.219","-101.706","2023-02-06"
"577255","1978-06-05","F","false","false","usa","las vegas","LSV","36.236","-115.034","2023-02-06"
"577287","1980-03-22","F","false","true","canada","montreal","YUL","45.468","-73.741","2023-02-06"
"577356","1983-07-14","F","true","true","usa","washington","IAD","38.944","-77.456","2023-02-06"
"577381","1976-06-22","F","true","true","usa","tacoma","TCM","47.138","-122.476","2023-02-06"
"577386","1970-12-28","F","false","false","usa","houston","EFD","29.607","-95.159","2023-02-06"
"577410","1988-06-17","F","true","true","usa","milwaukee","MKE","42.947","-87.896","2023-02-06"
"577534","1998-09-05","F","true","false","usa","san antonio","SKF","29.384","-98.581","2023-02-06"
"577539","1990-01-28","F","false","true","usa","new york","JFK","40.64","-73.779","2023-02-06"
"577541","1989-10-24","F","false","false","usa","baltimore","BWI","39.175","-76.668","2023-02-06"
"577598","1971-01-13","F","false","false","usa","new york","JFK","40.64","-73.779","2023-02-06"
"577617","1997-09-01","F","true","false","canada","toronto","YTZ","43.627","-79.396","2023-02-06"
"577625","1982-04-25","F","false","true","usa","austin","AUS","30.194","-97.67","2023-02-06"
"577626","1979-02-05","F","true","true","usa","indianapolis","IND","39.717","-86.294","2023-02-06"
"577638","1986-03-27","F","false","false","canada","winnipeg","YWG","49.91","-97.234","2023-02-06"
"577643","2004-06-20","F","false","false","usa","madison","MSN","43.14","-89.337","2023-02-06"
"577667","1985-10-25","F","true","false","usa","minneapolis","MSP","44.88","-93.217","2023-02-06"
"577682","2006-04-06","M","false","false","usa","newport news","PHF","37.132","-76.493","2023-02-06"
"577851","1996-07-16","F","true","true","usa","santa ana","SNA","33.676","-117.868","2023-02-06"
"577901","1995-02-13","F","true","true","usa","jacksonville","NZC","30.219","-81.876","2023-02-06"
"577915","1979-02-26","M","true","false","usa","chicago","UGN","42.422","-87.868","2023-02-06"
"577921","1997-08-20","F","false","false","usa","phoenix","LUF","33.535","-112.383","2023-02-06"
"577930","1978-03-06","F","true","false","usa","columbus","LCK","39.814","-82.928","2023-02-06"
"577944","1955-04-27","F","true","false","usa","san diego","NZY","32.699","-117.215","2023-02-06"
"577984","1977-03-05","F","false","true","usa","el paso","ELP","31.807","-106.378","2023-02-06"
"578058","1993-01-28","F","false","false","usa","wichita","IAB","37.623","-97.267","2023-02-07"
"578088","1982-06-27","F","false","false","usa","houston","HOU","29.645","-95.279","2023-02-07"
"578120","1964-03-23","F","true","false","usa","las vegas","LSV","36.236","-115.034","2023-02-07"
"578164","1981-02-26","F","false","true","usa","denver","DEN","39.858","-104.667","2023-02-07"
"578396","1968-08-12","F","true","true","usa","riverside","RIV","33.881","-117.259","2023-02-07"
"578459","1984-11-06","F","false","false","usa","san jose","SJC","37.362","-121.929","2023-02-07"
"578488","1972-03-28","F","false","false","usa","chicago","ORD","41.979","-87.904","2023-02-07"
"578503","1973-07-14","F","true","false","usa","louisville","LOU","38.228","-85.664","2023-02-07"
"578511","1970-03-06","F","true","true","usa","buffalo","BUF","42.94","-78.732","2023-02-07"
"578549","1985-01-12","F","true","false","usa","austin","AUS","30.194","-97.67","2023-02-07"
"578607","1984-07-08","F","false","false","usa","oakland","OAK","37.721","-122.221","2023-02-07"
"578824","1990-06-23","M","false","false","usa","phoenix","PHX","33.434","-112.008","2023-02-07"
"578866","1983-04-24","F","true","true","usa","los angeles","LAX","33.942","-118.408","2023-02-07"
"578872","1990-03-22","F","false","false","usa","grand rapids","GRR","42.881","-85.523","2023-02-07"
"578886","1998-07-26","F","true","true","usa","new york","JFK","40.64","-73.779","2023-02-07"
"578892","1989-07-10","F","false","true","usa","fresno","FAT","36.776","-119.718","2023-02-07"
"578929","1986-08-08","F","true","false","usa","los angeles","LAX","33.942","-118.408","2023-02-07"
"578938","1977-12-24","F","true","false","usa","new york","JFK","40.64","-73.779","2023-02-07"
"578947","1975-10-19","F","true","true","usa","el paso","BIF","31.849","-106.38","2023-02-07"
"578993","1995-06-25","F","false","true","usa","houston","HOU","29.645","-95.279","2023-02-07"
"579021","1986-09-20","M","false","false","usa","omaha","OMA","41.302","-95.894","2023-02-07"
"579040","1977-06-03","F","true","false","canada","london","YXU","43.036","-81.154","2023-02-07"
"579065","1973-12-09","F","true","true","usa","louisville","LOU","38.228","-85.664","2023-02-07"
"579230","1979-06-15","M","false","false","usa","baltimore","BWI","39.175","-76.668","2023-02-07"
"579275","1978-07-22","F","true","false","canada","calgary","YYC","51.114","-114.02","2023-02-07"
"579307","1969-08-18","F","true","true","usa","nashville","BNA","36.124","-86.678","2023-02-07"
"579323","1995-09-10","F","false","true","usa","new york","JFK","40.64","-73.779","2023-02-07"
"579404","1985-10-05","F","false","false","usa","san diego","SAN","32.733","-117.189","2023-02-07"
"579503","1951-04-11","F","true","false","usa","tucson","TUS","32.116","-110.941","2023-02-07"
"579547","1978-04-09","F","true","false","usa","columbus","LCK","39.814","-82.928","2023-02-07"
"579589","1975-04-17","F","true","false","usa","houston","EFD","29.607","-95.159","2023-02-07"
"579707","1981-05-03","F","true","true","usa","colorado springs","COS","38.806","-104.7","2023-02-07"
"579714","1938-09-09","F","true","false","usa","mobile","MOB","30.691","-88.243","2023-02-07"
"579783","1998-11-13","F","false","false","canada","ottawa","YOW","45.323","-75.669","2023-02-07"
"579792","1977-08-20","F","true","false","canada","toronto","YZD","43.742","-79.466","2023-02-07"
"579804","1968-10-26","F","true","false","usa","baton rouge","BTR","30.533","-91.149","2023-02-07"
"579829","1964-09-27","F","false","false","canada","calgary","YYC","51.114","-114.02","2023-02-07"
"579846","1998-03-16","F","false","false","usa","new york","LGA","40.777","-73.872","2023-02-07"
"579950","1988-08-08","F","false","true","usa","baltimore","BWI","39.175","-76.668","2023-02-07"
"579971","1946-01-09","F","true","false","usa","baltimore","BWI","39.175","-76.668","2023-02-07"
"579999","2006-10-17","F","false","false","usa","new york","LGA","40.777","-73.872","2023-02-07"
"580026","1947-08-22","F","true","false","usa","new york","LGA","40.777","-73.872","2023-02-07"
"580077","1991-04-20","F","true","false","usa","tampa","TPA","27.975","-82.533","2023-02-07"
"580211","1985-02-15","F","false","false","usa","oklahoma city","TIK","35.415","-97.386","2023-02-08"
"580212","1978-08-24","F","false","false","usa","baltimore","BWI","39.175","-76.668","2023-02-08"
"580402","1982-10-12","F","false","false","usa","las vegas","LAS","36.08","-115.152","2023-02-08"
"580460","1981-06-15","F","false","true","usa","colorado springs","COS","38.806","-104.7","2023-02-08"
"580515","1976-09-08","F","false","false","usa","corpus christi","CRP","27.77","-97.501","2023-02-08"
"580578","1980-10-26","F","false","true","canada","toronto","YTZ","43.627","-79.396","2023-02-08"
"580611","1985-11-07","F","false","false","usa","new york","JFK","40.64","-73.779","2023-02-08"
"580622","1956-04-20","F","true","false","canada","london","YXU","43.036","-81.154","2023-02-08"
"580626","1971-10-25","F","true","false","usa","santa ana","SNA","33.676","-117.868","2023-02-08"
"580658","1977-09-28","F","false","false","canada","windsor","YQG","42.276","-82.956","2023-02-08"
"580895","1951-11-14","F","true","false","usa","austin","AUS","30.194","-97.67","2023-02-08"
"580902","1970-04-27","F","true","false","usa","philadelphia","PHL","39.872","-75.241","2023-02-08"
"580944","1982-08-10","F","true","true","canada","winnipeg","YWG","49.91","-97.234","2023-02-08"
"580971","1980-06-27","M","false","false","canada","toronto","YTZ","43.627","-79.396","2023-02-08"
"581005","1979-01-01","F","false","false","usa","el paso","ELP","31.807","-106.378","2023-02-08"
"581085","1996-12-12","F","true","true","usa","new york","JFK","40.64","-73.779","2023-02-08"
"581086","1980-10-22","F","false","false","usa","los angeles","LAX","33.942","-118.408","2023-02-08"
"581091","1992-03-12","M","false","false","usa","dallas","DAL","32.847","-96.852","2023-02-08"
"581110","1979-12-15","F","true","true","usa","tulsa","TUL","36.198","-95.888","2023-02-08"
"581111","1978-08-26","O","true","true","usa","las vegas","LSV","36.236","-115.034","2023-02-08"
"581120","1982-12-21","F","false","false","canada","quebec","YQB","46.788","-71.398","2023-02-08"
"581239","1987-09-15","M","false","true","usa","chicago","UGN","42.422","-87.868","2023-02-08"
"581269","1974-09-25","F","true","false","usa","san jose","SJC","37.362","-121.929","2023-02-08"
"581307","1992-07-18","F","false","false","usa","san antonio","SAT","29.534","-98.47","2023-02-08"
"581343","1999-01-04","F","false","false","canada","halifax","YAW","44.64","-63.499","2023-02-08"
"581365","1992-04-10","F","false","false","usa","omaha","OFF","41.118","-95.913","2023-02-08"
"581385","1973-06-21","F","true","true","canada","calgary","YYC","51.114","-114.02","2023-02-08"
"581388","1998-02-17","F","false","false","usa","denver","DEN","39.858","-104.667","2023-02-08"
"581409","1985-09-19","F","false","true","usa","louisville","LOU","38.228","-85.664","2023-02-08"
"581412","1976-03-05","F","false","false","usa","charlotte","CLT","35.214","-80.943","2023-02-08"
"581438","1984-02-01","M","true","false","usa","new york","JFK","40.64","-73.779","2023-02-08"
"581461","2006-05-19","F","false","false","usa","new york","LGA","40.777","-73.872","2023-02-08"
"581491","2006-01-21","F","false","false","usa","kansas city","MCI","39.297","-94.714","2023-02-08"
"581527","1986-09-01","F","true","false","usa","san antonio","SAT","29.534","-98.47","2023-02-08"
"581577","1986-05-12","M","true","false","usa","portland","PWM","43.646","-70.309","2023-02-08"
"581595","2006-07-13","F","false","true","canada","edmonton","YEG","53.31","-113.58","2023-02-08"
"581666","1972-05-21","F","true","false","usa","reno","RNO","39.498","-119.768","2023-02-08"
"581679","2004-03-01","F","false","true","canada","toronto","YTZ","43.627","-79.396","2023-02-08"
"581685","1966-01-02","F","true","true","usa","new york","LGA","40.777","-73.872","2023-02-08"
"581721","1980-12-06","F","false","false","canada","toronto","YKZ","43.862","-79.37","2023-02-08"
"581729","1956-05-19","F","false","false","usa","st. petersburg","SPG","27.765","-82.627","2023-02-08"
"581770","1968-01-23","F","true","true","canada","vancouver","YVR","49.195","-123.182","2023-02-08"
"581835","1985-01-14","F","false","false","usa","detroit","DTW","42.212","-83.353","2023-02-08"
"581858","1976-12-04","F","true","false","usa","los angeles","LAX","33.942","-118.408","2023-02-08"
"581901","1970-06-12","F","true","false","usa","new orleans","NBG","29.825","-90.035","2023-02-08"
"582002","2006-05-24","F","false","false","usa","tulsa","TUL","36.198","-95.888","2023-02-08"
"582011","1960-04-20","F","true","true","usa","baltimore","BWI","39.175","-76.668","2023-02-08"
"582038","1995-01-22","F","false","false","usa","norfolk","NGU","36.938","-76.289","2023-02-08"
"582190","1955-07-12","F","true","false","usa","new york","JFK","40.64","-73.779","2023-02-09"
"582227","1993-05-07","F","false","true","canada","halifax","YHZ","44.881","-63.509","2023-02-09"
"582241","1983-05-16","F","true","false","usa","bakersfield","BFL","35.433","-119.057","2023-02-09"
"582254","1973-11-02","F","false","false","usa","indianapolis","IND","39.717","-86.294","2023-02-09"
"582319","1968-01-07","F","false","false","usa","denver","DEN","39.858","-104.667","2023-02-09"
"582320","1966-07-07","F","true","false","canada","ottawa","YOW","45.323","-75.669","2023-02-09"
"582326","1978-10-08","F","true","false","usa","baltimore","BWI","39.175","-76.668","2023-02-09"
"582333","1980-11-02","F","true","false","usa","san antonio","SKF","29.384","-98.581","2023-02-09"
"582343","1988-09-06","F","false","false","usa","tampa","MCF","27.849","-82.521","2023-02-09"
"582446","1990-09-10","F","false","true","usa","rochester","ROC","43.119","-77.672","2023-02-09"
"582482","1983-06-25","F","true","false","usa","brownsville","BRO","25.907","-97.426","2023-02-09"
"582484","1985-06-02","F","true","true","usa","indianapolis","IND","39.717","-86.294","2023-02-09"
"582577","1982-09-04","F","true","true","usa","dallas","DAL","32.847","-96.852","2023-02-09"
"582586","1935-05-10","F","true","false","usa","chicago","ORD","41.979","-87.904","2023-02-09"
"582636","1973-05-01","F","false","false","usa","omaha","OFF","41.118","-95.913","2023-02-09"
"582664","1969-10-13","F","true","true","usa","anchorage","MRI","61.214","-149.846","2023-02-09"
"582723","1975-10-19","F","true","true","usa","new york","LGA","40.777","-73.872","2023-02-09"
"582729","1961-07-09","F","true","true","usa","kansas city","MCI","39.297","-94.714","2023-02-09"
"582768","1981-05-28","F","true","false","usa","chicago","ORD","41.979","-87.904","2023-02-09"
"582785","1970-02-17","F","false","true","usa","stockton","SCK","37.894","-121.239","2023-02-09"
"582796","1999-05-04","F","false","false","canada","toronto","YKZ","43.862","-79.37","2023-02-09"
"582801","1972-09-15","F","true","false","usa","milwaukee","MKE","42.947","-87.896","2023-02-09"
"582828","1993-07-02","F","false","false","usa","san antonio","SAT","29.534","-98.47","2023-02-09"
"582833","1980-09-06","F","false","false","usa","detroit","YIP","42.238","-83.53","2023-02-09"
"582903","2000-06-17","F","false","false","canada","toronto","YZD","43.742","-79.466","2023-02-09"
"582979","1977-08-28","F","false","false","usa","reno","RNO","39.498","-119.768","2023-02-09"
"582995","1983-09-01","F","false","false","usa","omaha","OFF","41.118","-95.913","2023-02-09"
"583016","1981-06-08","F","true","true","usa","laredo","LRD","27.544","-99.461","2023-02-09"
"583023","1970-09-21","F","true","false","usa","cleveland","CLE","41.412","-81.85","2023-02-09"
"583038","1979-04-26","M","true","false","usa","chicago","MDW","41.786","-87.752","2023-02-09"
"583052","1982-02-12","F","false","false","usa","miami","MIA","25.793","-80.291","2023-02-09"
"583070","1997-10-10","F","false","true","usa","new york","LGA","40.777","-73.872","2023-02-09"
"583087","1978-01-18","F","true","true","usa","chicago","UGN","42.422","-87.868","2023-02-09"
"583120","1971-04-05","F","true","true","usa","stockton","SCK","37.894","-121.239","2023-02-09"
"583134","1989-10-07","F","false","false","usa","minneapolis","MSP","44.88","-93.217","2023-02-09"
"583166","2003-04-05","F","false","true","usa","columbus","CMH","39.998","-82.892","2023-02-09"
"583190","2003-01-27","F","false","false","usa","honolulu","HNL","21.316","-157.927","2023-02-09"
"583200","1983-07-20","F","true","false","usa","new york","LGA","40.777","-73.872","2023-02-09"
"583297","1969-10-28","F","true","true","usa","los angeles","LAX","33.942","-118.408","2023-02-09"
"583335","2005-07-21","F","false","true","usa","san jose","SJC","37.362","-121.929","2023-02-09"
"583336","1987-10-07","F","false","true","usa","columbus","CMH","39.998","-82.892","2023-02-09"
"583342","1957-10-16","F","false","false","usa","riverside","RIV","33.881","-117.259","2023-02-09"
"583446","1990-01-17","F","false","false","usa","los angeles","LAX","33.942","-118.408","2023-02-09"
"583454","2002-05-19","F","false","true","usa","montgomery","MXF","32.379","-86.362","2023-02-09"
"583483","1988-02-16","F","true","false","usa","philadelphia","PNE","40.082","-75.011","2023-02-09"
"583486","1979-02-04","F","true","false","usa","houston","HOU","29.645","-95.279","2023-02-09"
"583490","1999-07-16","M","false","false","usa","los angeles","LAX","33.942","-118.408","2023-02-09"
"583499","1975-06-23","F","false","false","canada","ottawa","YOW","45.323","-75.669","2023-02-09"
"583526","1993-03-22","F","false","true","usa","san jose","SJC","37.362","-121.929","2023-02-09"
"583612","1984-07-22","F","false","true","usa","st. louis","STL","38.748","-90.36","2023-02-09"
"583623","1969-02-14","F","false","true","usa","tucson","TUS","32.116","-110.941","2023-02-09"
"583664","1976-01-04","F","true","false","usa","detroit","DET","42.409","-83.01","2023-02-09"
"583759","1987-01-07","F","false","true","usa","akron","AKR","41.038","-81.467","2023-02-09"
"583764","1979-08-21","F","false","true","usa","honolulu","HNL","21.316","-157.927","2023-02-09"
"583931","1975-10-02","M","false","false","usa","newark","EWR","40.692","-74.169","2023-02-09"
"583955","1996-07-15","F","false","false","usa","new york","LGA","40.777","-73.872","2023-02-09"
"583976","1985-08-18","F","true","false","usa","los angeles","LAX","33.942","-118.408","2023-02-09"
"584001","2006-10-21","F","false","false","canada","calgary","YYC","51.114","-114.02","2023-02-09"
"584012","1976-11-28","F","true","true","usa","milwaukee","MKE","42.947","-87.896","2023-02-09"
"584030","1970-11-08","F","true","true","usa","chicago","ORD","41.979","-87.904","2023-02-09"
"584034","1984-12-06","F","false","false","usa","new york","JFK","40.64","-73.779","2023-02-09"
"584115","1987-11-01","F","false","true","usa","houston","IAH","29.98","-95.34","2023-02-09"
"584134","1984-02-01","F","false","true","usa","reno","RNO","39.498","-119.768","2023-02-09"
"584185","1975-08-11","F","true","true","usa","winston-salem","INT","36.134","-80.222","2023-02-09"
"584217","1971-10-13","F","false","false","usa","brownsville","BRO","25.907","-97.426","2023-02-09"
"584241","1967-11-13","F","false","true","usa","charlotte","CLT","35.214","-80.943","2023-02-09"
"584247","1985-04-14","F","false","false","canada","calgary","YYC","51.114","-114.02","2023-02-09"
"584288","1986-07-17","F","false","false","usa","tallahassee","TLH","30.396","-84.35","2023-02-09"
"584423","1989-04-20","F","false","false","usa","tampa","TPA","27.975","-82.533","2023-02-10"
"584459","1986-09-10","F","true","true","usa","richmond","RIC","37.505","-77.319","2023-02-10"
"584525","1973-11-13","F","false","false","usa","new york","LGA","40.777","-73.872","2023-02-10"
"584530","1981-02-01","F","true","true","usa","brownsville","BRO","25.907","-97.426","2023-02-10"
"584531","1979-08-14","M","true","true","usa","shreveport","BAD","32.502","-93.663","2023-02-10"
"584537","1974-07-23","F","true","false","usa","el paso","BIF","31.849","-106.38","2023-02-10"
"584549","1969-03-04","F","false","false","usa","st. louis","STL","38.748","-90.36","2023-02-10"
"584591","1982-07-19","F","false","false","usa","new york","JFK","40.64","-73.779","2023-02-10"
"584666","1973-09-19","M","true","false","usa","milwaukee","MKE","42.947","-87.896","2023-02-10"
"584787","1958-07-21","F","true","false","usa","los angeles","LAX","33.942","-118.408","2023-02-10"
"584843","1968-07-03","F","true","true","usa","san diego","SAN","32.733","-117.189","2023-02-10"
"584844","1980-11-12","F","false","false","usa","oakland","OAK","37.721","-122.221","2023-02-10"
"584875","1983-10-13","F","true","false","usa","las vegas","LAS","36.08","-115.152","2023-02-10"
"584912","1987-03-21","F","false","false","usa","tucson","DMA","32.166","-110.883","2023-02-10"
"584977","1978-02-18","M","false","false","usa","fort worth","FTW","32.82","-97.362","2023-02-10"
"584998","1968-05-20","F","true","false","usa","lincoln","LNK","40.851","-96.759","2023-02-10"
"585138","1957-12-24","F","true","false","usa","los angeles","LAX","33.942","-118.408","2023-02-10"
"585169","1989-04-07","M","true","true","usa","los angeles","LAX","33.942","-118.408","2023-02-10"
"585187","1967-04-27","F","true","false","usa","philadelphia","PHL","39.872","-75.241","2023-02-10"
"585231","1974-12-15","M","false","false","usa","new york","LGA","40.777","-73.872","2023-02-10"
"585248","1975-12-12","F","true","true","usa","el paso","ELP","31.807","-106.378","2023-02-10"
"585250","1977-03-15","F","false","false","usa","new york","JFK","40.64","-73.779","2023-02-10"
"585310","1989-01-24","F","false","false","canada","toronto","YZD","43.742","-79.466","2023-02-10"
"585361","2001-07-24","F","false","true","usa","new york","LGA","40.777","-73.872","2023-02-10"
"585492","1978-11-05","F","false","false","usa","new york","LGA","40.777","-73.872","2023-02-10"
"585522","1956-05-17","M","true","false","usa","phoenix","LUF","33.535","-112.383","2023-02-10"
"585583","1986-07-10","F","false","true","usa","milwaukee","MKE","42.947","-87.896","2023-02-10"
"585585","1977-05-06","F","false","false","usa","new york","JFK","40.64","-73.779","2023-02-10"
"585595","1980-06-18","F","false","false","usa","washington","IAD","38.944","-77.456","2023-02-10"
"585650","1992-09-16","F","false","false","usa","portland","PDX","45.589","-122.597","2023-02-10"
"585717","2004-03-06","M","false","false","usa","houston","HOU","29.645","-95.279","2023-02-10"
"585722","1989-12-20","F","true","false","canada","montreal","YMX","45.68","-74.039","2023-02-10"
"585745","1976-11-07","F","true","false","usa","lubbock","LBB","33.664","-101.823","2023-02-10"
"585768","1980-05-12","F","false","true","usa","san francisco","SFO","37.619","-122.375","2023-02-10"
"585832","1974-02-09","F","false","false","canada","hamilton","YHM","43.173","-79.935","2023-02-10"
"585882","1974-06-18","F","true","false","usa","des moines","DSM","41.534","-93.663","2023-02-10"
"585915","1977-07-06","F","true","false","usa","los angeles","LAX","33.942","-118.408","2023-02-10"
"585946","1976-09-01","F","true","false","usa","akron","AKR","41.038","-81.467","2023-02-10"
"585965","1975-07-19","F","false","false","usa","fort worth","FTW","32.82","-97.362","2023-02-10"
"585986","1979-07-03","M","true","true","canada","calgary","YYC","51.114","-114.02","2023-02-10"
"586006","1981-12-22","F","false","true","usa","los angeles","LAX","33.942","-118.408","2023-02-10"
"586038","1997-04-12","F","false","false","canada","calgary","YYC","51.114","-114.02","2023-02-10"
"586063","1980-07-21","M","false","false","canada","hamilton","YHM","43.173","-79.935","2023-02-10"
"586077","1975-10-22","F","true","false","usa","new york","JFK","40.64","-73.779","2023-02-10"
"586096","1976-11-26","F","true","false","usa","chicago","ORD","41.979","-87.904","2023-02-10"
"586122","1972-07-19","M","true","false","usa","indianapolis","IND","39.717","-86.294","2023-02-10"
"586124","1981-05-10","M","false","false","usa","louisville","LOU","38.228","-85.664","2023-02-10"
"586192","1975-04-12","F","true","false","usa","lincoln","LNK","40.851","-96.759","2023-02-10"
"586251","1988-06-12","F","false","true","usa","long beach","LGB","33.818","-118.151","2023-02-10"
"586257","2004-01-03","M","false","false","usa","norfolk","NGU","36.938","-76.289","2023-02-10"
"586270","1988-09-12","F","false","true","usa","boston","BOS","42.364","-71.005","2023-02-10"
"586272","2006-04-05","F","false","false","usa","colorado springs","COS","38.806","-104.7","2023-02-10"
"586312","1979-10-22","F","false","false","usa","new york","JFK","40.64","-73.779","2023-02-10"
"586344","2006-02-18","F","false","false","canada","edmonton","YED","53.667","-113.467","2023-02-10"
"586357","2002-06-13","F","false","false","usa","san diego","SAN","32.733","-117.189","2023-02-10"
"586384","1990-07-20","F","false","false","canada","toronto","YTZ","43.627","-79.396","2023-02-10"
"586458","1954-03-20","F","true","false","usa","el paso","BIF","31.849","-106.38","2023-02-10"
"586471","1976-03-16","F","false","false","usa","philadelphia","PNE","40.082","-75.011","2023-02-10"
"586631","1988-11-07","F","false","true","usa","nashville","BNA","36.124","-86.678","2023-02-11"
"586637","1977-05-22","F","true","false","usa","chicago","MDW","41.786","-87.752","2023-02-11"
"586644","1973-03-25","F","true","false","usa","philadelphia","PNE","40.082","-75.011","2023-02-11"
"586656","1978-07-28","F","true","false","canada","toronto","YTZ","43.627","-79.396","2023-02-11"
"586672","1997-09-10","F","false","false","usa","baltimore","BWI","39.175","-76.668","2023-02-11"
"586701","1982-05-05","M","false","false","usa","philadelphia","PNE","40.082","-75.011","2023-02-11"
"586721","2006-10-21","F","false","false","usa","new york","LGA","40.777","-73.872","2023-02-11"
"586732","1991-10-01","F","false","false","canada","london","YXU","43.036","-81.154","2023-02-11"
"586762","1987-09-26","F","false","false","canada","montreal","YUL","45.468","-73.741","2023-02-11"
"586774","1984-04-13","F","true","true","usa","new york","LGA","40.777","-73.872","2023-02-11"
"586803","1988-03-06","F","true","true","usa","corpus christi","CRP","27.77","-97.501","2023-02-11"
"586811","1981-08-01","F","false","true","usa","baltimore","BWI","39.175","-76.668","2023-02-11"
"586820","1981-06-03","F","true","false","canada","toronto","YYZ","43.677","-79.631","2023-02-11"
"586829","2006-11-09","F","false","false","usa","los angeles","LAX","33.942","-118.408","2023-02-11"
"586850","1979-01-09","F","false","false","canada","hamilton","YHM","43.173","-79.935","2023-02-11"
"586876","1989-09-18","F","false","true","canada","toronto","YZD","43.742","-79.466","2023-02-11"
"586887","1985-09-22","F","true","false","usa","santa ana","SNA","33.676","-117.868","2023-02-11"
"586936","1975-01-28","F","false","false","usa","tucson","DMA","32.166","-110.883","2023-02-11"
"586953","1983-12-16","F","false","true","usa","memphis","MEM","35.042","-89.977","2023-02-11"
"587134","1983-10-20","F","false","false","usa","new york","JFK","40.64","-73.779","2023-02-11"
"587195","1959-08-19","M","false","true","usa","corpus christi","CRP","27.77","-97.501","2023-02-11"
"587233","1969-04-14","F","true","true","usa","new york","JFK","40.64","-73.779","2023-02-11"
"587234","1984-01-07","F","false","true","canada","toronto","YZD","43.742","-79.466","2023-02-11"
"587304","1975-01-18","F","true","false","usa","chicago","MDW","41.786","-87.752","2023-02-11"
"587313","1995-06-13","F","false","false","usa","new york","JFK","40.64","-73.779","2023-02-11"
"587373","1971-12-01","F","true","false","usa","jacksonville","NCA","34.708","-77.439","2023-02-11"
"587459","1975-08-05","F","true","false","usa","philadelphia","PNE","40.082","-75.011","2023-02-11"
"587470","1968-01-26","F","true","true","usa","indianapolis","IND","39.717","-86.294","2023-02-11"
"587483","1976-06-22","F","false","false","usa","miami","MIA","25.793","-80.291","2023-02-11"
"587538","1982-12-24","F","false","true","usa","kansas city","MCI","39.297","-94.714","2023-02-11"
"587577","1973-07-27","F","true","false","canada","toronto","YTZ","43.627","-79.396","2023-02-11"
"587601","1952-11-10","F","true","false","canada","toronto","YYZ","43.677","-79.631","2023-02-11"
"587642","1953-07-07","F","false","false","usa","fresno","FAT","36.776","-119.718","2023-02-11"
"587675","1980-10-19","F","false","false","usa","atlanta","ATL","33.64","-84.427","2023-02-11"
"587698","2003-02-15","F","false","false","usa","salt lake city","SLC","40.788","-111.978","2023-02-11"
"587753","1950-12-27","F","true","false","usa","san antonio","RND","29.529","-98.279","2023-02-11"
"587754","1974-09-08","F","true","true","usa","austin","AUS","30.194","-97.67","2023-02-11"
"587802","1974-07-28","F","false","false","usa","los angeles","LAX","33.942","-118.408","2023-02-11"
"587810","1970-12-01","F","false","true","usa","lincoln","LNK","40.851","-96.759","2023-02-11"
"587899","1987-08-26","F","false","false","usa","tampa","MCF","27.849","-82.521","2023-02-11"
"588013","1995-10-08","M","false","false","canada","hamilton","YHM","43.173","-79.935","2023-02-11"
"588048","1980-04-28","F","true","false","usa","san antonio","SKF","29.384","-98.581","2023-02-11"
"588103","1975-04-24","F","true","false","usa","san jose","SJC","37.362","-121.929","2023-02-11"
"588313","2006-02-04","F","false","false","usa","new york","JFK","40.64","-73.779","2023-02-11"
"588355","1977-02-05","F","true","false","usa","los angeles","LAX","33.942","-118.408","2023-02-11"
"588370","1984-10-23","M","true","true","canada","calgary","YYC","51.114","-114.02","2023-02-11"
"588386","1989-12-03","F","false","false","usa","cleveland","CLE","41.412","-81.85","2023-02-11"
"588391","1976-01-01","F","false","true","usa","kansas city","MCI","39.297","-94.714","2023-02-11"
"588414","1973-03-14","F","false","false","usa","new york","JFK","40.64","-73.779","2023-02-11"
"588497","2004-02-14","F","false","true","usa","san jose","SJC","37.362","-121.929","2023-02-11"
"588507","1974-04-21","F","false","false","usa","st. petersburg","PIE","27.911","-82.687","2023-02-11"
"588526","2006-06-12","F","false","true","usa","baltimore","BWI","39.175","-76.668","2023-02-11"
"588560","1999-09-28","F","false","false","usa","chicago","MDW","41.786","-87.752","2023-02-11"
"588582","1975-07-25","F","false","false","usa","chicago","MDW","41.786","-87.752","2023-02-11"
"588677","1990-07-18","F","true","true","usa","atlanta","ATL","33.64","-84.427","2023-02-12"
"588732","1986-04-04","F","false","false","usa","lincoln","LNK","40.851","-96.759","2023-02-12"
"588797","1979-09-13","M","true","true","canada","victoria","YYJ","48.647","-123.426","2023-02-12"
"588820","1978-08-24","F","false","false","usa","cincinnati","LUK","39.103","-84.419","2023-02-12"
"588893","1980-10-27","F","false","false","usa","phoenix","LUF","33.535","-112.383","2023-02-12"
"588919","1970-04-16","F","true","true","usa","fort worth","FTW","32.82","-97.362","2023-02-12"
"588970","1999-12-01","F","false","true","usa","omaha","OFF","41.118","-95.913","2023-02-12"
"589008","2006-01-21","F","false","false","canada","halifax","YAW","44.64","-63.499","2023-02-12"
"589121","2001-12-12","F","false","false","usa","madison","MSN","43.14","-89.337","2023-02-12"
"589140","1994-03-02","F","false","true","usa","los angeles","LAX","33.942","-118.408","2023-02-12"
"589154","1986-06-10","F","true","true","usa","washington","DCA","38.852","-77.037","2023-02-12"
"589162","1974-08-08","F","false","true","usa","sacramento","SMF","38.695","-121.591","2023-02-12"
"589164","1978-11-27","F","true","true","usa","oklahoma city","TIK","35.415","-97.386","2023-02-12"
"589171","1988-05-13","F","true","true","usa","los angeles","LAX","33.942","-118.408","2023-02-12"
"589228","1973-01-19","M","true","false","usa","los angeles","LAX","33.942","-118.408","2023-02-12"
"589259","1985-12-26","M","true","true","usa","los angeles","LAX","33.942","-118.408","2023-02-12"
"589306","1983-12-24","F","false","true","usa","new york","LGA","40.777","-73.872","2023-02-12"
"589311","1982-02-04","F","true","true","usa","portland","PWM","43.646","-70.309","2023-02-12"
"589404","1983-06-25","F","false","true","usa","new orleans","MSY","29.993","-90.258","2023-02-12"
"589405","1982-06-16","F","true","true","canada","ottawa","YOW","45.323","-75.669","2023-02-12"
"589414","1977-12-19","F","true","true","usa","omaha","OMA","41.302","-95.894","2023-02-12"
"589489","1982-03-12","F","false","false","usa","new york","JFK","40.64","-73.779","2023-02-12"
"589539","2001-12-17","F","false","false","usa","richmond","RIC","37.505","-77.319","2023-02-12"
"589630","1975-03-21","F","true","true","usa","charlotte","CLT","35.214","-80.943","2023-02-12"
"589650","1985-06-05","F","false","false","canada","montreal","YHU","45.517","-73.417","2023-02-12"
"589758","1976-11-09","F","true","false","usa","washington","IAD","38.944","-77.456","2023-02-12"
"589775","1974-09-26","F","false","false","canada","london","YXU","43.036","-81.154","2023-02-12"
"589812","1974-11-16","F","true","true","usa","newark","EWR","40.692","-74.169","2023-02-12"
"589822","2003-02-06","F","false","false","usa","columbus","CMH","39.998","-82.892","2023-02-12"
"589868","1982-01-18","F","true","false","usa","san diego","SAN","32.733","-117.189","2023-02-12"
"589884","1997-06-03","O","true","false","usa","minneapolis","MSP","44.88","-93.217","2023-02-12"
"589977","1973-02-09","F","true","false","canada","toronto","YYZ","43.677","-79.631","2023-02-12"
"589995","1973-11-27","F","true","false","usa","nashville","BNA","36.124","-86.678","2023-02-12"
"590014","2004-01-24","F","false","false","canada","toronto","YKZ","43.862","-79.37","2023-02-12"
"590040","1985-04-02","F","false","false","canada","montreal","YHU","45.517","-73.417","2023-02-12"
"590077","1984-11-20","F","false","false","usa","los angeles","LAX","33.942","-118.408","2023-02-12"
"590095","1986-02-20","F","false","false","usa","providence","PVD","41.724","-71.428","2023-02-12"
"590103","1975-07-14","F","true","false","usa","philadelphia","PNE","40.082","-75.011","2023-02-12"
"590123","1964-07-09","F","true","false","usa","minneapolis","MSP","44.88","-93.217","2023-02-12"
"590130","1964-11-16","F","false","false","usa","austin","AUS","30.194","-97.67","2023-02-12"
"590163","1982-12-26","F","false","true","usa","philadelphia","PHL","39.872","-75.241","2023-02-12"
"590202","1980-02-06","F","false","false","usa","new york","JFK","40.64","-73.779","2023-02-12"
"590227","1975-01-15","F","false","false","canada","toronto","YYZ","43.677","-79.631","2023-02-12"
"590230","1996-06-23","F","false","false","usa","new york","JFK","40.64","-73.779","2023-02-12"
"590379","1970-11-08","F","true","false","usa","san francisco","SFO","37.619","-122.375","2023-02-12"
"590394","1982-06-18","F","true","true","usa","san francisco","SFO","37.619","-122.375","2023-02-12"
"590397","2006-07-23","F","false","false","usa","memphis","MEM","35.042","-89.977","2023-02-12"
"590400","1979-08-04","F","true","false","canada","montreal","YMX","45.68","-74.039","2023-02-12"
"590404","1972-03-23","F","true","true","usa","san antonio","RND","29.529","-98.279","2023-02-12"
"590412","1982-11-04","F","false","false","usa","bakersfield","BFL","35.433","-119.057","2023-02-12"
"590420","1997-05-01","F","false","true","usa","santa ana","SNA","33.676","-117.868","2023-02-12"
"590429","1967-04-15","F","false","false","usa","louisville","LOU","38.228","-85.664","2023-02-12"
"590434","1970-03-13","M","false","false","usa","riverside","RIV","33.881","-117.259","2023-02-12"
"590442","1979-04-06","F","true","false","usa","rochester","ROC","43.119","-77.672","2023-02-12"
"590468","2001-05-18","F","false","false","usa","new york","JFK","40.64","-73.779","2023-02-12"
"590471","1969-02-06","F","true","false","canada","toronto","YTZ","43.627","-79.396","2023-02-12"
"590473","1976-03-05","F","true","false","usa","new york","LGA","40.777","-73.872","2023-02-12"
"590558","1997-01-11","F","true","false","usa","milwaukee","MKE","42.947","-87.896","2023-02-13"
"590659","1988-08-22","F","false","false","usa","milwaukee","MKE","42.947","-87.896","2023-02-13"
"590697","1980-07-02","F","false","false","usa","cleveland","CLE","41.412","-81.85","2023-02-13"
"590744","2003-04-23","F","false","false","usa","los angeles","LAX","33.942","-118.408","2023-02-13"
"590829","1980-06-13","F","false","false","usa","minneapolis","MSP","44.88","-93.217","2023-02-13"
"590843","1988-11-11","F","true","true","usa","columbus","LCK","39.814","-82.928","2023-02-13"
"590905","1982-09-10","F","true","false","usa","houston","EFD","29.607","-95.159","2023-02-13"
"590922","1958-08-19","F","false","false","canada","montreal","YUL","45.468","-73.741","2023-02-13"
"590954","1977-08-02","F","true","false","usa","little rock","LIT","34.729","-92.224","2023-02-13"
"590967","1978-04-11","F","false","true","usa","houston","HOU","29.645","-95.279","2023-02-13"
"590981","1985-04-06","F","true","false","usa","philadelphia","PHL","39.872","-75.241","2023-02-13"
"591003","1977-06-15","F","false","true","usa","philadelphia","PNE","40.082","-75.011","2023-02-13"
"591063","1970-03-05","F","true","false","canada","toronto","YTZ","43.627","-79.396","2023-02-13"
"591097","1979-08-19","F","false","true","usa","houston","IAH","29.98","-95.34","2023-02-13"
"591155","1982-12-26","M","true","false","canada","windsor","YQG","42.276","-82.956","2023-02-13"
"591255","1995-12-04","F","false","false","usa","omaha","OMA","41.302","-95.894","2023-02-13"
"591271","1977-03-25","F","true","false","canada","halifax","YAW","44.64","-63.499","2023-02-13"
"591328","1986-08-20","F","false","false","usa","newark","EWR","40.692","-74.169","2023-02-13"
"591381","2000-10-04","F","false","false","usa","des moines","DSM","41.534","-93.663","2023-02-13"
"591433","1988-03-28","F","false","false","usa","dallas","DAL","32.847","-96.852","2023-02-13"
"591478","2004-06-11","F","false","false","usa","new york","JFK","40.64","-73.779","2023-02-13"
"591582","1993-08-27","M","true","false","canada","montreal","YUL","45.468","-73.741","2023-02-13"
"591593","1999-06-22","F","false","false","usa","long beach","LGB","33.818","-118.151","2023-02-13"
"591599","1969-01-23","F","false","true","usa","lincoln","LNK","40.851","-96.759","2023-02-13"
"591714","1975-08-10","F","true","false","usa","charlotte","CLT","35.214","-80.943","2023-02-13"
"591746","1984-11-02","F","false","false","usa","san antonio","RND","29.529","-98.279","2023-02-13"
"591835","1948-04-24","F","false","false","usa","reno","RNO","39.498","-119.768","2023-02-13"
"591888","1972-03-14","F","true","false","usa","denver","DEN","39.858","-104.667","2023-02-13"
"592035","1980-07-11","F","false","true","usa","jacksonville","LRF","34.918","-92.146","2023-02-13"
"592079","2006-08-28","F","false","false","usa","san francisco","SFO","37.619","-122.375","2023-02-13"
"592082","1965-05-15","F","true","false","usa","boston","BOS","42.364","-71.005","2023-02-13"
"592118","2006-02-08","F","false","false","usa","san jose","SJC","37.362","-121.929","2023-02-13"
"592132","1987-04-01","F","false","false","usa","chicago","ORD","41.979","-87.904","2023-02-13"
"592158","1980-06-17","F","true","true","usa","washington","IAD","38.944","-77.456","2023-02-13"
"592221","1987-04-01","F","false","false","usa","bakersfield","BFL","35.433","-119.057","2023-02-13"
"592366","1986-08-22","F","false","true","canada","toronto","YKZ","43.862","-79.37","2023-02-13"
"592371","1976-06-01","F","false","false","usa","tallahassee","TLH","30.396","-84.35","2023-02-13"
"592372","2006-12-06","M","false","false","usa","charlotte","CLT","35.214","-80.943","2023-02-13"
"592378","2005-06-11","F","false","false","usa","new york","LGA","40.777","-73.872","2023-02-13"
"592399","1992-03-22","F","false","false","canada","toronto","YKZ","43.862","-79.37","2023-02-13"
"592403","1943-09-23","M","false","false","canada","edmonton","YED","53.667","-113.467","2023-02-13"
"592445","1987-02-28","M","false","true","usa","new york","JFK","40.64","-73.779","2023-02-13"
"592491","1985-07-17","F","true","false","usa","rochester","ROC","43.119","-77.672","2023-02-13"
"592598","1973-10-06","F","true","true","usa","fresno","FAT","36.776","-119.718","2023-02-13"
"592707","2000-05-13","F","true","false","usa","boston","BOS","42.364","-71.005","2023-02-13"
"592792","1977-04-10","F","false","true","canada","montreal","YUL","45.468","-73.741","2023-02-13"
"592833","1984-04-21","F","false","true","usa","chicago","MDW","41.786","-87.752","2023-02-13"
"592886","1976-06-26","F","true","false","usa","st. petersburg","SPG","27.765","-82.627","2023-02-13"
"592929","1975-11-12","F","false","false","usa","new york","JFK","40.64","-73.779","2023-02-14"
"592958","2006-05-28","F","false","false","usa","chicago","ORD","41.979","-87.904","2023-02-14"
"593020","1986-05-21","F","false","false","usa","oakland","OAK","37.721","-122.221","2023-02-14"
"593047","1964-02-21","F","true","true","usa","dallas","DAL","32.847","-96.852","2023-02-14"
"593244","1993-12-18","F","false","false","usa","columbus","LCK","39.814","-82.928","2023-02-14"
"593350","1976-06-14","F","false","true","usa","sacramento","MHR","38.554","-121.297","2023-02-14"
"593385","1978-11-25","F","true","true","usa","new york","JFK","40.64","-73.779","2023-02-14"
"593386","1986-01-09","F","false","false","usa","sacramento","SMF","38.695","-121.591","2023-02-14"
"593398","2001-03-08","F","false","false","usa","atlanta","ATL","33.64","-84.427","2023-02-14"
"593401","1985-08-22","F","false","false","usa","tallahassee","TLH","30.396","-84.35","2023-02-14"
"593494","1967-08-18","F","true","false","usa","new york","LGA","40.777","-73.872","2023-02-14"
"593536","1977-10-28","F","true","true","usa","houston","EFD","29.607","-95.159","2023-02-14"
"593632","1968-11-07","F","true","true","usa","dallas","DAL","32.847","-96.852","2023-02-14"
"593672","1992-02-28","F","false","false","usa","brownsville","BRO","25.907","-97.426","2023-02-14"
"593719","1986-10-26","M","false","true","usa","houston","HOU","29.645","-95.279","2023-02-14"
"593786","1978-10-13","F","false","true","canada","vancouver","YVR","49.195","-123.182","2023-02-14"
"593804","1994-07-02","F","true","false","canada","victoria","YYJ","48.647","-123.426","2023-02-14"
"593833","2001-04-20","F","false","false","usa","detroit","YIP","42.238","-83.53","2023-02-14"
"593910","1968-02-01","M","true","false","canada","winnipeg","YAV","50.056","-97.032","2023-02-14"
"594000","1957-09-04","F","true","false","usa","new york","JFK","40.64","-73.779","2023-02-14"
"594027","1990-04-08","F","false","true","usa","san francisco","SFO","37.619","-122.375","2023-02-14"
"594042","1987-07-25","F","true","false","usa","memphis","MEM","35.042","-89.977","2023-02-14"
"594103","1987-12-09","F","false","true","usa","tampa","TPA","27.975","-82.533","2023-02-14"
"594123","1976-12-08","F","false","true","canada","quebec","YQB","46.788","-71.398","2023-02-14"
"594146","1955-07-28","F","false","false","usa","columbus","LCK","39.814","-82.928","2023-02-14"
"594188","1970-05-22","F","false","true","usa","oakland","OAK","37.721","-122.221","2023-02-14"
"594238","1969-03-11","F","true","true","usa","amarillo","AMA","35.219","-101.706","2023-02-14"
"594240","1981-08-12","F","false","true","usa","austin","AUS","30.194","-97.67","2023-02-14"
"594406","1987-12-05","F","false","false","usa","chicago","UGN","42.422","-87.868","2023-02-14"
"594410","1956-01-04","F","true","false","canada","calgary","YYC","51.114","-114.02","2023-02-14"
"594446","1998-09-01","F","false","true","canada","montreal","YUL","45.468","-73.741","2023-02-14"
"594449","1971-09-20","F","true","true","usa","kansas city","MCI","39.297","-94.714","2023-02-14"
"594503","2001-06-04","F","false","false","usa","los angeles","LAX","33.942","-118.408","2023-02-14"
"594516","1993-03-22","F","false","false","usa","birmingham","BHM","33.563","-86.753","2023-02-14"
"594601","1988-12-16","F","true","false","usa","honolulu","HNL","21.316","-157.927","2023-02-14"
"594644","1973-01-14","F","true","false","usa","shreveport","BAD","32.502","-93.663","2023-02-14"
"594695","1968-03-18","F","true","false","usa","denver","DEN","39.858","-104.667","2023-02-14"
"594737","1990-05-24","F","true","true","usa","los angeles","LAX","33.942","-118.408","2023-02-14"
"594824","1976-06-25","F","true","true","usa","oklahoma city","OKC","35.393","-97.601","2023-02-14"
"594875","2006-04-02","F","false","true","canada","edmonton","YED","53.667","-113.467","2023-02-15"
"594892","1972-09-11","F","true","false","usa","san antonio","SKF","29.384","-98.581","2023-02-15"
"594914","1980-10-15","F","false","false","canada","halifax","YHZ","44.881","-63.509","2023-02-15"
"594948","1959-04-23","F","false","false","canada","edmonton","YXD","53.573","-113.521","2023-02-15"
"594985","1982-01-21","F","false","false","canada","toronto","YKZ","43.862","-79.37","2023-02-15"
"595026","1977-07-20","F","false","false","canada","montreal","YMX","45.68","-74.039","2023-02-15"
"595087","1982-08-03","F","false","false","usa","los angeles","LAX","33.942","-118.408","2023-02-15"
"595122","1966-06-10","F","true","false","canada","toronto","YZD","43.742","-79.466","2023-02-15"
"595123","1982-12-27","F","false","true","canada","victoria","YYJ","48.647","-123.426","2023-02-15"
"595126","1991-09-05","F","false","false","canada","gatineau","YND","45.521","-75.564","2023-02-15"
"595171","1989-09-12","F","true","false","usa","columbus","LCK","39.814","-82.928","2023-02-15"
"595183","1957-12-02","F","true","false","usa","seattle","SEA","47.449","-122.309","2023-02-15"
"595184","1974-08-08","F","false","false","canada","toronto","YYZ","43.677","-79.631","2023-02-15"
"595257","1978-03-02","F","false","false","usa","san diego","SAN","32.733","-117.189","2023-02-15"
"595283","1969-09-14","F","true","false","usa","baton rouge","BTR","30.533","-91.149","2023-02-15"
"595284","1971-12-12","F","true","false","usa","new york","LGA","40.777","-73.872","2023-02-15"
"595386","1983-01-23","F","false","false","usa","san antonio","SKF","29.384","-98.581","2023-02-15"
"595414","1975-07-14","F","true","false","usa","dallas","DAL","32.847","-96.852","2023-02-15"
"595431","1986-10-27","F","false","false","usa","new york","LGA","40.777","-73.872","2023-02-15"
"595442","1979-12-21","F","false","false","usa","corpus christi","CRP","27.77","-97.501","2023-02-15"
"595506","1999-05-22","F","false","false","usa","long beach","LGB","33.818","-118.151","2023-02-15"
"595527","1992-11-22","F","true","false","usa","kansas city","MCI","39.297","-94.714","2023-02-15"
"595587","1985-06-02","F","false","true","usa","st. louis","STL","38.748","-90.36","2023-02-15"
"595624","1988-04-01","F","false","false","usa","anchorage","ANC","61.174","-149.996","2023-02-15"
"595626","1978-02-25","F","false","false","usa","los angeles","LAX","33.942","-118.408","2023-02-15"
"595690","1955-04-06","F","true","false","usa","orlando","ORL","28.545","-81.333","2023-02-15"
"595740","1966-05-15","F","true","true","usa","san diego","NZY","32.699","-117.215","2023-02-15"
"595852","1970-06-16","F","false","false","canada","montreal","YMX","45.68","-74.039","2023-02-15"
"595861","1983-08-15","F","false","false","usa","new york","LGA","40.777","-73.872","2023-02-15"
"595897","1998-05-03","F","false","false","canada","montreal","YMX","45.68","-74.039","2023-02-15"
"595958","1972-11-28","F","true","false","usa","sacramento","MCC","38.667","-121.401","2023-02-15"
"596103","2000-06-04","F","false","false","usa","new york","JFK","40.64","-73.779","2023-02-15"
"596153","1972-01-16","F","true","false","canada","toronto","YKZ","43.862","-79.37","2023-02-15"
"596186","2002-01-04","F","false","false","usa","washington","DCA","38.852","-77.037","2023-02-15"
"596220","1973-03-02","F","true","false","usa","mobile","MOB","30.691","-88.243","2023-02-15"
"596222","1964-05-07","F","true","false","usa","philadelphia","PNE","40.082","-75.011","2023-02-15"
"596320","1987-10-23","F","true","true","usa","fayetteville","FYV","36.005","-94.17","2023-02-15"
"596329","2003-04-27","F","false","false","usa","phoenix","PHX","33.434","-112.008","2023-02-15"
"596335","1985-06-20","M","true","false","canada","hamilton","YHM","43.173","-79.935","2023-02-15"
"596349","1956-06-12","F","true","false","usa","fresno","FAT","36.776","-119.718","2023-02-15"
"596361","1992-03-22","F","false","false","usa","san jose","SJC","37.362","-121.929","2023-02-15"
"596409","1977-03-01","F","false","false","usa","chicago","MDW","41.786","-87.752","2023-02-15"
"596442","2006-02-20","O","false","false","usa","omaha","OMA","41.302","-95.894","2023-02-15"
"596505","1981-08-28","F","false","false","usa","san diego","NZY","32.699","-117.215","2023-02-15"
"596559","2005-01-03","F","false","false","canada","edmonton","YEG","53.31","-113.58","2023-02-15"
"596611","2001-01-26","M","false","false","canada","halifax","YAW","44.64","-63.499","2023-02-15"
"596732","1977-09-23","F","true","true","usa","san antonio","SAT","29.534","-98.47","2023-02-15"
"596820","1987-04-24","F","false","false","usa","wichita","ICT","37.65","-97.433","2023-02-15"
"596856","1994-02-03","F","false","true","canada","quebec","YQB","46.788","-71.398","2023-02-15"
"596863","1985-01-04","F","true","true","usa","chicago","ORD","41.979","-87.904","2023-02-15"
"597003","1980-04-04","F","true","false","usa","stockton","SCK","37.894","-121.239","2023-02-16"
"597010","1984-05-04","F","true","false","canada","edmonton","YXD","53.573","-113.521","2023-02-16"
"597029","1984-09-16","F","true","false","canada","montreal","YUL","45.468","-73.741","2023-02-16"
"597300","1987-09-04","F","true","true","usa","new york","JFK","40.64","-73.779","2023-02-16"
"597410","1976-04-21","M","false","false","usa","new york","JFK","40.64","-73.779","2023-02-16"
"597434","1983-11-23","F","false","false","usa","austin","AUS","30.194","-97.67","2023-02-16"
"597498","1965-09-24","M","true","false","canada","london","YXU","43.036","-81.154","2023-02-16"
"597510","1970-10-15","F","false","true","canada","montreal","YHU","45.517","-73.417","2023-02-16"
"597662","2006-08-02","F","false","true","canada","ottawa","YOW","45.323","-75.669","2023-02-16"
"597734","1978-03-14","F","true","false","usa","san francisco","SFO","37.619","-122.375","2023-02-16"
"597836","1980-10-21","F","false","false","usa","fort worth","FTW","32.82","-97.362","2023-02-16"
"597878","1970-01-20","F","false","false","usa","columbus","CMH","39.998","-82.892","2023-02-16"
"597946","1969-10-02","F","true","false","usa","atlanta","ATL","33.64","-84.427","2023-02-16"
"597948","2004-10-05","M","false","true","canada","montreal","YHU","45.517","-73.417","2023-02-16"
"597954","1982-12-04","F","true","false","usa","new york","JFK","40.64","-73.779","2023-02-16"
"597955","1959-11-04","F","true","true","usa","los angeles","LAX","33.942","-118.408","2023-02-16"
"598069","1993-01-14","F","false","false","usa","tampa","TPA","27.975","-82.533","2023-02-16"
"598075","1987-05-01","F","true","true","usa","houston","EFD","29.607","-95.159","2023-02-16"
"598185","1989-07-21","F","true","true","usa","cleveland","CLE","41.412","-81.85","2023-02-16"
"598233","1980-01-21","F","true","true","usa","phoenix","LUF","33.535","-112.383","2023-02-16"
"598265","1978-06-02","M","true","true","usa","baltimore","BWI","39.175","-76.668","2023-02-16"
"598276","1978-08-15","F","true","false","usa","mobile","BFM","30.626","-88.068","2023-02-16"
"598306","1975-08-04","F","true","false","usa","miami","TNT","25.862","-80.897","2023-02-16"
"598526","1956-01-10","M","true","false","usa","columbus","LCK","39.814","-82.928","2023-02-16"
"598533","1985-08-14","F","false","true","canada","victoria","YYJ","48.647","-123.426","2023-02-16"
"598590","1975-06-14","F","true","false","usa","las vegas","LAS","36.08","-115.152","2023-02-16"
"598687","1984-04-16","M","false","false","usa","modesto","MOD","37.626","-120.954","2023-02-16"
"598691","1987-06-18","F","false","false","canada","ottawa","YOW","45.323","-75.669","2023-02-16"
"598692","2002-01-25","M","false","false","usa","los angeles","LAX","33.942","-118.408","2023-02-16"
"598715","1994-08-28","F","true","true","canada","gatineau","YND","45.521","-75.564","2023-02-16"
"598832","1971-11-08","F","true","true","usa","louisville","LOU","38.228","-85.664","2023-02-16"
"598881","1979-12-08","F","false","false","usa","knoxville","TYS","35.812","-83.993","2023-02-16"
"598911","1985-11-17","F","false","false","canada","montreal","YUL","45.468","-73.741","2023-02-16"
"598945","2003-05-05","F","false","false","usa","charlotte","CLT","35.214","-80.943","2023-02-16"
"599065","1984-08-23","M","false","true","usa","new york","LGA","40.777","-73.872","2023-02-16"
"599239","1985-01-03","F","false","true","usa","nashville","BNA","36.124","-86.678","2023-02-16"
"599244","1998-07-04","F","false","false","usa","dallas","DAL","32.847","-96.852","2023-02-16"
"599311","1984-10-09","F","false","true","canada","quebec","YQB","46.788","-71.398","2023-02-17"
"599335","1970-12-07","F","false","false","usa","el paso","ELP","31.807","-106.378","2023-02-17"
"599348","1984-03-05","F","false","false","usa","san antonio","RND","29.529","-98.279","2023-02-17"
"599437","1971-09-06","F","false","false","usa","amarillo","AMA","35.219","-101.706","2023-02-17"
"599454","1981-09-27","F","true","false","usa","charlotte","CLT","35.214","-80.943","2023-02-17"
"599649","1968-04-21","F","true","true","usa","new york","JFK","40.64","-73.779","2023-02-17"
"599651","1981-07-20","F","true","false","usa","shreveport","SHV","32.446","-93.826","2023-02-17"
"599657","1975-06-06","F","true","false","canada","london","YXU","43.036","-81.154","2023-02-17"
"599765","1970-02-21","F","false","false","usa","los angeles","LAX","33.942","-118.408","2023-02-17"
"599790","1967-07-23","F","false","false","usa","new york","JFK","40.64","-73.779","2023-02-17"
"599833","1980-06-20","F","true","true","usa","el paso","BIF","31.849","-106.38","2023-02-17"
"599909","1995-04-12","F","false","false","usa","san antonio","SKF","29.384","-98.581","2023-02-17"
"599927","1980-12-17","F","false","false","usa","los angeles","LAX","33.942","-118.408","2023-02-17"
"599999","1957-07-14","F","false","false","canada","victoria","YYJ","48.647","-123.426","2023-02-17"
"600011","1978-12-13","F","false","false","usa","new york","JFK","40.64","-73.779","2023-02-17"
"600018","1985-11-09","F","false","false","usa","grand rapids","GRR","42.881","-85.523","2023-02-17"
"600057","1989-10-16","F","true","false","usa","chicago","UGN","42.422","-87.868","2023-02-17"
"600078","1967-07-03","F","false","false","usa","chicago","UGN","42.422","-87.868","2023-02-17"
"600163","1969-05-17","M","true","true","usa","minneapolis","MSP","44.88","-93.217","2023-02-17"
"600265","1988-10-27","F","false","true","canada","victoria","YYJ","48.647","-123.426","2023-02-17"
"600287","1983-09-25","F","false","true","usa","atlanta","ATL","33.64","-84.427","2023-02-17"
"600304","1967-01-12","F","true","false","usa","philadelphia","PNE","40.082","-75.011","2023-02-17"
"600351","1976-07-15","F","true","false","usa","portland","PDX","45.589","-122.597","2023-02-17"
"600395","1970-05-25","F","true","false","usa","houston","HOU","29.645","-95.279","2023-02-17"
"600444","1971-02-18","F","true","false","canada","edmonton","YXD","53.573","-113.521","2023-02-17"
"600515","1987-11-09","F","true","false","canada","toronto","YZD","43.742","-79.466","2023-02-17"
"600561","1994-03-12","F","false","false","usa","phoenix","PHX","33.434","-112.008","2023-02-17"
"600605","1968-03-24","F","true","false","usa","oakland","OAK","37.721","-122.221","2023-02-17"
"600648","1978-08-26","F","true","false","usa","baltimore","BWI","39.175","-76.668","2023-02-17"
"600690","1985-09-14","F","false","false","canada","london","YXU","43.036","-81.154","2023-02-17"
"600750","1974-12-13","F","true","true","usa","new york","LGA","40.777","-73.872","2023-02-17"
"600796","1944-02-07","F","true","false","canada","vancouver","YVR","49.195","-123.182","2023-02-17"
"600833","1952-01-01","F","true","false","usa","san diego","SAN","32.733","-117.189","2023-02-17"
"600842","1992-08-11","F","false","false","usa","birmingham","BHM","33.563","-86.753","2023-02-17"
"600886","1983-08-10","F","false","false","usa","cincinnati","LUK","39.103","-84.419","2023-02-17"
"600926","1976-07-18","M","true","true","usa","kansas city","MCI","39.297","-94.714","2023-02-17"
"600930","1967-07-04","F","true","true","usa","sacramento","SAC","38.513","-121.493","2023-02-17"
"601094","2005-10-15","M","false","false","usa","chicago","ORD","41.979","-87.904","2023-02-17"
"601104","1969-03-27","F","true","false","usa","santa ana","SNA","33.676","-117.868","2023-02-17"
"601116","1994-11-17","F","false","false","usa","madison","MSN","43.14","-89.337","2023-02-17"
"601158","1993-08-13","F","false","false","usa","new york","LGA","40.777","-73.872","2023-02-17"
"601282","1966-11-27","F","true","true","usa","new york","JFK","40.64","-73.779","2023-02-17"
"601582","1971-06-27","M","false","true","usa","sacramento","SMF","38.695","-121.591","2023-02-17"
"601673","1984-05-28","F","true","true","canada","toronto","YYZ","43.677","-79.631","2023-02-18"
"601882","1977-06-24","F","true","false","usa","omaha","OFF","41.118","-95.913","2023-02-18"
"601894","1998-08-14","F","false","true","usa","new york","JFK","40.64","-73.779","2023-02-18"
"601917","1993-04-04","F","false","false","usa","cleveland","CLE","41.412","-81.85","2023-02-18"
"602120","1981-08-19","F","false","false","canada","montreal","YMX","45.68","-74.039","2023-02-18"
"602190","1979-07-13","F","false","true","usa","houston","HOU","29.645","-95.279","2023-02-18"
"602323","2005-04-26","F","false","true","usa","dallas","DAL","32.847","-96.852","2023-02-18"
"602433","1970-12-15","F","false","false","usa","madison","MSN","43.14","-89.337","2023-02-18"
"602476","1988-06-12","F","false","false","canada","edmonton","YED","53.667","-113.467","2023-02-18"
"602478","1998-03-06","F","true","false","usa","new york","LGA","40.777","-73.872","2023-02-18"
"602598","1992-06-01","F","true","true","usa","new york","LGA","40.777","-73.872","2023-02-18"
"602656","1982-05-21","F","false","false","usa","san antonio","SAT","29.534","-98.47","2023-02-18"
"602734","1987-08-19","F","false","false","usa","chicago","UGN","42.422","-87.868","2023-02-18"
"602748","1981-04-05","M","true","false","usa","oklahoma city","TIK","35.415","-97.386","2023-02-18"
"602769","1986-01-23","F","true","true","usa","new york","JFK","40.64","-73.779","2023-02-18"
"602793","1986-12-13","F","false","true","usa","miami","OPF","25.907","-80.278","2023-02-18"
"602827","1967-10-07","F","true","true","usa","san jose","SJC","37.362","-121.929","2023-02-18"
"602918","1979-06-15","F","true","false","canada","winnipeg","YWG","49.91","-97.234","2023-02-18"
"602921","1957-03-12","F","true","false","canada","toronto","YKZ","43.862","-79.37","2023-02-18"
"602925","1968-09-11","F","true","false","canada","quebec","YQB","46.788","-71.398","2023-02-18"
"602946","1977-02-13","M","false","false","usa","phoenix","LUF","33.535","-112.383","2023-02-18"
"602953","1983-08-16","F","false","false","usa","memphis","MEM","35.042","-89.977","2023-02-18"
"602962","1983-07-02","F","true","true","canada","ottawa","YOW","45.323","-75.669","2023-02-18"
"603033","1951-07-06","F","false","false","usa","los angeles","LAX","33.942","-118.408","2023-02-18"
"603053","1979-01-01","F","false","false","usa","orlando","MCO","28.429","-81.316","2023-02-18"
"603100","1998-05-10","F","false","true","usa","fort worth","FTW","32.82","-97.362","2023-02-18"
"603160","1987-07-06","F","false","false","usa","los angeles","LAX","33.942","-118.408","2023-02-18"
"603221","2002-07-08","F","false","false","usa","new york","LGA","40.777","-73.872","2023-02-18"
"603278","1990-06-13","F","true","false","canada","calgary","YYC","51.114","-114.02","2023-02-18"
"603296","1982-07-01","F","false","false","canada","halifax","YHZ","44.881","-63.509","2023-02-18"
"603341","1957-06-11","F","true","false","usa","jacksonville","LRF","34.918","-92.146","2023-02-18"
"603345","1972-07-26","F","true","true","canada","saskatoon","YXE","52.171","-106.7","2023-02-18"
"603440","1981-03-26","F","false","false","usa","colorado springs","COS","38.806","-104.7","2023-02-18"
"603515","1986-01-06","M","false","false","usa","san diego","NZY","32.699","-117.215","2023-02-18"
"603592","1986-02-24","F","false","false","usa","oklahoma city","OKC","35.393","-97.601","2023-02-18"
"603635","1958-10-12","F","true","false","canada","hamilton","YHM","43.173","-79.935","2023-02-18"
"603715","1978-09-20","F","true","false","usa","phoenix","LUF","33.535","-112.383","2023-02-18"
"603809","1970-03-15","F","true","false","usa","colorado springs","COS","38.806","-104.7","2023-02-18"
"603875","1982-05-01","F","false","false","usa","charlotte","CLT","35.214","-80.943","2023-02-18"
"603883","1964-05-09","F","true","false","usa","baltimore","BWI","39.175","-76.668","2023-02-18"
"604136","1984-11-04","F","true","false","canada","toronto","YKZ","43.862","-79.37","2023-02-18"
"604355","1992-04-23","F","false","false","usa","houston","EFD","29.607","-95.159","2023-02-19"
"604388","1990-08-10","F","false","false","usa","des moines","DSM","41.534","-93.663","2023-02-19"
"604592","2004-07-15","F","false","false","usa","baltimore","BWI","39.175","-76.668","2023-02-19"
"604617","1971-08-17","F","true","false","usa","new orleans","NBG","29.825","-90.035","2023-02-19"
"604664","2000-02-05","F","false","true","usa","austin","AUS","30.194","-97.67","2023-02-19"
"604688","1984-01-27","F","true","true","usa","san francisco","SFO","37.619","-122.375","2023-02-19"
"604804","1975-01-10","F","true","true","usa","new york","LGA","40.777","-73.872","2023-02-19"
"604840","1986-04-06","F","false","false","usa","tampa","TPA","27.975","-82.533","2023-02-19"
"604916","1998-06-06","F","false","true","usa","new york","JFK","40.64","-73.779","2023-02-19"
"604982","1976-11-25","F","true","false","usa","new york","JFK","40.64","-73.779","2023-02-19"
"605004","1982-03-27","F","true","false","usa","buffalo","BUF","42.94","-78.732","2023-02-19"
"605096","1971-01-20","M","true","true","usa","dallas","DAL","32.847","-96.852","2023-02-19"
"605136","2006-05-08","F","false","false","usa","new york","JFK","40.64","-73.779","2023-02-19"
"605308","1955-09-17","F","true","false","usa","houston","EFD","29.607","-95.159","2023-02-19"
"605311","1979-10-04","F","false","true","usa","cleveland","CLE","41.412","-81.85","2023-02-19"
"605439","1983-10-08","F","false","false","usa","san jose","SJC","37.362","-121.929","2023-02-19"
"605494","1977-10-28","F","false","true","usa","new york","JFK","40.64","-73.779","2023-02-19"
"605558","1989-05-12","F","false","false","usa","buffalo","BUF","42.94","-78.732","2023-02-19"
"605578","1991-07-11","F","false","false","usa","honolulu","HNL","21.316","-157.927","2023-02-19"
"605607","1974-12-23","F","true","true","usa","phoenix","LUF","33.535","-112.383","2023-02-19"
"605615","1989-09-19","M","false","false","canada","edmonton","YEG","53.31","-113.58","2023-02-19"
"605619","1980-01-16","F","true","true","usa","miami","OPF","25.907","-80.278","2023-02-19"
"605776","2002-11-15","F","false","false","usa","new york","JFK","40.64","-73.779","2023-02-19"
"605780","1971-01-12","F","true","true","canada","montreal","YHU","45.517","-73.417","2023-02-19"
"605878","1981-10-04","F","true","false","usa","brownsville","BRO","25.907","-97.426","2023-02-19"
"605943","2006-06-25","F","false","false","usa","nashville","BNA","36.124","-86.678","2023-02-19"
"605945","1985-04-03","F","false","true","canada","edmonton","YXD","53.573","-113.521","2023-02-19"
"606041","1968-02-20","F","false","true","canada","vancouver","YVR","49.195","-123.182","2023-02-19"
"606060","1971-11-15","F","true","false","usa","new york","LGA","40.777","-73.872","2023-02-19"
"606094","1969-10-15","F","true","false","usa","new orleans","NBG","29.825","-90.035","2023-02-19"
"606161","1977-05-01","F","true","true","usa","orlando","MCO","28.429","-81.316","2023-02-19"
"606283","1977-03-22","F","false","true","usa","oklahoma city","OKC","35.393","-97.601","2023-02-19"
"606290","1985-10-20","F","true","false","usa","new york","JFK","40.64","-73.779","2023-02-19"
"606333","1980-07-03","F","false","false","usa","providence","PVD","41.724","-71.428","2023-02-19"
"606362","1973-01-09","F","true","false","usa","new york","LGA","40.777","-73.872","2023-02-19"
"606456","1998-10-23","M","false","false","usa","tampa","TPA","27.975","-82.533","2023-02-19"
"606568","1977-06-10","M","false","false","usa","los angeles","LAX","33.942","-118.408","2023-02-19"
"606635","1978-05-01","F","false","false","usa","reno","RNO","39.498","-119.768","2023-02-19"
"606648","1994-08-24","F","false","false","usa","san jose","SJC","37.362","-121.929","2023-02-19"
"606762","1973-07-02","F","false","true","usa","jacksonville","LRF","34.918","-92.146","2023-02-20"
"606862","1985-01-10","F","false","false","canada","calgary","YYC","51.114","-114.02","2023-02-20"
"606930","1983-09-15","F","false","false","usa","charlotte","CLT","35.214","-80.943","2023-02-20"
"607017","1981-02-05","F","false","false","usa","sacramento","MCC","38.667","-121.401","2023-02-20"
"607028","1975-05-20","F","false","false","usa","seattle","BFI","47.53","-122.302","2023-02-20"
"607152","1991-03-28","F","false","false","usa","los angeles","LAX","33.942","-118.408","2023-02-20"
"607197","2006-01-19","F","false","true","usa","dallas","DAL","32.847","-96.852","2023-02-20"
"607270","1981-08-06","F","true","false","usa","columbus","CMH","39.998","-82.892","2023-02-20"
"607280","1987-12-02","F","true","true","usa","omaha","OMA","41.302","-95.894","2023-02-20"
"607350","1986-08-16","F","false","true","canada","victoria","YYJ","48.647","-123.426","2023-02-20"
"607524","1959-08-13","F","true","false","usa","miami","MIA","25.793","-80.291","2023-02-20"
"607626","2005-07-19","F","false","false","canada","montreal","YMX","45.68","-74.039","2023-02-20"
"607706","1986-01-05","F","false","false","canada","calgary","YYC","51.114","-114.02","2023-02-20"
"607799","1988-02-16","F","false","true","usa","los angeles","LAX","33.942","-118.408","2023-02-20"
"607931","1994-12-19","F","false","false","canada","edmonton","YED","53.667","-113.467","2023-02-20"
"607949","2006-02-20","F","false","false","usa","new york","JFK","40.64","-73.779","2023-02-20"
"607998","1984-01-21","F","false","false","usa","new york","JFK","40.64","-73.779","2023-02-20"
"608039","1999-06-26","F","false","false","usa","austin","AUS","30.194","-97.67","2023-02-20"
"608086","1996-10-02","F","false","false","usa","new york","LGA","40.777","-73.872","2023-02-20"
"608287","1981-10-21","F","false","true","usa","dallas","DAL","32.847","-96.852","2023-02-20"
"608296","1982-10-10","F","true","false","usa","san diego","NZY","32.699","-117.215","2023-02-20"
"608343","1980-04-07","F","true","false","usa","new orleans","MSY","29.993","-90.258","2023-02-20"
"608478","1965-10-03","M","true","false","usa","los angeles","LAX","33.942","-118.408","2023-02-20"
"608520","1972-10-14","F","true","false","usa","new orleans","MSY","29.993","-90.258","2023-02-20"
"608521","1964-09-23","F","false","true","canada","montreal","YHU","45.517","-73.417","2023-02-20"
"608629","1988-06-19","F","false","false","usa","new york","LGA","40.777","-73.872","2023-02-20"
"608725","1977-06-05","F","true","true","usa","tacoma","TCM","47.138","-122.476","2023-02-20"
"608727","1969-02-01","F","false","true","canada","hamilton","YHM","43.173","-79.935","2023-02-20"
"608764","1982-06-25","F","true","true","canada","montreal","YHU","45.517","-73.417","2023-02-20"
"608786","1953-08-25","M","true","false","usa","chicago","MDW","41.786","-87.752","2023-02-20"
"608820","1983-12-05","F","true","true","usa","san diego","NZY","32.699","-117.215","2023-02-20"
"608823","2006-04-15","F","false","false","canada","windsor","YQG","42.276","-82.956","2023-02-20"
"608860","1979-12-24","F","false","false","usa","san antonio","RND","29.529","-98.279","2023-02-20"
"608866","1959-11-09","F","true","false","usa","st. louis","STL","38.748","-90.36","2023-02-20"
"608970","1990-09-26","F","false","false","usa","brownsville","BRO","25.907","-97.426","2023-02-21"
"609051","1976-01-11","F","true","true","usa","new york","JFK","40.64","-73.779","2023-02-21"
"609102","1981-12-06","F","false","true","usa","new york","LGA","40.777","-73.872","2023-02-21"
"609167","1985-05-25","F","false","false","usa","omaha","OMA","41.302","-95.894","2023-02-21"
"609221","1993-09-06","F","false","false","usa","oakland","OAK","37.721","-122.221","2023-02-21"
"609228","1967-11-05","F","true","false","usa","los angeles","LAX","33.942","-118.408","2023-02-21"
"609230","1993-12-03","F","false","false","usa","austin","AUS","30.194","-97.67","2023-02-21"
"609236","1982-11-17","F","false","false","usa","milwaukee","MKE","42.947","-87.896","2023-02-21"
"609240","1970-10-05","F","false","true","canada","toronto","YYZ","43.677","-79.631","2023-02-21"
"609243","1986-07-21","M","false","true","usa","minneapolis","MSP","44.88","-93.217","2023-02-21"
"609262","1986-02-07","F","false","false","usa","brownsville","BRO","25.907","-97.426","2023-02-21"
"609393","1985-08-12","M","false","false","canada","ottawa","YOW","45.323","-75.669","2023-02-21"
"609413","1972-06-20","F","false","true","canada","quebec","YQB","46.788","-71.398","2023-02-21"
"609673","1983-11-21","F","true","false","usa","tulsa","TUL","36.198","-95.888","2023-02-21"
"609683","2006-12-28","F","false","false","usa","memphis","MEM","35.042","-89.977","2023-02-21"
"609720","1986-09-17","F","false","true","usa","phoenix","PHX","33.434","-112.008","2023-02-21"
"609763","2006-03-06","F","false","true","canada","vancouver","YVR","49.195","-123.182","2023-02-21"
"609800","1976-01-06","F","true","true","canada","ottawa","YOW","45.323","-75.669","2023-02-21"
"609817","1971-05-13","F","false","false","usa","bakersfield","BFL","35.433","-119.057","2023-02-21"
"609838","1957-09-13","F","true","false","usa","buffalo","BUF","42.94","-78.732","2023-02-21"
"609868","1969-03-09","F","true","true","canada","halifax","YAW","44.64","-63.499","2023-02-21"
"610144","1978-03-27","F","false","false","usa","los angeles","LAX","33.942","-118.408","2023-02-21"
"610226","1966-09-06","F","false","true","usa","houston","IAH","29.98","-95.34","2023-02-21"
"610280","1965-10-20","F","true","true","canada","toronto","YKZ","43.862","-79.37","2023-02-21"
"610294","1971-08-19","F","true","false","usa","new york","LGA","40.777","-73.872","2023-02-21"
"610306","1970-11-19","F","true","false","usa","new york","LGA","40.777","-73.872","2023-02-21"
"610338","2005-05-11","F","false","true","usa","columbus","CMH","39.998","-82.892","2023-02-21"
"610395","1968-10-25","F","true","false","usa","fayetteville","FYV","36.005","-94.17","2023-02-21"
"610474","1971-09-12","F","true","false","usa","indianapolis","IND","39.717","-86.294","2023-02-21"
"610482","1987-10-08","F","false","false","usa","winston-salem","INT","36.134","-80.222","2023-02-21"
"610492","2003-11-05","F","false","true","canada","calgary","YYC","51.114","-114.02","2023-02-21"
"610530","1999-02-19","F","false","false","usa","oklahoma city","TIK","35.415","-97.386","2023-02-21"
"610670","1987-12-28","F","false","true","canada","toronto","YTZ","43.627","-79.396","2023-02-21"
"610763","1999-01-08","F","false","true","usa","milwaukee","MKE","42.947","-87.896","2023-02-21"
"610793","1988-11-09","F","false","true","usa","dallas","DAL","32.847","-96.852","2023-02-21"
"610806","1975-11-04","F","true","false","usa","laredo","LRD","27.544","-99.461","2023-02-21"
"610905","1944-10-17","F","true","false","usa","san antonio","RND","29.529","-98.279","2023-02-21"
"610909","1981-09-04","F","true","false","usa","san jose","SJC","37.362","-121.929","2023-02-21"
"611031","2002-06-05","F","false","true","usa","new york","LGA","40.777","-73.872","2023-02-22"
"611065","1981-08-20","F","false","false","usa","los angeles","LAX","33.942","-118.408","2023-02-22"
"611087","1985-04-07","F","false","true","usa","buffalo","BUF","42.94","-78.732","2023-02-22"
"611126","1972-09-09","F","true","true","usa","miami","OPF","25.907","-80.278","2023-02-22"
"611177","1980-02-19","F","true","true","usa","los angeles","LAX","33.942","-118.408","2023-02-22"
"611251","1975-06-13","F","false","false","canada","ottawa","YOW","45.323","-75.669","2023-02-22"
"611350","1997-03-09","M","false","true","usa","tucson","TUS","32.116","-110.941","2023-02-22"
"611371","1989-03-22","F","false","false","canada","calgary","YYC","51.114","-114.02","2023-02-22"
"611583","1985-12-05","M","false","true","usa","jacksonville","JAX","30.494","-81.688","2023-02-22"
"611839","1986-06-04","F","false","false","usa","kansas city","MCI","39.297","-94.714","2023-02-22"
"611852","1983-09-08","M","false","false","usa","akron","AKR","41.038","-81.467","2023-02-22"
"611887","1991-12-02","F","false","false","usa","philadelphia","PNE","40.082","-75.011","2023-02-22"
"611954","1981-02-24","F","false","false","usa","st. louis","STL","38.748","-90.36","2023-02-22"
"612002","1980-10-03","F","false","true","usa","los angeles","LAX","33.942","-118.408","2023-02-22"
"612128","1978-10-23","M","true","true","usa","phoenix","PHX","33.434","-112.008","2023-02-22"
"612175","1986-09-09","F","true","true","usa","little rock","LIT","34.729","-92.224","2023-02-22"
"612220","2006-10-12","M","false","false","usa","lubbock","LBB","33.664","-101.823","2023-02-22"
"612226","1991-06-16","F","false","true","usa","dallas","DAL","32.847","-96.852","2023-02-22"
"612236","1974-04-23","F","true","true","usa","colorado springs","COS","38.806","-104.7","2023-02-22"
"612562","1999-06-12","F","false","false","usa","los angeles","LAX","33.942","-118.408","2023-02-22"
"612685","1983-07-02","F","false","false","usa","tampa","MCF","27.849","-82.521","2023-02-22"
"612797","1970-10-06","F","true","true","usa","phoenix","LUF","33.535","-112.383","2023-02-22"
"612812","1955-04-23","M","true","false","usa","orlando","MCO","28.429","-81.316","2023-02-22"
"612976","1997-11-19","F","false","false","usa","tucson","TUS","32.116","-110.941","2023-02-22"
"613164","1996-08-08","F","false","false","usa","chicago","MDW","41.786","-87.752","2023-02-23"
"613252","2002-08-21","F","false","false","usa","austin","AUS","30.194","-97.67","2023-02-23"
"613275","1980-04-26","F","false","true","usa","philadelphia","PHL","39.872","-75.241","2023-02-23"
"613383","1985-09-06","M","false","false","usa","phoenix","PHX","33.434","-112.008","2023-02-23"
"613386","2006-01-21","F","false","true","usa","chicago","UGN","42.422","-87.868","2023-02-23"
"613442","1988-08-08","M","false","false","usa","fresno","FAT","36.776","-119.718","2023-02-23"
"613655","1964-10-24","F","false","false","canada","calgary","YYC","51.114","-114.02","2023-02-23"
"613874","1969-09-28","F","true","false","usa","houston","IAH","29.98","-95.34","2023-02-23"
"613921","1993-06-07","F","false","false","usa","milwaukee","MKE","42.947","-87.896","2023-02-23"
"613941","1979-11-07","F","true","false","usa","new york","LGA","40.777","-73.872","2023-02-23"
"614033","1985-03-01","F","false","false","usa","honolulu","HNL","21.316","-157.927","2023-02-23"
"614092","2000-07-20","F","false","false","usa","dallas","DAL","32.847","-96.852","2023-02-23"
"614111","1990-01-26","M","false","false","usa","tampa","MCF","27.849","-82.521","2023-02-23"
"614165","1996-07-12","F","false","false","usa","columbus","CMH","39.998","-82.892","2023-02-23"
"614311","1974-04-10","F","true","false","usa","memphis","MEM","35.042","-89.977","2023-02-23"
"614412","1975-09-16","F","true","true","usa","tulsa","TUL","36.198","-95.888","2023-02-23"
"614549","1996-01-12","F","false","false","usa","el paso","BIF","31.849","-106.38","2023-02-23"
"614595","1974-06-16","F","true","true","usa","santa ana","SNA","33.676","-117.868","2023-02-23"
"614632","1972-06-04","F","true","true","usa","baltimore","BWI","39.175","-76.668","2023-02-23"
"614668","1972-10-04","F","true","true","usa","los angeles","LAX","33.942","-118.408","2023-02-23"
"614748","1976-02-05","F","false","true","usa","san diego","NZY","32.699","-117.215","2023-02-23"
"614793","1957-07-10","F","true","false","usa","jacksonville","NIP","30.236","-81.681","2023-02-23"
"614814","1955-09-22","F","true","false","usa","montgomery","MXF","32.379","-86.362","2023-02-23"
"614828","1984-01-17","F","false","false","usa","miami","TNT","25.862","-80.897","2023-02-23"
"614846","1955-03-23","M","true","false","usa","columbus","LCK","39.814","-82.928","2023-02-23"
"614918","1984-12-25","F","false","false","canada","toronto","YKZ","43.862","-79.37","2023-02-23"
"614933","1969-02-16","F","true","false","usa","indianapolis","IND","39.717","-86.294","2023-02-23"
"615006","1973-12-27","F","false","false","usa","columbus","CMH","39.998","-82.892","2023-02-23"
"615266","1984-09-05","F","false","false","usa","charlotte","CLT","35.214","-80.943","2023-02-23"
"615307","1974-09-19","F","true","true","usa","tulsa","TUL","36.198","-95.888","2023-02-23"
"615489","1967-04-26","F","true","true","usa","montgomery","MXF","32.379","-86.362","2023-02-23"
"615544","1987-02-07","F","false","false","usa","cincinnati","CVG","39.046","-84.662","2023-02-23"
"615674","2006-04-16","F","false","false","canada","winnipeg","YWG","49.91","-97.234","2023-02-24"
"615749","1975-09-19","F","false","false","usa","san francisco","SFO","37.619","-122.375","2023-02-24"
"615783","2006-02-20","F","false","false","usa","fort worth","FTW","32.82","-97.362","2023-02-24"
"615881","1959-04-13","F","false","false","usa","riverside","RIV","33.881","-117.259","2023-02-24"
"615922","1957-04-24","M","true","false","usa","new york","LGA","40.777","-73.872","2023-02-24"
"616086","1942-11-20","F","true","false","usa","new york","LGA","40.777","-73.872","2023-02-24"
"616125","1992-04-02","F","false","false","canada","calgary","YYC","51.114","-114.02","2023-02-24"
"616222","1975-11-14","F","true","true","canada","quebec","YQB","46.788","-71.398","2023-02-24"
"616461","1993-03-03","F","false","true","canada","london","YXU","43.036","-81.154","2023-02-24"
"616470","1992-11-24","F","true","false","usa","san diego","NZY","32.699","-117.215","2023-02-24"
"616491","1974-01-16","F","false","true","usa","nashville","BNA","36.124","-86.678","2023-02-24"
"616518","1978-10-05","F","false","false","usa","new york","LGA","40.777","-73.872","2023-02-24"
"616692","1969-07-11","F","true","true","usa","san francisco","SFO","37.619","-122.375","2023-02-24"
"616715","1983-10-03","M","true","true","usa","knoxville","TYS","35.812","-83.993","2023-02-24"
"616718","1978-09-15","F","true","false","canada","hamilton","YHM","43.173","-79.935","2023-02-24"
"616734","1998-02-26","F","false","false","usa","san francisco","SFO","37.619","-122.375","2023-02-24"
"616752","2006-03-15","F","false","true","usa","honolulu","HNL","21.316","-157.927","2023-02-24"
"616789","2001-09-07","F","false","false","usa","buffalo","BUF","42.94","-78.732","2023-02-24"
"616795","1978-01-22","F","true","false","usa","norfolk","NGU","36.938","-76.289","2023-02-24"
"616802","1979-11-20","F","true","false","usa","montgomery","MXF","32.379","-86.362","2023-02-24"
"616950","2001-10-03","F","true","false","usa","nashville","BNA","36.124","-86.678","2023-02-24"
"616992","1986-10-23","F","false","true","usa","san antonio","SAT","29.534","-98.47","2023-02-24"
"617052","1975-10-28","F","true","true","usa","laredo","LRD","27.544","-99.461","2023-02-24"
"617125","1985-01-03","F","false","false","usa","new york","LGA","40.777","-73.872","2023-02-24"
"617199","1972-04-28","M","true","false","usa","kansas city","MCI","39.297","-94.714","2023-02-24"
"617402","1991-03-06","F","false","false","usa","las vegas","LAS","36.08","-115.152","2023-02-24"
"617407","1982-10-02","F","true","true","usa","honolulu","HNL","21.316","-157.927","2023-02-24"
"617458","1994-09-21","F","true","true","canada","montreal","YMX","45.68","-74.039","2023-02-24"
"617506","1979-12-02","F","true","false","canada","halifax","YHZ","44.881","-63.509","2023-02-24"
"617606","1953-05-18","F","true","false","usa","san diego","SAN","32.733","-117.189","2023-02-24"
"617743","1959-04-01","F","true","false","usa","st. louis","STL","38.748","-90.36","2023-02-24"
"617878","1985-11-16","F","false","true","usa","los angeles","LAX","33.942","-118.408","2023-02-25"
"617964","1992-04-26","F","false","true","usa","miami","OPF","25.907","-80.278","2023-02-25"
"617990","1964-06-24","F","true","false","canada","halifax","YAW","44.64","-63.499","2023-02-25"
"617994","1978-08-28","F","false","false","canada","toronto","YYZ","43.677","-79.631","2023-02-25"
"618063","1973-04-19","F","true","false","canada","ottawa","YOW","45.323","-75.669","2023-02-25"
"618088","1969-07-21","F","false","false","usa","des moines","DSM","41.534","-93.663","2023-02-25"
"618157","1986-06-17","F","true","true","usa","detroit","DTW","42.212","-83.353","2023-02-25"
"618181","1975-05-02","M","true","false","canada","montreal","YMX","45.68","-74.039","2023-02-25"
"618201","1974-11-05","F","true","false","usa","san diego","NZY","32.699","-117.215","2023-02-25"
"618230","1996-03-22","F","true","false","usa","omaha","OMA","41.302","-95.894","2023-02-25"
"618266","1980-11-15","F","false","true","usa","miami","OPF","25.907","-80.278","2023-02-25"
"618308","1965-02-05","F","true","true","usa","memphis","MEM","35.042","-89.977","2023-02-25"
"618343","1984-04-27","M","true","true","usa","new york","LGA","40.777","-73.872","2023-02-25"
"618392","1983-12-18","F","true","true","usa","denver","DEN","39.858","-104.667","2023-02-25"
"618418","1978-10-23","F","false","false","canada","toronto","YKZ","43.862","-79.37","2023-02-25"
"618429","1977-06-14","M","false","true","usa","philadelphia","PHL","39.872","-75.241","2023-02-25"
"618535","1995-06-28","F","false","true","usa","indianapolis","IND","39.717","-86.294","2023-02-25"
"618642","1984-06-17","F","true","false","usa","honolulu","HNL","21.316","-157.927","2023-02-25"
"618664","1955-06-23","F","false","false","usa","austin","AUS","30.194","-97.67","2023-02-25"
"618759","2000-04-13","F","false","true","usa","san diego","SAN","32.733","-117.189","2023-02-25"
"618780","1989-01-15","F","false","true","usa","new york","JFK","40.64","-73.779","2023-02-25"
"618815","1992-08-26","F","false","true","usa","san francisco","SFO","37.619","-122.375","2023-02-25"
"618881","1960-09-25","F","true","false","usa","new york","JFK","40.64","-73.779","2023-02-25"
"619079","1978-09-13","M","false","false","usa","nashville","BNA","36.124","-86.678","2023-02-25"
"619109","1984-05-24","F","false","false","usa","portland","PWM","43.646","-70.309","2023-02-25"
"619218","1980-12-17","F","true","false","usa","orlando","MCO","28.429","-81.316","2023-02-25"
"619321","1970-10-14","F","true","true","usa","austin","AUS","30.194","-97.67","2023-02-25"
"619362","1977-01-16","F","true","false","usa","san francisco","SFO","37.619","-122.375","2023-02-25"
"619432","1990-11-02","F","false","false","usa","el paso","ELP","31.807","-106.378","2023-02-25"
"619520","1986-12-16","F","true","false","canada","ottawa","YOW","45.323","-75.669","2023-02-25"
"619615","1975-02-21","F","false","false","usa","nashville","BNA","36.124","-86.678","2023-02-25"
"619918","1987-10-12","F","false","false","usa","san diego","SAN","32.733","-117.189","2023-02-25"
"619938","1998-03-23","F","false","false","usa","houston","IAH","29.98","-95.34","2023-02-25"
"619971","1985-02-04","F","true","false","usa","san diego","NZY","32.699","-117.215","2023-02-25"
"619983","1939-05-28","F","true","false","usa","san diego","NZY","32.699","-117.215","2023-02-25"
"619988","2006-11-12","F","false","false","usa","providence","PVD","41.724","-71.428","2023-02-25"
"620033","1956-08-27","F","true","false","usa","chicago","ORD","41.979","-87.904","2023-02-25"
"620274","1960-07-23","F","true","false","usa","tucson","DMA","32.166","-110.883","2023-02-26"
"620300","1975-01-20","F","true","true","usa","houston","IAH","29.98","-95.34","2023-02-26"
"620382","2006-09-02","F","false","true","usa","st. louis","STL","38.748","-90.36","2023-02-26"
"620394","1987-12-26","M","false","true","canada","calgary","YYC","51.114","-114.02","2023-02-26"
"620453","1975-07-06","F","true","true","usa","richmond","RIC","37.505","-77.319","2023-02-26"
"620690","1964-07-10","F","true","false","usa","philadelphia","PHL","39.872","-75.241","2023-02-26"
"620719","1998-01-28","F","false","false","usa","reno","RNO","39.498","-119.768","2023-02-26"
"620884","1990-04-17","F","false","false","usa","chicago","MDW","41.786","-87.752","2023-02-26"
"620972","1985-08-12","M","false","false","usa","kansas city","MCI","39.297","-94.714","2023-02-26"
"620991","2001-10-25","F","false","false","usa","orlando","ORL","28.545","-81.333","2023-02-26"
"621072","1969-09-19","F","true","true","usa","providence","PVD","41.724","-71.428","2023-02-26"
"621081","1965-02-21","F","true","false","usa","san jose","SJC","37.362","-121.929","2023-02-26"
"621085","1974-12-15","F","false","false","usa","minneapolis","MSP","44.88","-93.217","2023-02-26"
"621113","1994-12-03","F","false","false","usa","new york","LGA","40.777","-73.872","2023-02-26"
"621150","2005-12-28","F","false","true","usa","phoenix","LUF","33.535","-112.383","2023-02-26"
"621291","1971-04-16","F","true","false","usa","indianapolis","IND","39.717","-86.294","2023-02-26"
"621552","1989-08-02","F","false","false","usa","detroit","YIP","42.238","-83.53","2023-02-26"
"621607","1991-04-09","F","false","true","canada","ottawa","YOW","45.323","-75.669","2023-02-26"
"621665","1976-12-01","F","false","true","usa","chicago","MDW","41.786","-87.752","2023-02-26"
"621811","1983-02-24","F","true","true","usa","norfolk","NGU","36.938","-76.289","2023-02-26"
"621849","1971-06-15","F","true","true","usa","birmingham","BHM","33.563","-86.753","2023-02-26"
"621922","2002-09-13","F","false","false","usa","milwaukee","MKE","42.947","-87.896","2023-02-26"
"622149","1977-10-27","F","true","false","usa","santa ana","SNA","33.676","-117.868","2023-02-26"
"622248","1988-11-15","F","true","false","usa","indianapolis","IND","39.717","-86.294","2023-02-26"
"622293","1995-06-25","F","false","false","usa","las vegas","LAS","36.08","-115.152","2023-02-26"
"622343","1977-06-15","F","false","false","usa","chicago","ORD","41.979","-87.904","2023-02-26"
"622418","1982-10-19","M","false","true","usa","honolulu","HNL","21.316","-157.927","2023-02-26"
"622464","1977-06-12","F","true","false","usa","new orleans","NBG","29.825","-90.035","2023-02-26"
"622708","1982-03-20","F","false","false","usa","new york","LGA","40.777","-73.872","2023-02-26"
"622813","1972-01-13","F","false","false","usa","baltimore","BWI","39.175","-76.668","2023-02-27"
"623043","1985-05-27","F","false","false","canada","edmonton","YXD","53.573","-113.521","2023-02-27"
"623077","1988-12-14","M","false","false","usa","miami","TNT","25.862","-80.897","2023-02-27"
"623087","1976-03-10","F","false","false","usa","new york","LGA","40.777","-73.872","2023-02-27"
"623142","1983-07-07","F","true","true","usa","baltimore","BWI","39.175","-76.668","2023-02-27"
"623417","1969-06-06","F","true","true","usa","sacramento","MHR","38.554","-121.297","2023-02-27"
"623691","1999-06-05","F","false","false","usa","detroit","YIP","42.238","-83.53","2023-02-27"
"623750","1980-10-14","F","false","true","usa","chicago","UGN","42.422","-87.868","2023-02-27"
"623815","1991-11-06","F","false","false","canada","calgary","YYC","51.114","-114.02","2023-02-27"
"623850","1977-08-07","F","false","false","canada","toronto","YYZ","43.677","-79.631","2023-02-27"
"623935","1965-02-01","F","true","true","usa","new york","LGA","40.777","-73.872","2023-02-27"
"623941","1983-07-08","F","false","true","canada","toronto","YYZ","43.677","-79.631","2023-02-27"
"623949","1976-05-21","M","true","false","usa","new york","LGA","40.777","-73.872","2023-02-27"
"623972","1970-03-18","F","true","false","usa","new york","LGA","40.777","-73.872","2023-02-27"
"624198","1982-04-18","F","false","false","usa","new york","JFK","40.64","-73.779","2023-02-27"
"624215","1985-05-14","F","false","true","usa","austin","AUS","30.194","-97.67","2023-02-27"
"624258","1984-08-15","F","true","false","canada","calgary","YYC","51.114","-114.02","2023-02-27"
"624497","1995-10-22","F","false","true","canada","edmonton","YXD","53.573","-113.521","2023-02-27"
"624593","1983-10-04","M","true","true","usa","new york","JFK","40.64","-73.779","2023-02-27"
"624636","1980-05-06","F","true","false","usa","jacksonville","NIP","30.236","-81.681","2023-02-27"
"624762","1981-09-01","F","true","true","usa","chicago","UGN","42.422","-87.868","2023-02-27"
"624913","1983-09-25","M","false","true","canada","halifax","YAW","44.64","-63.499","2023-02-27"
"625030","1983-04-05","F","false","false","usa","oklahoma city","OKC","35.393","-97.601","2023-02-27"
"625089","1986-07-28","F","false","true","usa","louisville","LOU","38.228","-85.664","2023-02-27"
"625398","2006-01-10","F","false","false","usa","los angeles","LAX","33.942","-118.408","2023-02-28"
"625400","1978-03-21","M","false","true","canada","toronto","YZD","43.742","-79.466","2023-02-28"
"625555","2001-03-08","M","false","false","usa","santa ana","SNA","33.676","-117.868","2023-02-28"
"625597","1964-02-14","F","false","false","usa","madison","MSN","43.14","-89.337","2023-02-28"
"625700","1997-12-11","F","false","false","usa","spokane","SFF","47.683","-117.322","2023-02-28"
"625703","1990-05-19","F","false","false","canada","ottawa","YOW","45.323","-75.669","2023-02-28"
"625984","1974-04-10","F","true","false","usa","new york","JFK","40.64","-73.779","2023-02-28"
"626037","1998-09-27","F","false","false","usa","anchorage","ANC","61.174","-149.996","2023-02-28"
"626067","2004-07-13","F","false","false","usa","long beach","LGB","33.818","-118.151","2023-02-28"
"626114","2006-12-13","F","false","false","usa","san antonio","SKF","29.384","-98.581","2023-02-28"
"626249","1994-07-22","F","false","false","canada","gatineau","YND","45.521","-75.564","2023-02-28"
"626318","1968-12-17","F","true","false","usa","new york","JFK","40.64","-73.779","2023-02-28"
"626329","1979-01-08","F","false","false","usa","little rock","LIT","34.729","-92.224","2023-02-28"
"626519","1980-03-07","F","false","false","usa","new york","JFK","40.64","-73.779","2023-02-28"
"626520","1978-04-21","F","false","false","canada","gatineau","YND","45.521","-75.564","2023-02-28"
"626558","1991-08-28","F","false","false","usa","st. petersburg","PIE","27.911","-82.687","2023-02-28"
"626587","2006-06-11","M","false","false","usa","lincoln","LNK","40.851","-96.759","2023-02-28"
"626645","1967-08-28","M","false","false","usa","salt lake city","SLC","40.788","-111.978","2023-02-28"
"626986","1967-08-11","F","true","false","canada","hamilton","YHM","43.173","-79.935","2023-02-28"
"627041","1982-09-15","F","false","false","canada","gatineau","YND","45.521","-75.564","2023-02-28"
"627158","1975-06-14","M","true","true","usa","houston","IAH","29.98","-95.34","2023-02-28"
"627176","1975-09-24","F","false","false","usa","indianapolis","IND","39.717","-86.294","2023-02-28"
"627436","1975-11-24","F","false","false","usa","chicago","MDW","41.786","-87.752","2023-02-28"
"627451","1975-03-10","F","true","false","usa","san antonio","RND","29.529","-98.279","2023-02-28"
"627475","2006-10-07","F","false","false","canada","calgary","YYC","51.114","-114.02","2023-02-28"
"627518","2006-02-11","F","false","true","usa","anchorage","ANC","61.174","-149.996","2023-02-28"
"627617","2003-03-01","F","true","false","usa","laredo","LRD","27.544","-99.461","2023-03-01"
"627729","2000-06-17","F","false","true","canada","toronto","YKZ","43.862","-79.37","2023-03-01"
"627889","1967-02-03","F","true","false","usa","cleveland","CLE","41.412","-81.85","2023-03-01"
"627893","1992-03-09","F","false","false","usa","new york","JFK","40.64","-73.779","2023-03-01"
"627972","1985-11-06","F","true","true","usa","memphis","MEM","35.042","-89.977","2023-03-01"
"628023","1976-08-06","F","true","false","usa","el paso","BIF","31.849","-106.38","2023-03-01"
"628033","1990-05-06","M","true","true","usa","st. petersburg","PIE","27.911","-82.687","2023-03-01"
"628570","1979-09-04","F","false","true","usa","columbus","LCK","39.814","-82.928","2023-03-01"
"628653","1982-04-25","F","true","false","usa","sacramento","MHR","38.554","-121.297","2023-03-01"
"628671","1988-01-27","F","false","true","usa","new york","JFK","40.64","-73.779","2023-03-01"
"628694","1977-11-15","F","true","false","usa","tucson","DMA","32.166","-110.883","2023-03-01"
"628752","1978-12-05","F","false","true","usa","birmingham","BHM","33.563","-86.753","2023-03-01"
"628762","2006-12-20","F","false","true","usa","los angeles","LAX","33.942","-118.408","2023-03-01"
"629345","2006-02-04","F","false","false","usa","new orleans","NBG","29.825","-90.035","2023-03-01"
"629647","1990-03-01","F","false","false","usa","new york","LGA","40.777","-73.872","2023-03-01"
"629701","1992-07-26","F","false","false","usa","houston","HOU","29.645","-95.279","2023-03-01"
"629725","1978-06-19","F","false","false","usa","atlanta","ATL","33.64","-84.427","2023-03-01"
"629747","2005-03-18","F","false","false","usa","milwaukee","MKE","42.947","-87.896","2023-03-01"
"629803","1983-04-15","M","false","true","usa","tulsa","TUL","36.198","-95.888","2023-03-01"
"629812","2004-12-06","M","false","false","usa","riverside","RIV","33.881","-117.259","2023-03-01"
"629877","1979-09-13","F","true","false","canada","halifax","YHZ","44.881","-63.509","2023-03-02"
"629952","1978-08-05","F","false","false","usa","cincinnati","CVG","39.046","-84.662","2023-03-02"
"630039","1983-11-20","F","false","false","usa","los angeles","LAX","33.942","-118.408","2023-03-02"
"630097","1979-05-06","F","true","false","usa","santa ana","SNA","33.676","-117.868","2023-03-02"
"630176","1971-10-15","F","true","true","usa","montgomery","MXF","32.379","-86.362","2023-03-02"
"630178","1983-12-10","F","true","false","usa","st. petersburg","SPG","27.765","-82.627","2023-03-02"
"630267","2005-09-11","F","false","true","usa","corpus christi","CRP","27.77","-97.501","2023-03-02"
"630607","1997-03-20","F","false","false","usa","seattle","BFI","47.53","-122.302","2023-03-02"
"630609","1985-11-20","F","false","false","usa","boston","BOS","42.364","-71.005","2023-03-02"
"630694","1983-11-03","F","false","false","usa","charlotte","CLT","35.214","-80.943","2023-03-02"
"630738","1981-02-11","F","false","false","usa","birmingham","BHM","33.563","-86.753","2023-03-02"
"630992","1965-03-04","F","true","true","usa","montgomery","MXF","32.379","-86.362","2023-03-02"
"631174","1991-03-23","F","false","false","usa","new york","JFK","40.64","-73.779","2023-03-02"
"631201","1998-09-12","F","false","false","usa","st. petersburg","PIE","27.911","-82.687","2023-03-02"
"631319","1974-03-14","F","true","false","canada","montreal","YMX","45.68","-74.039","2023-03-02"
"631384","1969-01-22","F","true","false","usa","richmond","RIC","37.505","-77.319","2023-03-02"
"631388","1984-09-16","F","true","false","usa","san antonio","RND","29.529","-98.279","2023-03-02"
"631448","1984-03-11","F","true","true","usa","cincinnati","CVG","39.046","-84.662","2023-03-02"
"631477","1964-06-11","F","true","true","usa","riverside","RAL","33.952","-117.445","2023-03-02"
"631787","1977-06-10","M","false","false","usa","stockton","SCK","37.894","-121.239","2023-03-02"
"631872","1954-12-16","F","true","false","usa","new york","LGA","40.777","-73.872","2023-03-02"
"631970","1970-01-04","F","false","false","usa","memphis","MEM","35.042","-89.977","2023-03-02"
"631975","1985-05-25","F","false","false","canada","montreal","YMX","45.68","-74.039","2023-03-02"
"631993","1975-11-24","F","true","true","canada","ottawa","YOW","45.323","-75.669","2023-03-02"
"632136","1973-01-26","F","false","false","usa","detroit","YIP","42.238","-83.53","2023-03-03"
"632239","1969-05-25","F","true","false","usa","los angeles","LAX","33.942","-118.408","2023-03-03"
"632316","1973-02-15","F","true","false","usa","anchorage","EDF","61.251","-149.806","2023-03-03"
"632425","1973-06-24","F","true","true","usa","columbus","LCK","39.814","-82.928","2023-03-03"
"632461","1968-07-04","F","false","false","canada","toronto","YTZ","43.627","-79.396","2023-03-03"
"632475","1955-10-22","F","true","false","canada","ottawa","YOW","45.323","-75.669","2023-03-03"
"632631","1982-06-12","F","false","false","usa","tulsa","TUL","36.198","-95.888","2023-03-03"
"632665","1988-09-24","F","false","false","usa","dallas","DAL","32.847","-96.852","2023-03-03"
"632749","1996-09-09","F","true","true","usa","detroit","DET","42.409","-83.01","2023-03-03"
"632866","1976-03-23","F","true","false","usa","austin","AUS","30.194","-97.67","2023-03-03"
"632965","1979-03-03","F","false","false","usa","indianapolis","IND","39.717","-86.294","2023-03-03"
"632988","1975-12-27","F","true","true","usa","phoenix","PHX","33.434","-112.008","2023-03-03"
"633183","1984-03-02","F","false","false","usa","new york","LGA","40.777","-73.872","2023-03-03"
"633195","1992-10-03","F","false","false","canada","winnipeg","YAV","50.056","-97.032","2023-03-03"
"633235","1998-04-01","F","false","true","canada","calgary","YYC","51.114","-114.02","2023-03-03"
"633314","2000-04-24","F","true","true","canada","hamilton","YHM","43.173","-79.935","2023-03-03"
"633406","2001-05-28","F","false","false","usa","dallas","DAL","32.847","-96.852","2023-03-03"
"633725","1976-03-17","F","true","false","canada","hamilton","YHM","43.173","-79.935","2023-03-03"
"633972","1952-05-14","F","true","false","usa","richmond","RIC","37.505","-77.319","2023-03-03"
"634130","1973-12-27","F","true","false","usa","new york","JFK","40.64","-73.779","2023-03-03"
"634601","2003-12-08","M","false","false","canada","edmonton","YEG","53.31","-113.58","2023-03-04"
"634739","2004-08-24","F","false","true","usa","minneapolis","MSP","44.88","-93.217","2023-03-04"
"634795","1978-09-11","F","true","true","usa","houston","HOU","29.645","-95.279","2023-03-04"
"634824","1986-01-17","F","true","false","usa","new york","LGA","40.777","-73.872","2023-03-04"
"635249","1966-09-28","F","false","false","usa","memphis","MEM","35.042","-89.977","2023-03-04"
"635300","1978-11-09","F","true","false","usa","chicago","ORD","41.979","-87.904","2023-03-04"
"635303","1980-10-24","F","false","true","usa","los angeles","LAX","33.942","-118.408","2023-03-04"
"635375","2006-11-11","F","false","false","usa","fayetteville","FYV","36.005","-94.17","2023-03-04"
"635442","1976-10-26","F","true","true","usa","chicago","MDW","41.786","-87.752","2023-03-04"
"635576","1984-06-24","F","true","false","canada","toronto","YKZ","43.862","-79.37","2023-03-04"
"635587","1972-08-06","F","false","false","canada","edmonton","YXD","53.573","-113.521","2023-03-04"
"635666","1997-08-27","F","false","false","usa","san jose","SJC","37.362","-121.929","2023-03-04"
"635790","1975-09-17","F","false","false","usa","boston","BOS","42.364","-71.005","2023-03-04"
"635861","2006-03-02","F","false","false","usa","new york","LGA","40.777","-73.872","2023-03-04"
"635949","1981-08-17","F","false","true","usa","chicago","UGN","42.422","-87.868","2023-03-04"
"636078","1969-01-28","F","true","false","usa","san francisco","SFO","37.619","-122.375","2023-03-04"
"636102","1976-06-08","F","false","false","usa","new york","LGA","40.777","-73.872","2023-03-04"
"636251","1956-01-16","F","true","false","usa","louisville","LOU","38.228","-85.664","2023-03-04"
"636520","1972-12-21","F","false","false","usa","rochester","ROC","43.119","-77.672","2023-03-04"
"636524","1977-09-18","F","false","false","usa","el paso","BIF","31.849","-106.38","2023-03-04"
"636526","1985-08-17","M","true","true","usa","new york","LGA","40.777","-73.872","2023-03-04"
"636739","1988-10-09","F","false","true","usa","akron","AKR","41.038","-81.467","2023-03-04"
"636873","1980-09-03","F","false","false","usa","chicago","ORD","41.979","-87.904","2023-03-04"
"636874","1975-06-23","F","false","false","usa","reno","RNO","39.498","-119.768","2023-03-04"
"636966","1987-10-25","F","false","false","usa","new york","JFK","40.64","-73.779","2023-03-05"
"637075","1959-11-26","F","true","false","usa","los angeles","LAX","33.942","-118.408","2023-03-05"
"637086","1978-06-27","F","false","false","usa","phoenix","PHX","33.434","-112.008","2023-03-05"
"637421","1993-06-26","F","true","true","usa","new york","LGA","40.777","-73.872","2023-03-05"
"637457","1983-11-26","F","false","false","usa","oakland","OAK","37.721","-122.221","2023-03-05"
"637555","1966-04-21","M","true","false","usa","new york","JFK","40.64","-73.779","2023-03-05"
"637633","1987-11-05","F","false","false","canada","toronto","YKZ","43.862","-79.37","2023-03-05"
"637687","1984-07-27","F","true","false","usa","san antonio","SAT","29.534","-98.47","2023-03-05"
"638140","1985-05-21","F","false","true","usa","richmond","RIC","37.505","-77.319","2023-03-05"
"638162","1991-03-28","F","false","false","usa","chicago","ORD","41.979","-87.904","2023-03-05"
"638237","2000-10-09","F","false","true","canada","toronto","YZD","43.742","-79.466","2023-03-05"
"638565","1976-04-10","F","true","true","usa","chicago","MDW","41.786","-87.752","2023-03-05"
"638576","1986-04-02","F","false","true","usa","phoenix","PHX","33.434","-112.008","2023-03-05"
"638580","1981-03-11","F","false","false","canada","victoria","YYJ","48.647","-123.426","2023-03-05"
"638598","2006-05-09","F","false","false","usa","dallas","DAL","32.847","-96.852","2023-03-05"
"638600","1950-10-06","F","false","false","canada","winnipeg","YWG","49.91","-97.234","2023-03-05"
"638874","1980-06-10","F","true","false","usa","new york","JFK","40.64","-73.779","2023-03-05"
"639009","1988-06-20","F","false","false","usa","oklahoma city","OKC","35.393","-97.601","2023-03-05"
"639168","1982-08-08","F","false","true","canada","montreal","YUL","45.468","-73.741","2023-03-05"
"639458","1981-04-01","F","false","false","usa","stockton","SCK","37.894","-121.239","2023-03-05"
"639510","1967-03-22","F","true","false","usa","san diego","NZY","32.699","-117.215","2023-03-05"
"639554","2006-04-20","F","false","false","usa","los angeles","LAX","33.942","-118.408","2023-03-05"
"639571","1982-12-09","F","false","false","usa","akron","AKR","41.038","-81.467","2023-03-05"
"639894","1980-03-01","F","true","true","usa","brownsville","BRO","25.907","-97.426","2023-03-06"
"640451","1957-03-07","F","true","false","canada","toronto","YYZ","43.677","-79.631","2023-03-06"
"640580","1969-12-10","F","true","false","canada","montreal","YMX","45.68","-74.039","2023-03-06"
"640649","1960-04-10","F","true","true","usa","los angeles","LAX","33.942","-118.408","2023-03-06"
"640689","1973-01-27","F","false","false","usa","omaha","OFF","41.118","-95.913","2023-03-06"
"640715","1975-01-02","F","false","false","usa","fresno","FAT","36.776","-119.718","2023-03-06"
"640849","1973-08-06","F","true","false","usa","jacksonville","LRF","34.918","-92.146","2023-03-06"
"640867","1972-10-20","F","false","true","canada","montreal","YHU","45.517","-73.417","2023-03-06"
"640968","1969-07-23","F","true","false","usa","indianapolis","IND","39.717","-86.294","2023-03-06"
"641012","2003-01-19","F","false","true","usa","philadelphia","PHL","39.872","-75.241","2023-03-06"
"641102","1983-12-10","F","false","false","canada","montreal","YMX","45.68","-74.039","2023-03-06"
"641106","1973-11-04","F","true","false","usa","brownsville","BRO","25.907","-97.426","2023-03-06"
"641310","1979-12-14","F","false","true","usa","los angeles","LAX","33.942","-118.408","2023-03-06"
"641364","1993-10-01","F","false","false","usa","las vegas","LSV","36.236","-115.034","2023-03-06"
"641529","1948-05-25","F","true","false","usa","philadelphia","PHL","39.872","-75.241","2023-03-06"
"641537","1970-08-27","F","true","true","usa","washington","DCA","38.852","-77.037","2023-03-06"
"642215","1956-10-05","F","true","false","canada","hamilton","YHM","43.173","-79.935","2023-03-06"
"642344","1982-06-28","F","false","false","usa","wichita","ICT","37.65","-97.433","2023-03-07"
"642364","1968-11-12","M","true","true","canada","montreal","YUL","45.468","-73.741","2023-03-07"
"642553","1997-04-27","F","false","false","canada","edmonton","YEG","53.31","-113.58","2023-03-07"
"642578","1959-12-04","F","true","true","usa","new york","LGA","40.777","-73.872","2023-03-07"
"642679","1982-11-23","F","false","false","usa","st. petersburg","PIE","27.911","-82.687","2023-03-07"
"642786","1982-04-17","F","false","false","usa","charlotte","CLT","35.214","-80.943","2023-03-07"
"642820","1975-10-28","F","true","true","usa","las vegas","LAS","36.08","-115.152","2023-03-07"
"643324","1958-10-25","F","true","false","usa","oklahoma city","OKC","35.393","-97.601","2023-03-07"
"643344","1976-09-14","F","true","true","usa","los angeles","LAX","33.942","-118.408","2023-03-07"
"643359","1998-07-28","M","false","false","usa","santa ana","SNA","33.676","-117.868","2023-03-07"
"643469","1980-12-03","F","true","false","usa","new york","LGA","40.777","-73.872","2023-03-07"
"643645","1977-06-16","F","true","true","usa","new york","JFK","40.64","-73.779","2023-03-07"
"643714","1980-09-27","F","true","false","usa","chicago","MDW","41.786","-87.752","2023-03-07"
"643929","1983-02-02","F","true","false","usa","new york","LGA","40.777","-73.872","2023-03-07"
"644438","1978-08-19","F","true","false","usa","new york","LGA","40.777","-73.872","2023-03-07"
"644467","1991-07-27","F","false","true","usa","detroit","DTW","42.212","-83.353","2023-03-07"
"644639","1965-09-07","F","true","true","usa","santa ana","SNA","33.676","-117.868","2023-03-07"
"644784","1988-10-14","F","true","false","usa","san diego","NZY","32.699","-117.215","2023-03-07"
"644870","1975-12-16","F","false","false","usa","bakersfield","BFL","35.433","-119.057","2023-03-07"
"645022","2006-08-05","F","false","false","usa","corpus christi","CRP","27.77","-97.501","2023-03-07"
"645047","1979-12-08","F","false","false","usa","milwaukee","MKE","42.947","-87.896","2023-03-07"
"645168","1985-12-28","F","true","false","usa","baton rouge","BTR","30.533","-91.149","2023-03-08"
"645415","1988-05-21","F","false","true","usa","san diego","SAN","32.733","-117.189","2023-03-08"
"645488","1999-02-17","F","true","true","canada","quebec","YQB","46.788","-71.398","2023-03-08"
"645664","2005-06-22","M","false","false","usa","brownsville","BRO","25.907","-97.426","2023-03-08"
"645685","1973-08-14","M","false","false","usa","orlando","MCO","28.429","-81.316","2023-03-08"
"645933","1986-07-03","F","true","false","usa","fresno","FAT","36.776","-119.718","2023-03-08"
"645939","1972-09-16","F","true","true","usa","austin","AUS","30.194","-97.67","2023-03-08"
"646127","2000-10-28","F","false","true","usa","shreveport","SHV","32.446","-93.826","2023-03-08"
"646197","2000-11-28","F","false","false","usa","los angeles","LAX","33.942","-118.408","2023-03-08"
"646257","1987-06-19","F","false","false","usa","indianapolis","IND","39.717","-86.294","2023-03-08"
"646259","2000-04-07","F","true","true","usa","new york","JFK","40.64","-73.779","2023-03-08"
"646405","1996-04-26","F","false","true","usa","los angeles","LAX","33.942","-118.408","2023-03-08"
"646424","1980-01-28","F","true","false","canada","montreal","YMX","45.68","-74.039","2023-03-08"
"646455","1972-05-08","F","true","false","usa","houston","IAH","29.98","-95.34","2023-03-08"
"646933","1988-06-10","M","true","false","usa","new york","JFK","40.64","-73.779","2023-03-08"
"646937","1978-06-02","F","false","true","usa","mobile","MOB","30.691","-88.243","2023-03-08"
"647016","1976-05-12","F","true","false","usa","knoxville","TYS","35.812","-83.993","2023-03-08"
"647555","1966-05-22","M","true","false","usa","cleveland","CLE","41.412","-81.85","2023-03-09"
"647597","1980-01-03","F","false","false","usa","santa ana","SNA","33.676","-117.868","2023-03-09"
"647638","2006-03-02","F","false","false","canada","winnipeg","YAV","50.056","-97.032","2023-03-09"
"647662","1979-09-20","F","false","false","usa","new york","JFK","40.64","-73.779","2023-03-09"
"647674","1987-05-08","F","false","true","usa","chicago","ORD","41.979","-87.904","2023-03-09"
"647804","1967-10-28","M","false","true","usa","lincoln","LNK","40.851","-96.759","2023-03-09"
"647862","2006-05-28","F","false","false","canada","calgary","YYC","51.114","-114.02","2023-03-09"
"648201","2006-06-12","F","false","false","usa","anchorage","ANC","61.174","-149.996","2023-03-09"
"648379","1983-12-22","M","true","true","canada","montreal","YMX","45.68","-74.039","2023-03-09"
"648852","1968-07-11","F","true","true","canada","montreal","YUL","45.468","-73.741","2023-03-09"
"648983","1987-02-02","F","true","false","usa","boston","BOS","42.364","-71.005","2023-03-09"
"648990","1976-01-17","F","true","false","usa","san jose","SJC","37.362","-121.929","2023-03-09"
"649080","1985-11-05","F","false","true","usa","houston","IAH","29.98","-95.34","2023-03-09"
"649081","1980-09-23","F","false","false","usa","nashville","BNA","36.124","-86.678","2023-03-09"
"649208","1989-10-09","F","false","true","usa","el paso","BIF","31.849","-106.38","2023-03-09"
"649378","1971-09-27","F","false","false","usa","washington","DCA","38.852","-77.037","2023-03-09"
"649935","2000-12-06","F","false","false","usa","stockton","SCK","37.894","-121.239","2023-03-10"
"650049","2000-06-27","F","false","true","canada","gatineau","YND","45.521","-75.564","2023-03-10"
"650055","1990-05-03","F","true","false","usa","new york","LGA","40.777","-73.872","2023-03-10"
"650079","1981-10-25","F","true","false","usa","san antonio","SKF","29.384","-98.581","2023-03-10"
"650606","2004-12-15","F","false","false","canada","quebec","YQB","46.788","-71.398","2023-03-10"
"650901","1986-02-18","F","false","false","usa","baton rouge","BTR","30.533","-91.149","2023-03-10"
"651018","1973-09-28","F","true","true","usa","st. louis","STL","38.748","-90.36","2023-03-10"
"651030","1990-07-18","F","true","false","usa","san francisco","SFO","37.619","-122.375","2023-03-10"
"651193","1979-07-07","F","true","true","usa","tacoma","TCM","47.138","-122.476","2023-03-10"
"651201","1978-12-10","F","false","false","usa","chicago","UGN","42.422","-87.868","2023-03-10"
"651269","1976-11-26","F","false","true","usa","new york","LGA","40.777","-73.872","2023-03-10"
"651274","2000-03-12","F","false","false","usa","madison","MSN","43.14","-89.337","2023-03-10"
"651390","1994-07-28","F","false","true","usa","stockton","SCK","37.894","-121.239","2023-03-10"
"651491","1981-04-15","M","false","false","usa","tallahassee","TLH","30.396","-84.35","2023-03-10"
"651613","1970-03-23","F","false","true","usa","madison","MSN","43.14","-89.337","2023-03-10"
"651675","1969-08-21","F","false","true","usa","tulsa","TUL","36.198","-95.888","2023-03-10"
"651744","1976-08-02","F","false","false","usa","chicago","ORD","41.979","-87.904","2023-03-10"
"651805","1975-12-05","M","true","true","usa","new york","JFK","40.64","-73.779","2023-03-10"
"651818","1980-11-11","F","false","false","usa","new york","JFK","40.64","-73.779","2023-03-10"
"651828","1981-10-11","F","true","true","usa","phoenix","PHX","33.434","-112.008","2023-03-10"
"651941","1966-10-28","F","true","true","usa","indianapolis","IND","39.717","-86.294","2023-03-10"
"651960","1982-01-15","F","true","true","usa","charlotte","CLT","35.214","-80.943","2023-03-10"
"652003","1976-05-14","F","true","true","canada","toronto","YYZ","43.677","-79.631","2023-03-10"
"652040","1969-11-15","F","false","false","canada","calgary","YYC","51.114","-114.02","2023-03-10"
"652190","2005-03-20","F","false","true","usa","los angeles","LAX","33.942","-118.408","2023-03-10"
"652359","1985-06-08","F","false","false","usa","buffalo","BUF","42.94","-78.732","2023-03-11"
"652416","1982-03-14","F","true","true","usa","honolulu","HNL","21.316","-157.927","2023-03-11"
"652527","1995-07-06","F","false","false","usa","akron","AKR","41.038","-81.467","2023-03-11"
"652737","1990-06-08","F","false","true","usa","miami","OPF","25.907","-80.278","2023-03-11"
"653197","2006-01-23","F","false","true","usa","tucson","TUS","32.116","-110.941","2023-03-11"
"653228","2000-08-05","F","false","false","usa","burlington","BTV","44.472","-73.153","2023-03-11"
"653281","1985-08-14","F","false","false","canada","toronto","YYZ","43.677","-79.631","2023-03-11"
"653332","1970-12-18","F","true","true","usa","new york","LGA","40.777","-73.872","2023-03-11"
"653640","1986-02-05","F","true","true","usa","san jose","SJC","37.362","-121.929","2023-03-11"
"653724","1968-10-07","M","true","false","canada","montreal","YMX","45.68","-74.039","2023-03-11"
"653838","1961-09-23","F","true","false","canada","montreal","YUL","45.468","-73.741","2023-03-11"
"653852","1975-03-10","F","false","false","usa","new york","JFK","40.64","-73.779","2023-03-11"
"654233","1985-07-01","F","false","false","usa","memphis","MEM","35.042","-89.977","2023-03-11"
"654259","1978-01-28","F","true","false","usa","san diego","SAN","32.733","-117.189","2023-03-11"
"654395","1981-08-21","F","true","true","canada","toronto","YKZ","43.862","-79.37","2023-03-11"
"654687","1970-05-11","F","false","false","usa","kansas city","MCI","39.297","-94.714","2023-03-11"
"654913","1986-09-04","F","true","false","canada","ottawa","YOW","45.323","-75.669","2023-03-11"
"655022","1945-01-24","F","false","false","usa","jacksonville","NCA","34.708","-77.439","2023-03-11"
"655051","1989-11-25","F","true","false","usa","long beach","LGB","33.818","-118.151","2023-03-12"
"655166","2006-11-10","F","false","false","usa","las vegas","LSV","36.236","-115.034","2023-03-12"
"655300","1971-11-03","F","false","false","usa","new orleans","NBG","29.825","-90.035","2023-03-12"
"655499","1956-10-26","F","false","false","usa","baltimore","BWI","39.175","-76.668","2023-03-12"
"656150","1976-12-15","F","true","true","usa","st. louis","STL","38.748","-90.36","2023-03-12"
"656346","1976-09-11","F","true","true","usa","chicago","UGN","42.422","-87.868","2023-03-12"
"656422","1986-11-17","F","false","false","canada","quebec","YQB","46.788","-71.398","2023-03-12"
"656471","1995-05-05","F","false","true","usa","new york","JFK","40.64","-73.779","2023-03-12"
"656560","1984-06-06","F","true","true","canada","london","YXU","43.036","-81.154","2023-03-12"
"656626","1999-01-21","F","false","false","usa","grand rapids","GRR","42.881","-85.523","2023-03-12"
"656708","1971-06-04","F","true","true","canada","edmonton","YXD","53.573","-113.521","2023-03-12"
"656850","2000-08-26","F","false","false","usa","new york","LGA","40.777","-73.872","2023-03-12"
"656873","1977-09-28","F","false","false","canada","ottawa","YOW","45.323","-75.669","2023-03-12"
"656920","1987-07-15","F","true","false","usa","jacksonville","NIP","30.236","-81.681","2023-03-12"
"657122","1964-11-06","F","true","true","canada","toronto","YTZ","43.627","-79.396","2023-03-12"
"657343","1967-06-22","F","true","false","usa","corpus christi","CRP","27.77","-97.501","2023-03-12"
"657514","1981-08-02","F","true","false","usa","tulsa","TUL","36.198","-95.888","2023-03-12"
"657591","1986-06-22","F","true","false","usa","fort worth","FTW","32.82","-97.362","2023-03-12"
"657629","1995-01-20","M","false","false","usa","phoenix","LUF","33.535","-112.383","2023-03-12"
"657796","1982-06-24","F","true","true","usa","modesto","MOD","37.626","-120.954","2023-03-13"
"658234","1984-06-13","F","false","true","usa","tacoma","TCM","47.138","-122.476","2023-03-13"
"658528","1975-09-07","F","true","true","usa","sacramento","SAC","38.513","-121.493","2023-03-13"
"658774","1982-09-13","F","false","true","usa","milwaukee","MKE","42.947","-87.896","2023-03-13"
"659128","1975-03-23","F","true","true","usa","new york","JFK","40.64","-73.779","2023-03-13"
"659161","1984-08-06","F","false","false","usa","new york","LGA","40.777","-73.872","2023-03-13"
"659162","1984-07-22","M","true","true","usa","phoenix","PHX","33.434","-112.008","2023-03-13"
"659360","2006-11-10","F","false","false","usa","new york","JFK","40.64","-73.779","2023-03-13"
"659664","1974-03-16","F","false","false","usa","oklahoma city","OKC","35.393","-97.601","2023-03-13"
"659744","1975-12-16","F","true","true","canada","montreal","YMX","45.68","-74.039","2023-03-13"
"659832","1980-06-12","F","true","false","usa","los angeles","LAX","33.942","-118.408","2023-03-13"
"660110","1998-10-09","F","false","false","usa","dallas","DAL","32.847","-96.852","2023-03-13"
"660821","1954-12-17","F","true","false","usa","louisville","LOU","38.228","-85.664","2023-03-14"
"660894","1967-09-14","F","true","true","usa","austin","AUS","30.194","-97.67","2023-03-14"
"660903","2006-07-05","F","false","true","usa","philadelphia","PNE","40.082","-75.011","2023-03-14"
"660959","1967-02-08","F","false","true","canada","quebec","YQB","46.788","-71.398","2023-03-14"
"661614","1955-11-10","F","false","false","usa","santa ana","SNA","33.676","-117.868","2023-03-14"
"661639","1988-08-12","F","false","false","usa","chicago","UGN","42.422","-87.868","2023-03-14"
"661697","1984-08-16","F","false","false","usa","orlando","ORL","28.545","-81.333","2023-03-14"
"661930","1991-10-16","F","true","true","usa","stockton","SCK","37.894","-121.239","2023-03-14"
"662010","1981-10-20","F","true","false","usa","denver","DEN","39.858","-104.667","2023-03-14"
"662535","1982-05-05","F","false","false","usa","kansas city","MCI","39.297","-94.714","2023-03-14"
"662596","2004-05-04","F","false","false","usa","nashville","BNA","36.124","-86.678","2023-03-14"
"662750","1975-10-04","F","true","true","usa","dallas","DAL","32.847","-96.852","2023-03-14"
"663017","1983-09-07","M","true","false","usa","houston","HOU","29.645","-95.279","2023-03-14"
"663376","1981-10-21","M","false","true","usa","houston","EFD","29.607","-95.159","2023-03-15"
"663565","1982-11-25","F","false","false","usa","san antonio","SKF","29.384","-98.581","2023-03-15"
"664084","1988-03-08","F","false","false","usa","new york","JFK","40.64","-73.779","2023-03-15"
"664119","1967-10-27","F","true","false","usa","st. petersburg","SPG","27.765","-82.627","2023-03-15"
"664401","1981-12-20","F","false","false","usa","columbus","LCK","39.814","-82.928","2023-03-15"
"664405","1970-06-26","F","true","true","canada","montreal","YHU","45.517","-73.417","2023-03-15"
"664617","1964-08-26","F","true","false","usa","memphis","MEM","35.042","-89.977","2023-03-15"
"664663","1993-12-26","F","false","false","usa","chicago","ORD","41.979","-87.904","2023-03-15"
"664998","1974-10-09","F","true","false","usa","houston","EFD","29.607","-95.159","2023-03-15"
"665329","1984-04-22","F","false","false","usa","new york","LGA","40.777","-73.872","2023-03-15"
"665397","1977-09-27","F","true","false","usa","long beach","LGB","33.818","-118.151","2023-03-15"
"665505","1986-12-14","F","false","false","canada","ottawa","YOW","45.323","-75.669","2023-03-15"
"665593","1979-08-11","F","true","false","usa","st. louis","STL","38.748","-90.36","2023-03-15"
"665676","1988-11-07","M","false","true","usa","los angeles","LAX","33.942","-118.408","2023-03-15"
"665746","1977-03-19","F","true","false","usa","boston","BOS","42.364","-71.005","2023-03-15"
"665887","1976-01-02","F","true","true","canada","toronto","YZD","43.742","-79.466","2023-03-16"
"665892","1992-06-13","F","false","true","usa","knoxville","TYS","35.812","-83.993","2023-03-16"
"665980","1953-07-20","F","true","false","canada","montreal","YHU","45.517","-73.417","2023-03-16"
"666049","1992-02-22","F","false","false","canada","montreal","YHU","45.517","-73.417","2023-03-16"
"666174","1982-05-20","M","true","false","canada","toronto","YKZ","43.862","-79.37","2023-03-16"
"666292","1998-07-06","F","false","false","usa","st. louis","STL","38.748","-90.36","2023-03-16"
"666718","1978-07-06","F","true","false","usa","memphis","MEM","35.042","-89.977","2023-03-16"
"666942","1980-04-05","F","false","false","usa","chicago","UGN","42.422","-87.868","2023-03-16"
"667299","1955-01-09","F","true","false","usa","los angeles","LAX","33.942","-118.408","2023-03-16"
"667536","1998-11-02","F","false","false","usa","portland","PDX","45.589","-122.597","2023-03-16"
"667643","2003-07-10","M","false","false","usa","salt lake city","SLC","40.788","-111.978","2023-03-16"
"667718","1986-03-02","F","false","false","usa","nashville","BNA","36.124","-86.678","2023-03-16"
"667916","1976-04-26","F","false","false","canada","vancouver","YVR","49.195","-123.182","2023-03-16"
"667929","1988-09-23","F","false","false","usa","new york","LGA","40.777","-73.872","2023-03-16"
"667981","1976-06-27","F","true","false","usa","san antonio","RND","29.529","-98.279","2023-03-16"
"668083","2002-03-16","M","false","false","canada","montreal","YUL","45.468","-73.741","2023-03-16"
"668172","1990-10-09","F","false","false","usa","san francisco","SFO","37.619","-122.375","2023-03-16"
"668677","1994-01-06","F","false","false","usa","new york","LGA","40.777","-73.872","2023-03-17"
"668776","1986-08-18","F","true","true","usa","sacramento","SMF","38.695","-121.591","2023-03-17"
"669140","1960-07-06","F","true","true","usa","detroit","YIP","42.238","-83.53","2023-03-17"
"669155","2003-10-28","F","false","true","usa","new york","LGA","40.777","-73.872","2023-03-17"
"669329","1991-12-01","F","false","false","canada","vancouver","YVR","49.195","-123.182","2023-03-17"
"669348","1983-11-17","F","true","false","usa","bakersfield","BFL","35.433","-119.057","2023-03-17"
"669356","1979-03-17","F","false","false","usa","philadelphia","PHL","39.872","-75.241","2023-03-17"
"669449","1980-04-01","F","true","false","usa","tampa","TPA","27.975","-82.533","2023-03-17"
"670471","1984-09-01","F","true","true","usa","louisville","LOU","38.228","-85.664","2023-03-17"
"670626","1970-05-20","F","true","false","canada","victoria","YYJ","48.647","-123.426","2023-03-17"
"670971","1982-11-01","F","false","false","usa","st. louis","STL","38.748","-90.36","2023-03-17"
"671066","1975-04-19","F","true","true","usa","providence","PVD","41.724","-71.428","2023-03-17"
"671151","1973-06-07","F","true","false","usa","milwaukee","MKE","42.947","-87.896","2023-03-17"
"671367","1986-03-05","F","false","false","usa","austin","AUS","30.194","-97.67","2023-03-17"
"671368","1982-02-10","F","true","false","usa","honolulu","HNL","21.316","-157.927","2023-03-17"
"671975","1972-07-02","F","false","false","canada","edmonton","YEG","53.31","-113.58","2023-03-18"
"671999","2006-12-24","F","false","true","usa","los angeles","LAX","33.942","-118.408","2023-03-18"
"672009","1973-02-07","F","true","false","usa","indianapolis","IND","39.717","-86.294","2023-03-18"
"672112","1973-10-25","F","true","true","usa","madison","MSN","43.14","-89.337","2023-03-18"
"672468","1986-04-18","F","true","true","usa","oakland","OAK","37.721","-122.221","2023-03-18"
"673076","2003-07-09","F","false","false","usa","new york","JFK","40.64","-73.779","2023-03-18"
"673286","1958-07-27","F","true","false","usa","los angeles","LAX","33.942","-118.408","2023-03-18"
"673874","1973-08-02","F","true","true","usa","anchorage","ANC","61.174","-149.996","2023-03-18"
"674375","1978-04-17","F","true","false","usa","sacramento","SMF","38.695","-121.591","2023-03-19"
"675053","1982-08-15","F","false","false","canada","victoria","YYJ","48.647","-123.426","2023-03-19"
"675201","1979-03-22","M","false","true","usa","phoenix","PHX","33.434","-112.008","2023-03-19"
"675594","1986-03-03","F","false","false","usa","newport news","PHF","37.132","-76.493","2023-03-19"
"676043","1960-12-22","F","true","false","usa","wichita","IAB","37.623","-97.267","2023-03-19"
"676373","1989-08-23","F","true","true","usa","new york","LGA","40.777","-73.872","2023-03-19"
"676570","1977-11-21","F","false","false","usa","washington","IAD","38.944","-77.456","2023-03-19"
"676707","1974-10-24","F","true","false","usa","los angeles","LAX","33.942","-118.408","2023-03-19"
"676762","1981-06-24","F","false","false","usa","san francisco","SFO","37.619","-122.375","2023-03-19"
"677209","1984-08-14","F","false","false","canada","toronto","YTZ","43.627","-79.396","2023-03-20"
"677842","1975-06-11","F","false","true","usa","los angeles","LAX","33.942","-118.408","2023-03-20"
"677896","1958-11-25","F","true","true","usa","denver","DEN","39.858","-104.667","2023-03-20"
"678536","1992-07-25","F","true","false","usa","milwaukee","MKE","42.947","-87.896","2023-03-20"
"678547","1992-10-23","F","false","false","canada","toronto","YKZ","43.862","-79.37","2023-03-20"
"678888","1970-07-27","F","true","false","usa","miami","TNT","25.862","-80.897","2023-03-20"
"679040","1976-02-09","F","true","true","usa","birmingham","BHM","33.563","-86.753","2023-03-20"
"679047","1986-09-14","F","false","false","usa","riverside","RAL","33.952","-117.445","2023-03-20"
"679066","1978-03-02","F","true","false","usa","montgomery","MXF","32.379","-86.362","2023-03-20"
"679442","1981-01-01","M","true","false","usa","winston-salem","INT","36.134","-80.222","2023-03-21"
"679611","1986-09-06","F","false","false","canada","toronto","YKZ","43.862","-79.37","2023-03-21"
"679831","1990-01-11","F","false","false","usa","spokane","SFF","47.683","-117.322","2023-03-21"
"680424","1974-03-22","F","true","true","usa","new york","LGA","40.777","-73.872","2023-03-21"
"680735","1985-01-11","M","false","false","usa","new york","LGA","40.777","-73.872","2023-03-21"
"681050","1973-09-12","F","false","false","usa","orlando","ORL","28.545","-81.333","2023-03-21"
"681581","1967-05-26","F","false","true","usa","los angeles","LAX","33.942","-118.408","2023-03-21"
"681720","1985-01-25","M","false","true","usa","new york","LGA","40.777","-73.872","2023-03-21"
"682005","1992-11-18","F","false","false","usa","los angeles","LAX","33.942","-118.408","2023-03-22"
"682247","1986-06-17","F","false","false","usa","washington","DCA","38.852","-77.037","2023-03-22"
"683014","1958-10-16","F","false","false","usa","chicago","ORD","41.979","-87.904","2023-03-22"
"683663","1957-11-13","F","true","false","usa","austin","AUS","30.194","-97.67","2023-03-22"
"683976","2001-03-08","F","false","true","usa","los angeles","LAX","33.942","-118.408","2023-03-22"
"683978","1970-05-04","F","true","true","usa","columbus","CMH","39.998","-82.892","2023-03-22"
"684510","1988-02-07","F","false","true","usa","corpus christi","CRP","27.77","-97.501","2023-03-22"
"684521","1992-02-13","F","true","false","usa","oakland","OAK","37.721","-122.221","2023-03-22"
"684543","1979-02-01","F","true","true","usa","madison","MSN","43.14","-89.337","2023-03-22"
"684764","1986-01-20","F","false","false","usa","tulsa","TUL","36.198","-95.888","2023-03-22"
"684806","1996-03-26","F","false","true","usa","dallas","DAL","32.847","-96.852","2023-03-22"
"685594","1953-01-23","F","true","false","usa","boston","BOS","42.364","-71.005","2023-03-23"
"685604","1967-10-22","F","true","false","usa","new york","LGA","40.777","-73.872","2023-03-23"
"685958","2000-04-17","F","false","false","usa","los angeles","LAX","33.942","-118.408","2023-03-23"
"686165","1978-04-23","F","false","false","usa","san diego","SAN","32.733","-117.189","2023-03-23"
"686408","1977-01-03","F","false","false","usa","san antonio","SKF","29.384","-98.581","2023-03-23"
"686445","1983-08-05","F","true","true","usa","portland","PWM","43.646","-70.309","2023-03-23"
"686509","2000-11-24","F","false","true","usa","buffalo","BUF","42.94","-78.732","2023-03-23"
"686915","1991-06-17","F","false","false","usa","houston","IAH","29.98","-95.34","2023-03-23"
"686920","1969-08-22","F","true","false","usa","richmond","RIC","37.505","-77.319","2023-03-23"
"688312","1996-08-05","F","true","false","usa","fort worth","FTW","32.82","-97.362","2023-03-24"
"688600","1989-11-15","F","true","false","usa","orlando","MCO","28.429","-81.316","2023-03-24"
"689037","1986-10-11","F","false","false","usa","new york","JFK","40.64","-73.779","2023-03-24"
"689374","1968-04-12","F","true","true","usa","san jose","SJC","37.362","-121.929","2023-03-24"
"689456","1998-04-22","F","false","false","usa","los angeles","LAX","33.942","-118.408","2023-03-24"
"689624","1995-08-16","F","false","true","canada","toronto","YYZ","43.677","-79.631","2023-03-24"
"689984","2003-04-11","F","false","true","usa","philadelphia","PHL","39.872","-75.241","2023-03-24"
"690420","1968-10-22","F","true","true","usa","st. petersburg","PIE","27.911","-82.687","2023-03-24"
"690422","1979-06-15","F","false","false","usa","new york","LGA","40.777","-73.872","2023-03-24"
"691334","1975-02-24","F","false","true","usa","new york","JFK","40.64","-73.779","2023-03-25"
"691541","2002-02-10","F","false","true","usa","new york","JFK","40.64","-73.779","2023-03-25"
"691546","1977-08-03","F","false","true","usa","portland","PWM","43.646","-70.309","2023-03-25"
"692211","2000-07-12","F","false","false","usa","houston","IAH","29.98","-95.34","2023-03-25"
"692510","1966-06-13","F","true","false","usa","new york","LGA","40.777","-73.872","2023-03-25"
"693301","1950-01-12","F","false","false","usa","el paso","ELP","31.807","-106.378","2023-03-25"
"693729","1995-01-28","F","true","true","usa","dallas","DAL","32.847","-96.852","2023-03-26"
"693765","1977-12-09","F","true","true","usa","new york","LGA","40.777","-73.872","2023-03-26"
"694265","1994-06-18","F","true","true","usa","des moines","DSM","41.534","-93.663","2023-03-26"
"695011","1995-02-22","F","true","false","usa","los angeles","LAX","33.942","-118.408","2023-03-26"
"695094","1982-01-14","F","true","false","usa","san diego","SAN","32.733","-117.189","2023-03-26"
"695132","1975-03-07","F","true","true","usa","san antonio","SAT","29.534","-98.47","2023-03-26"
"695307","1983-09-11","F","true","false","usa","chicago","MDW","41.786","-87.752","2023-03-26"
"695557","1993-04-24","F","false","false","usa","san diego","SAN","32.733","-117.189","2023-03-26"
"696475","1974-11-27","F","false","false","usa","dallas","DAL","32.847","-96.852","2023-03-27"
"697072","1978-12-07","F","false","false","usa","new york","LGA","40.777","-73.872","2023-03-27"
"698291","1996-12-23","F","false","false","usa","corpus christi","CRP","27.77","-97.501","2023-03-27"
"698573","1987-01-27","F","false","false","usa","newark","EWR","40.692","-74.169","2023-03-27"
"699040","1988-07-12","F","false","false","usa","kansas city","MCI","39.297","-94.714","2023-03-28"
"699411","1982-03-25","F","true","false","usa","dallas","DAL","32.847","-96.852","2023-03-28"
"700028","2002-12-08","F","false","false","usa","oklahoma city","TIK","35.415","-97.386","2023-03-28"
"700237","1976-09-24","F","false","false","usa","atlanta","ATL","33.64","-84.427","2023-03-28"
"700289","1953-08-17","F","true","false","usa","new york","JFK","40.64","-73.779","2023-03-28"
"700666","1965-09-15","F","true","true","usa","portland","PDX","45.589","-122.597","2023-03-28"
"701565","1970-12-26","F","true","true","usa","charlotte","CLT","35.214","-80.943","2023-03-29"
"702595","1983-01-18","F","false","true","usa","fort worth","FTW","32.82","-97.362","2023-03-29"
"702877","1994-03-08","F","false","true","usa","phoenix","LUF","33.535","-112.383","2023-03-29"
"703333","1981-06-02","F","false","true","usa","boston","BOS","42.364","-71.005","2023-03-29"
"704652","1974-01-07","F","false","true","usa","new york","JFK","40.64","-73.779","2023-03-30"
"704870","1975-02-10","F","false","false","usa","los angeles","LAX","33.942","-118.408","2023-03-30"
"705215","1992-01-07","F","false","true","canada","hamilton","YHM","43.173","-79.935","2023-03-30"
"705310","1973-07-09","F","true","false","usa","tacoma","TCM","47.138","-122.476","2023-03-30"
"705984","2002-11-25","F","true","true","usa","norfolk","ORF","36.894","-76.201","2023-03-30"
"707260","1978-11-07","F","true","false","usa","cleveland","CLE","41.412","-81.85","2023-03-30"
"707402","1952-07-13","F","true","false","usa","shreveport","SHV","32.446","-93.826","2023-03-31"
"707525","1978-11-08","F","true","true","usa","indianapolis","IND","39.717","-86.294","2023-03-31"
"708887","2001-08-23","F","false","false","usa","rochester","ROC","43.119","-77.672","2023-03-31"
"709630","1978-01-27","F","true","true","usa","austin","AUS","30.194","-97.67","2023-03-31"
"710489","1987-02-07","F","false","false","usa","buffalo","BUF","42.94","-78.732","2023-04-01"
"710523","2006-07-04","F","false","false","canada","london","YXU","43.036","-81.154","2023-04-01"
"711391","1982-05-24","F","false","true","usa","portland","PDX","45.589","-122.597","2023-04-01"
"713557","1965-10-22","F","true","false","usa","minneapolis","MSP","44.88","-93.217","2023-04-02"
"714166","1984-09-14","F","true","false","usa","norfolk","NGU","36.938","-76.289","2023-04-02"
"714420","1981-06-11","F","true","true","usa","nashville","BNA","36.124","-86.678","2023-04-02"
"714504","1977-12-18","F","false","false","usa","san antonio","SAT","29.534","-98.47","2023-04-02"
"714565","1985-06-26","F","false","false","usa","louisville","LOU","38.228","-85.664","2023-04-02"
"715059","1982-10-01","F","false","false","usa","houston","IAH","29.98","-95.34","2023-04-02"
"716337","1988-01-24","F","true","false","usa","indianapolis","IND","39.717","-86.294","2023-04-03"
"716801","1956-09-10","F","true","false","usa","sacramento","SAC","38.513","-121.493","2023-04-03"
"717149","1992-08-23","F","true","false","canada","ottawa","YOW","45.323","-75.669","2023-04-03"
"717546","1958-01-23","F","true","false","usa","new orleans","NBG","29.825","-90.035","2023-04-03"
"720819","1983-07-18","F","true","false","canada","calgary","YYC","51.114","-114.02","2023-04-04"
"720860","1986-03-17","F","false","true","usa","long beach","LGB","33.818","-118.151","2023-04-04"
"721496","1973-12-10","F","true","true","usa","chicago","MDW","41.786","-87.752","2023-04-05"
"721552","2003-06-09","F","false","true","usa","new york","JFK","40.64","-73.779","2023-04-05"
"721570","1980-03-02","F","false","false","usa","newark","EWR","40.692","-74.169","2023-04-05"
"722828","1991-07-24","F","true","true","usa","atlanta","ATL","33.64","-84.427","2023-04-05"
"722939","1980-07-01","F","false","true","usa","fresno","FAT","36.776","-119.718","2023-04-05"
"724581","1985-08-16","F","true","false","usa","phoenix","PHX","33.434","-112.008","2023-04-06"
"725357","1978-10-06","F","true","false","usa","cincinnati","CVG","39.046","-84.662","2023-04-06"
"726953","1972-12-08","F","false","false","usa","phoenix","PHX","33.434","-112.008","2023-04-07"
"727886","1978-04-20","F","true","false","usa","san francisco","SFO","37.619","-122.375","2023-04-07"
"728820","1985-07-15","M","false","true","usa","houston","HOU","29.645","-95.279","2023-04-07"
"730639","1971-03-24","F","false","false","usa","milwaukee","MKE","42.947","-87.896","2023-04-08"
"732729","1982-01-22","F","false","true","usa","columbus","CMH","39.998","-82.892","2023-04-09"
"733654","1956-05-26","F","true","false","usa","portland","PWM","43.646","-70.309","2023-04-09"
"734565","1966-02-08","F","true","false","usa","honolulu","HNL","21.316","-157.927","2023-04-09"
"735029","1978-02-28","F","false","false","usa","new york","LGA","40.777","-73.872","2023-04-09"
"736075","1997-01-15","F","false","false","canada","toronto","YTZ","43.627","-79.396","2023-04-10"
"736833","1980-09-19","F","true","true","usa","richmond","RIC","37.505","-77.319","2023-04-10"
"739139","2001-07-06","F","false","false","usa","birmingham","BHM","33.563","-86.753","2023-04-11"
"739518","1984-01-07","F","false","false","usa","new york","LGA","40.777","-73.872","2023-04-11"
"739734","1972-02-01","F","false","false","usa","los angeles","LAX","33.942","-118.408","2023-04-11"
"741190","2003-04-24","F","false","true","canada","toronto","YTZ","43.627","-79.396","2023-04-12"
"741773","1984-11-01","F","true","true","usa","minneapolis","MSP","44.88","-93.217","2023-04-12"
"741902","1976-09-05","F","true","true","canada","halifax","YAW","44.64","-63.499","2023-04-12"
"742639","1971-04-13","F","true","true","usa","oklahoma city","TIK","35.415","-97.386","2023-04-12"
"743151","1990-08-24","F","false","true","usa","seattle","BFI","47.53","-122.302","2023-04-12"
"745292","1968-11-25","M","false","false","canada","windsor","YQG","42.276","-82.956","2023-04-13"
"746934","1999-09-18","F","false","false","usa","baltimore","BWI","39.175","-76.668","2023-04-14"
"748759","1998-04-19","F","false","false","usa","amarillo","AMA","35.219","-101.706","2023-04-14"
"750982","1972-12-28","F","false","false","usa","new york","JFK","40.64","-73.779","2023-04-15"
"751545","1975-11-04","F","true","true","usa","phoenix","LUF","33.535","-112.383","2023-04-15"
"752933","1955-11-09","F","true","false","usa","fresno","FAT","36.776","-119.718","2023-04-16"
"756030","1988-06-16","F","false","true","usa","tucson","DMA","32.166","-110.883","2023-04-17"
"756434","1982-01-24","F","false","true","usa","omaha","OFF","41.118","-95.913","2023-04-17"
"757930","1978-03-24","F","false","false","usa","las vegas","LAS","36.08","-115.152","2023-04-17"
"760304","1986-09-21","F","false","false","usa","tulsa","TUL","36.198","-95.888","2023-04-18"
"760793","1983-03-20","F","true","false","usa","modesto","MOD","37.626","-120.954","2023-04-18"
"763129","1969-04-09","F","false","false","usa","tulsa","TUL","36.198","-95.888","2023-04-19"
"763792","1978-11-02","F","true","false","canada","edmonton","YED","53.667","-113.467","2023-04-19"
"765745","1958-07-10","F","true","false","usa","san francisco","SFO","37.619","-122.375","2023-04-20"
"767426","1987-04-27","F","true","true","usa","fayetteville","FYV","36.005","-94.17","2023-04-21"
"768291","1963-07-26","F","false","true","usa","dallas","DAL","32.847","-96.852","2023-04-21"
"770252","1998-12-12","F","false","false","usa","oakland","OAK","37.721","-122.221","2023-04-22"
"774666","1978-11-21","F","true","false","usa","minneapolis","MSP","44.88","-93.217","2023-04-23"
"777366","1975-07-02","F","false","false","usa","new york","JFK","40.64","-73.779","2023-04-24"
"777846","1979-05-07","F","true","true","usa","new york","JFK","40.64","-73.779","2023-04-24"
"780167","1974-06-08","F","true","true","usa","los angeles","LAX","33.942","-118.408","2023-04-25"
"785107","1977-07-28","F","false","false","usa","portland","PDX","45.589","-122.597","2023-04-27"
"785186","1979-06-03","F","true","true","usa","little rock","LIT","34.729","-92.224","2023-04-27"
"792549","1978-01-25","F","false","false","usa","kansas city","MCI","39.297","-94.714","2023-04-30"
"796032","1972-12-28","F","true","false","canada","winnipeg","YAV","50.056","-97.032","2023-05-01"
"801660","1969-11-02","F","true","true","canada","toronto","YKZ","43.862","-79.37","2023-05-03"
"811077","1979-02-22","F","true","true","usa","knoxville","TYS","35.812","-83.993","2023-05-06"
"844489","2000-05-09","M","false","true","usa","el paso","BIF","31.849","-106.38","2023-05-18"